case_id,activity,timestamp,lifecycle,resource,priority,decision,decision_time,activity_priority,system_time
Chamadas_0,Arrival,0.0,complete,,0.0,,,,
Chamadas_0,DecideTronco_Atender,0.0,complete,,,Atender,0.0,,
Chamadas_0,Atendimento,0.0,start,Troncos,0.0,,,,
Chamadas_0,Atendimento,0.227906286742828,complete,Troncos,0.0,,,,
Chamadas_0,Discharge,0.227906286742828,complete,,,,,,0.227906286742828
Chamadas_1,Arrival,0.003585626226019517,complete,,0.0,,,,
Chamadas_1,DecideTronco_Atender,0.003585626226019517,complete,,,Atender,0.003585626226019517,,
Chamadas_1,Atendimento,0.003585626226019517,start,Troncos,0.0,,,,
Chamadas_1,Atendimento,0.8111118364297829,complete,Troncos,0.0,,,,
Chamadas_1,Discharge,0.8111118364297829,complete,,,,,,0.8075262102037634
Chamadas_10,Arrival,0.5460800192590536,complete,,0.0,,,,
Chamadas_10,DecideTronco_Atender,0.5460800192590536,complete,,,Atender,0.5460800192590536,,
Chamadas_10,Atendimento,0.5460800192590536,start,Troncos,0.0,,,,
Chamadas_10,Atendimento,0.946558057680214,complete,Troncos,0.0,,,,
Chamadas_10,Discharge,0.946558057680214,complete,,,,,,0.40047803842116036
Chamadas_100,Arrival,5.848113931868988,complete,,0.0,,,,
Chamadas_100,DecideTronco_Atender,5.848113931868988,complete,,,Atender,5.848113931868988,,
Chamadas_100,Atendimento,5.848113931868988,start,Troncos,0.0,,,,
Chamadas_100,Atendimento,9.038910187133292,complete,Troncos,0.0,,,,
Chamadas_100,Discharge,9.038910187133292,complete,,,,,,3.1907962552643037
Chamadas_101,Arrival,5.855035199985032,complete,,0.0,,,,
Chamadas_101,DecideTronco_Perdida,5.855035199985032,complete,,,Perdida,5.855035199985032,,
Chamadas_101,Discharge,5.855035199985032,complete,,,,,,0.0
Chamadas_102,Arrival,5.998046773124595,complete,,0.0,,,,
Chamadas_102,DecideTronco_Atender,5.998046773124595,complete,,,Atender,5.998046773124595,,
Chamadas_102,Atendimento,5.998046773124595,start,Troncos,0.0,,,,
Chamadas_102,Atendimento,6.217526208216904,complete,Troncos,0.0,,,,
Chamadas_102,Discharge,6.217526208216904,complete,,,,,,0.2194794350923086
Chamadas_103,Arrival,6.069547672444231,complete,,0.0,,,,
Chamadas_103,DecideTronco_Atender,6.069547672444231,complete,,,Atender,6.069547672444231,,
Chamadas_103,Atendimento,6.069547672444231,start,Troncos,0.0,,,,
Chamadas_103,Atendimento,7.822387188012169,complete,Troncos,0.0,,,,
Chamadas_103,Discharge,7.822387188012169,complete,,,,,,1.7528395155679384
Chamadas_104,Arrival,6.177815346000341,complete,,0.0,,,,
Chamadas_104,DecideTronco_Perdida,6.177815346000341,complete,,,Perdida,6.177815346000341,,
Chamadas_104,Discharge,6.177815346000341,complete,,,,,,0.0
Chamadas_105,Arrival,6.208068743169073,complete,,0.0,,,,
Chamadas_105,DecideTronco_Perdida,6.208068743169073,complete,,,Perdida,6.208068743169073,,
Chamadas_105,Discharge,6.208068743169073,complete,,,,,,0.0
Chamadas_106,Arrival,6.228430764697423,complete,,0.0,,,,
Chamadas_106,DecideTronco_Atender,6.228430764697423,complete,,,Atender,6.228430764697423,,
Chamadas_106,Atendimento,6.228430764697423,start,Troncos,0.0,,,,
Chamadas_106,Atendimento,11.40999664160071,complete,Troncos,0.0,,,,
Chamadas_106,Discharge,11.40999664160071,complete,,,,,,5.181565876903287
Chamadas_107,Arrival,6.3005119639505445,complete,,0.0,,,,
Chamadas_107,DecideTronco_Atender,6.3005119639505445,complete,,,Atender,6.3005119639505445,,
Chamadas_107,Atendimento,6.3005119639505445,start,Troncos,0.0,,,,
Chamadas_107,Atendimento,8.430361314133172,complete,Troncos,0.0,,,,
Chamadas_107,Discharge,8.430361314133172,complete,,,,,,2.129849350182628
Chamadas_108,Arrival,6.492122656316974,complete,,0.0,,,,
Chamadas_108,DecideTronco_Atender,6.492122656316974,complete,,,Atender,6.492122656316974,,
Chamadas_108,Atendimento,6.492122656316974,start,Troncos,0.0,,,,
Chamadas_108,Atendimento,7.74459189307629,complete,Troncos,0.0,,,,
Chamadas_108,Discharge,7.74459189307629,complete,,,,,,1.2524692367593158
Chamadas_109,Arrival,6.535640959588626,complete,,0.0,,,,
Chamadas_109,DecideTronco_Atender,6.535640959588626,complete,,,Atender,6.535640959588626,,
Chamadas_109,Atendimento,6.535640959588626,start,Troncos,0.0,,,,
Chamadas_109,Atendimento,8.189794582506158,complete,Troncos,0.0,,,,
Chamadas_109,Discharge,8.189794582506158,complete,,,,,,1.6541536229175318
Chamadas_11,Arrival,0.5773625881205575,complete,,0.0,,,,
Chamadas_11,DecideTronco_Atender,0.5773625881205575,complete,,,Atender,0.5773625881205575,,
Chamadas_11,Atendimento,0.5773625881205575,start,Troncos,0.0,,,,
Chamadas_11,Atendimento,0.9503275213010909,complete,Troncos,0.0,,,,
Chamadas_11,Discharge,0.9503275213010909,complete,,,,,,0.37296493318053336
Chamadas_110,Arrival,6.605228483400218,complete,,0.0,,,,
Chamadas_110,DecideTronco_Atender,6.605228483400218,complete,,,Atender,6.605228483400218,,
Chamadas_110,Atendimento,6.605228483400218,start,Troncos,0.0,,,,
Chamadas_110,Atendimento,7.537097851062383,complete,Troncos,0.0,,,,
Chamadas_110,Discharge,7.537097851062383,complete,,,,,,0.9318693676621654
Chamadas_111,Arrival,6.636550754669019,complete,,0.0,,,,
Chamadas_111,DecideTronco_Atender,6.636550754669019,complete,,,Atender,6.636550754669019,,
Chamadas_111,Atendimento,6.636550754669019,start,Troncos,0.0,,,,
Chamadas_111,Atendimento,8.342327578091178,complete,Troncos,0.0,,,,
Chamadas_111,Discharge,8.342327578091178,complete,,,,,,1.705776823422159
Chamadas_112,Arrival,6.643925422199049,complete,,0.0,,,,
Chamadas_112,DecideTronco_Atender,6.643925422199049,complete,,,Atender,6.643925422199049,,
Chamadas_112,Atendimento,6.643925422199049,start,Troncos,0.0,,,,
Chamadas_112,Atendimento,9.527862791781958,complete,Troncos,0.0,,,,
Chamadas_112,Discharge,9.527862791781958,complete,,,,,,2.8839373695829087
Chamadas_113,Arrival,6.890658735620112,complete,,0.0,,,,
Chamadas_113,DecideTronco_Atender,6.890658735620112,complete,,,Atender,6.890658735620112,,
Chamadas_113,Atendimento,6.890658735620112,start,Troncos,0.0,,,,
Chamadas_113,Atendimento,7.707341158634366,complete,Troncos,0.0,,,,
Chamadas_113,Discharge,7.707341158634366,complete,,,,,,0.816682423014254
Chamadas_114,Arrival,6.908232937261017,complete,,0.0,,,,
Chamadas_114,DecideTronco_Perdida,6.908232937261017,complete,,,Perdida,6.908232937261017,,
Chamadas_114,Discharge,6.908232937261017,complete,,,,,,0.0
Chamadas_115,Arrival,7.0933683829636225,complete,,0.0,,,,
Chamadas_115,DecideTronco_Perdida,7.0933683829636225,complete,,,Perdida,7.0933683829636225,,
Chamadas_115,Discharge,7.0933683829636225,complete,,,,,,0.0
Chamadas_116,Arrival,7.12925484715753,complete,,0.0,,,,
Chamadas_116,DecideTronco_Perdida,7.12925484715753,complete,,,Perdida,7.12925484715753,,
Chamadas_116,Discharge,7.12925484715753,complete,,,,,,0.0
Chamadas_117,Arrival,7.225355231420953,complete,,0.0,,,,
Chamadas_117,DecideTronco_Atender,7.225355231420953,complete,,,Atender,7.225355231420953,,
Chamadas_117,Atendimento,7.225355231420953,start,Troncos,0.0,,,,
Chamadas_117,Atendimento,9.573246729687927,complete,Troncos,0.0,,,,
Chamadas_117,Discharge,9.573246729687927,complete,,,,,,2.347891498266974
Chamadas_118,Arrival,7.243238091102175,complete,,0.0,,,,
Chamadas_118,DecideTronco_Perdida,7.243238091102175,complete,,,Perdida,7.243238091102175,,
Chamadas_118,Discharge,7.243238091102175,complete,,,,,,0.0
Chamadas_119,Arrival,7.326033940645234,complete,,0.0,,,,
Chamadas_119,DecideTronco_Perdida,7.326033940645234,complete,,,Perdida,7.326033940645234,,
Chamadas_119,Discharge,7.326033940645234,complete,,,,,,0.0
Chamadas_12,Arrival,0.6917529592441716,complete,,0.0,,,,
Chamadas_12,DecideTronco_Atender,0.6917529592441716,complete,,,Atender,0.6917529592441716,,
Chamadas_12,Atendimento,0.6917529592441716,start,Troncos,0.0,,,,
Chamadas_12,Atendimento,1.9121871246588922,complete,Troncos,0.0,,,,
Chamadas_12,Discharge,1.9121871246588922,complete,,,,,,1.2204341654147206
Chamadas_120,Arrival,7.506531677284962,complete,,0.0,,,,
Chamadas_120,DecideTronco_Atender,7.506531677284962,complete,,,Atender,7.506531677284962,,
Chamadas_120,Atendimento,7.506531677284962,start,Troncos,0.0,,,,
Chamadas_120,Atendimento,15.650523088135824,complete,Troncos,0.0,,,,
Chamadas_120,Discharge,15.650523088135824,complete,,,,,,8.143991410850862
Chamadas_121,Arrival,7.525623849108274,complete,,0.0,,,,
Chamadas_121,DecideTronco_Atender,7.525623849108274,complete,,,Atender,7.525623849108274,,
Chamadas_121,Atendimento,7.525623849108274,start,Troncos,0.0,,,,
Chamadas_121,Atendimento,8.387749978945916,complete,Troncos,0.0,,,,
Chamadas_121,Discharge,8.387749978945916,complete,,,,,,0.8621261298376419
Chamadas_122,Arrival,7.571851442259569,complete,,0.0,,,,
Chamadas_122,DecideTronco_Atender,7.571851442259569,complete,,,Atender,7.571851442259569,,
Chamadas_122,Atendimento,7.571851442259569,start,Troncos,0.0,,,,
Chamadas_122,Atendimento,9.603351040523044,complete,Troncos,0.0,,,,
Chamadas_122,Discharge,9.603351040523044,complete,,,,,,2.0314995982634754
Chamadas_123,Arrival,7.697731502715064,complete,,0.0,,,,
Chamadas_123,DecideTronco_Atender,7.697731502715064,complete,,,Atender,7.697731502715064,,
Chamadas_123,Atendimento,7.697731502715064,start,Troncos,0.0,,,,
Chamadas_123,Atendimento,14.752987829625342,complete,Troncos,0.0,,,,
Chamadas_123,Discharge,14.752987829625342,complete,,,,,,7.0552563269102775
Chamadas_124,Arrival,7.935673295380297,complete,,0.0,,,,
Chamadas_124,DecideTronco_Atender,7.935673295380297,complete,,,Atender,7.935673295380297,,
Chamadas_124,Atendimento,7.935673295380297,start,Troncos,0.0,,,,
Chamadas_124,Atendimento,11.57509096446951,complete,Troncos,0.0,,,,
Chamadas_124,Discharge,11.57509096446951,complete,,,,,,3.6394176690892133
Chamadas_125,Arrival,8.04841711292098,complete,,0.0,,,,
Chamadas_125,DecideTronco_Atender,8.04841711292098,complete,,,Atender,8.04841711292098,,
Chamadas_125,Atendimento,8.04841711292098,start,Troncos,0.0,,,,
Chamadas_125,Atendimento,14.227756973209218,complete,Troncos,0.0,,,,
Chamadas_125,Discharge,14.227756973209218,complete,,,,,,6.179339860288238
Chamadas_126,Arrival,8.076950485975436,complete,,0.0,,,,
Chamadas_126,DecideTronco_Atender,8.076950485975436,complete,,,Atender,8.076950485975436,,
Chamadas_126,Atendimento,8.076950485975436,start,Troncos,0.0,,,,
Chamadas_126,Atendimento,8.537857865788352,complete,Troncos,0.0,,,,
Chamadas_126,Discharge,8.537857865788352,complete,,,,,,0.46090737981291596
Chamadas_127,Arrival,8.106335278990612,complete,,0.0,,,,
Chamadas_127,DecideTronco_Atender,8.106335278990612,complete,,,Atender,8.106335278990612,,
Chamadas_127,Atendimento,8.106335278990612,start,Troncos,0.0,,,,
Chamadas_127,Atendimento,9.197289470898227,complete,Troncos,0.0,,,,
Chamadas_127,Discharge,9.197289470898227,complete,,,,,,1.0909541919076151
Chamadas_128,Arrival,8.357166629443768,complete,,0.0,,,,
Chamadas_128,DecideTronco_Atender,8.357166629443768,complete,,,Atender,8.357166629443768,,
Chamadas_128,Atendimento,8.357166629443768,start,Troncos,0.0,,,,
Chamadas_128,Atendimento,9.36526080533087,complete,Troncos,0.0,,,,
Chamadas_128,Discharge,9.36526080533087,complete,,,,,,1.008094175887102
Chamadas_129,Arrival,8.383774618138302,complete,,0.0,,,,
Chamadas_129,DecideTronco_Atender,8.383774618138302,complete,,,Atender,8.383774618138302,,
Chamadas_129,Atendimento,8.383774618138302,start,Troncos,0.0,,,,
Chamadas_129,Atendimento,8.978322699261508,complete,Troncos,0.0,,,,
Chamadas_129,Discharge,8.978322699261508,complete,,,,,,0.5945480811232056
Chamadas_13,Arrival,0.7191432146051686,complete,,0.0,,,,
Chamadas_13,DecideTronco_Atender,0.7191432146051686,complete,,,Atender,0.7191432146051686,,
Chamadas_13,Atendimento,0.7191432146051686,start,Troncos,0.0,,,,
Chamadas_13,Atendimento,0.9037187671842909,complete,Troncos,0.0,,,,
Chamadas_13,Discharge,0.9037187671842909,complete,,,,,,0.18457555257912228
Chamadas_130,Arrival,8.413430777461562,complete,,0.0,,,,
Chamadas_130,DecideTronco_Atender,8.413430777461562,complete,,,Atender,8.413430777461562,,
Chamadas_130,Atendimento,8.413430777461562,start,Troncos,0.0,,,,
Chamadas_130,Atendimento,10.486434664435825,complete,Troncos,0.0,,,,
Chamadas_130,Discharge,10.486434664435825,complete,,,,,,2.073003886974263
Chamadas_131,Arrival,8.427480595599896,complete,,0.0,,,,
Chamadas_131,DecideTronco_Atender,8.427480595599896,complete,,,Atender,8.427480595599896,,
Chamadas_131,Atendimento,8.427480595599896,start,Troncos,0.0,,,,
Chamadas_131,Atendimento,9.61364027970298,complete,Troncos,0.0,,,,
Chamadas_131,Discharge,9.61364027970298,complete,,,,,,1.1861596841030835
Chamadas_132,Arrival,8.597088145655281,complete,,0.0,,,,
Chamadas_132,DecideTronco_Atender,8.597088145655281,complete,,,Atender,8.597088145655281,,
Chamadas_132,Atendimento,8.597088145655281,start,Troncos,0.0,,,,
Chamadas_132,Atendimento,9.514125303394598,complete,Troncos,0.0,,,,
Chamadas_132,Discharge,9.514125303394598,complete,,,,,,0.9170371577393173
Chamadas_133,Arrival,8.630323671988966,complete,,0.0,,,,
Chamadas_133,DecideTronco_Atender,8.630323671988966,complete,,,Atender,8.630323671988966,,
Chamadas_133,Atendimento,8.630323671988966,start,Troncos,0.0,,,,
Chamadas_133,Atendimento,9.805711102135021,complete,Troncos,0.0,,,,
Chamadas_133,Discharge,9.805711102135021,complete,,,,,,1.1753874301460545
Chamadas_134,Arrival,8.634669454101243,complete,,0.0,,,,
Chamadas_134,DecideTronco_Atender,8.634669454101243,complete,,,Atender,8.634669454101243,,
Chamadas_134,Atendimento,8.634669454101243,start,Troncos,0.0,,,,
Chamadas_134,Atendimento,9.311226333070257,complete,Troncos,0.0,,,,
Chamadas_134,Discharge,9.311226333070257,complete,,,,,,0.6765568789690146
Chamadas_135,Arrival,8.68089090031274,complete,,0.0,,,,
Chamadas_135,DecideTronco_Atender,8.68089090031274,complete,,,Atender,8.68089090031274,,
Chamadas_135,Atendimento,8.68089090031274,start,Troncos,0.0,,,,
Chamadas_135,Atendimento,9.575649624369092,complete,Troncos,0.0,,,,
Chamadas_135,Discharge,9.575649624369092,complete,,,,,,0.8947587240563522
Chamadas_136,Arrival,8.761809621983305,complete,,0.0,,,,
Chamadas_136,DecideTronco_Atender,8.761809621983305,complete,,,Atender,8.761809621983305,,
Chamadas_136,Atendimento,8.761809621983305,start,Troncos,0.0,,,,
Chamadas_136,Atendimento,12.406772411657563,complete,Troncos,0.0,,,,
Chamadas_136,Discharge,12.406772411657563,complete,,,,,,3.644962789674258
Chamadas_137,Arrival,8.812770526203218,complete,,0.0,,,,
Chamadas_137,DecideTronco_Atender,8.812770526203218,complete,,,Atender,8.812770526203218,,
Chamadas_137,Atendimento,8.812770526203218,start,Troncos,0.0,,,,
Chamadas_137,Atendimento,11.81000306408396,complete,Troncos,0.0,,,,
Chamadas_137,Discharge,11.81000306408396,complete,,,,,,2.997232537880741
Chamadas_138,Arrival,8.855837759677708,complete,,0.0,,,,
Chamadas_138,DecideTronco_Atender,8.855837759677708,complete,,,Atender,8.855837759677708,,
Chamadas_138,Atendimento,8.855837759677708,start,Troncos,0.0,,,,
Chamadas_138,Atendimento,10.825205286552197,complete,Troncos,0.0,,,,
Chamadas_138,Discharge,10.825205286552197,complete,,,,,,1.969367526874489
Chamadas_139,Arrival,8.870454976593745,complete,,0.0,,,,
Chamadas_139,DecideTronco_Atender,8.870454976593745,complete,,,Atender,8.870454976593745,,
Chamadas_139,Atendimento,8.870454976593745,start,Troncos,0.0,,,,
Chamadas_139,Atendimento,9.87106155018796,complete,Troncos,0.0,,,,
Chamadas_139,Discharge,9.87106155018796,complete,,,,,,1.0006065735942151
Chamadas_14,Arrival,0.7759009473527023,complete,,0.0,,,,
Chamadas_14,DecideTronco_Atender,0.7759009473527023,complete,,,Atender,0.7759009473527023,,
Chamadas_14,Atendimento,0.7759009473527023,start,Troncos,0.0,,,,
Chamadas_14,Atendimento,1.2963713999584798,complete,Troncos,0.0,,,,
Chamadas_14,Discharge,1.2963713999584798,complete,,,,,,0.5204704526057775
Chamadas_140,Arrival,8.908677343029296,complete,,0.0,,,,
Chamadas_140,DecideTronco_Atender,8.908677343029296,complete,,,Atender,8.908677343029296,,
Chamadas_140,Atendimento,8.908677343029296,start,Troncos,0.0,,,,
Chamadas_140,Atendimento,10.567990551294297,complete,Troncos,0.0,,,,
Chamadas_140,Discharge,10.567990551294297,complete,,,,,,1.6593132082650008
Chamadas_141,Arrival,9.045489044391564,complete,,0.0,,,,
Chamadas_141,DecideTronco_Atender,9.045489044391564,complete,,,Atender,9.045489044391564,,
Chamadas_141,Atendimento,9.045489044391564,start,Troncos,0.0,,,,
Chamadas_141,Atendimento,9.430155950356626,complete,Troncos,0.0,,,,
Chamadas_141,Discharge,9.430155950356626,complete,,,,,,0.38466690596506226
Chamadas_142,Arrival,9.108179937121125,complete,,0.0,,,,
Chamadas_142,DecideTronco_Atender,9.108179937121125,complete,,,Atender,9.108179937121125,,
Chamadas_142,Atendimento,9.108179937121125,start,Troncos,0.0,,,,
Chamadas_142,Atendimento,11.775553069507401,complete,Troncos,0.0,,,,
Chamadas_142,Discharge,11.775553069507401,complete,,,,,,2.6673731323862757
Chamadas_143,Arrival,9.157149016841554,complete,,0.0,,,,
Chamadas_143,DecideTronco_Atender,9.157149016841554,complete,,,Atender,9.157149016841554,,
Chamadas_143,Atendimento,9.157149016841554,start,Troncos,0.0,,,,
Chamadas_143,Atendimento,10.411080730439146,complete,Troncos,0.0,,,,
Chamadas_143,Discharge,10.411080730439146,complete,,,,,,1.2539317135975914
Chamadas_144,Arrival,9.162918033593218,complete,,0.0,,,,
Chamadas_144,DecideTronco_Atender,9.162918033593218,complete,,,Atender,9.162918033593218,,
Chamadas_144,Atendimento,9.162918033593218,start,Troncos,0.0,,,,
Chamadas_144,Atendimento,15.848152050145076,complete,Troncos,0.0,,,,
Chamadas_144,Discharge,15.848152050145076,complete,,,,,,6.685234016551858
Chamadas_145,Arrival,9.17519845513611,complete,,0.0,,,,
Chamadas_145,DecideTronco_Atender,9.17519845513611,complete,,,Atender,9.17519845513611,,
Chamadas_145,Atendimento,9.17519845513611,start,Troncos,0.0,,,,
Chamadas_145,Atendimento,9.799767629766784,complete,Troncos,0.0,,,,
Chamadas_145,Discharge,9.799767629766784,complete,,,,,,0.6245691746306736
Chamadas_146,Arrival,9.281956859836225,complete,,0.0,,,,
Chamadas_146,DecideTronco_Atender,9.281956859836225,complete,,,Atender,9.281956859836225,,
Chamadas_146,Atendimento,9.281956859836225,start,Troncos,0.0,,,,
Chamadas_146,Atendimento,13.321035455453025,complete,Troncos,0.0,,,,
Chamadas_146,Discharge,13.321035455453025,complete,,,,,,4.0390785956168
Chamadas_147,Arrival,9.305421970122147,complete,,0.0,,,,
Chamadas_147,DecideTronco_Perdida,9.305421970122147,complete,,,Perdida,9.305421970122147,,
Chamadas_147,Discharge,9.305421970122147,complete,,,,,,0.0
Chamadas_148,Arrival,9.482193346739319,complete,,0.0,,,,
Chamadas_148,DecideTronco_Atender,9.482193346739319,complete,,,Atender,9.482193346739319,,
Chamadas_148,Atendimento,9.482193346739319,start,Troncos,0.0,,,,
Chamadas_148,Atendimento,9.656732427704805,complete,Troncos,0.0,,,,
Chamadas_148,Discharge,9.656732427704805,complete,,,,,,0.1745390809654861
Chamadas_149,Arrival,9.484881016658674,complete,,0.0,,,,
Chamadas_149,DecideTronco_Atender,9.484881016658674,complete,,,Atender,9.484881016658674,,
Chamadas_149,Atendimento,9.484881016658674,start,Troncos,0.0,,,,
Chamadas_149,Atendimento,11.109921591772055,complete,Troncos,0.0,,,,
Chamadas_149,Discharge,11.109921591772055,complete,,,,,,1.6250405751133812
Chamadas_15,Arrival,0.8418819703475716,complete,,0.0,,,,
Chamadas_15,DecideTronco_Atender,0.8418819703475716,complete,,,Atender,0.8418819703475716,,
Chamadas_15,Atendimento,0.8418819703475716,start,Troncos,0.0,,,,
Chamadas_15,Atendimento,7.49364470624724,complete,Troncos,0.0,,,,
Chamadas_15,Discharge,7.49364470624724,complete,,,,,,6.651762735899668
Chamadas_150,Arrival,9.647508697897905,complete,,0.0,,,,
Chamadas_150,DecideTronco_Atender,9.647508697897905,complete,,,Atender,9.647508697897905,,
Chamadas_150,Atendimento,9.647508697897905,start,Troncos,0.0,,,,
Chamadas_150,Atendimento,14.564258073868123,complete,Troncos,0.0,,,,
Chamadas_150,Discharge,14.564258073868123,complete,,,,,,4.916749375970218
Chamadas_151,Arrival,9.672334572114504,complete,,0.0,,,,
Chamadas_151,DecideTronco_Atender,9.672334572114504,complete,,,Atender,9.672334572114504,,
Chamadas_151,Atendimento,9.672334572114504,start,Troncos,0.0,,,,
Chamadas_151,Atendimento,18.757446723787755,complete,Troncos,0.0,,,,
Chamadas_151,Discharge,18.757446723787755,complete,,,,,,9.08511215167325
Chamadas_152,Arrival,9.763174918357327,complete,,0.0,,,,
Chamadas_152,DecideTronco_Atender,9.763174918357327,complete,,,Atender,9.763174918357327,,
Chamadas_152,Atendimento,9.763174918357327,start,Troncos,0.0,,,,
Chamadas_152,Atendimento,14.29296325637095,complete,Troncos,0.0,,,,
Chamadas_152,Discharge,14.29296325637095,complete,,,,,,4.529788338013622
Chamadas_153,Arrival,9.777830003255067,complete,,0.0,,,,
Chamadas_153,DecideTronco_Atender,9.777830003255067,complete,,,Atender,9.777830003255067,,
Chamadas_153,Atendimento,9.777830003255067,start,Troncos,0.0,,,,
Chamadas_153,Atendimento,9.81072083144853,complete,Troncos,0.0,,,,
Chamadas_153,Discharge,9.81072083144853,complete,,,,,,0.03289082819346234
Chamadas_154,Arrival,9.786253971842177,complete,,0.0,,,,
Chamadas_154,DecideTronco_Atender,9.786253971842177,complete,,,Atender,9.786253971842177,,
Chamadas_154,Atendimento,9.786253971842177,start,Troncos,0.0,,,,
Chamadas_154,Atendimento,10.312368948931411,complete,Troncos,0.0,,,,
Chamadas_154,Discharge,10.312368948931411,complete,,,,,,0.5261149770892342
Chamadas_155,Arrival,9.870883460290257,complete,,0.0,,,,
Chamadas_155,DecideTronco_Atender,9.870883460290257,complete,,,Atender,9.870883460290257,,
Chamadas_155,Atendimento,9.870883460290257,start,Troncos,0.0,,,,
Chamadas_155,Atendimento,16.596627194440195,complete,Troncos,0.0,,,,
Chamadas_155,Discharge,16.596627194440195,complete,,,,,,6.725743734149939
Chamadas_156,Arrival,9.891704735634704,complete,,0.0,,,,
Chamadas_156,DecideTronco_Atender,9.891704735634704,complete,,,Atender,9.891704735634704,,
Chamadas_156,Atendimento,9.891704735634704,start,Troncos,0.0,,,,
Chamadas_156,Atendimento,11.330426579812475,complete,Troncos,0.0,,,,
Chamadas_156,Discharge,11.330426579812475,complete,,,,,,1.4387218441777705
Chamadas_157,Arrival,9.892297443961606,complete,,0.0,,,,
Chamadas_157,DecideTronco_Atender,9.892297443961606,complete,,,Atender,9.892297443961606,,
Chamadas_157,Atendimento,9.892297443961606,start,Troncos,0.0,,,,
Chamadas_157,Atendimento,11.29770883363667,complete,Troncos,0.0,,,,
Chamadas_157,Discharge,11.29770883363667,complete,,,,,,1.4054113896750628
Chamadas_158,Arrival,10.144131816814518,complete,,0.0,,,,
Chamadas_158,DecideTronco_Atender,10.144131816814518,complete,,,Atender,10.144131816814518,,
Chamadas_158,Atendimento,10.144131816814518,start,Troncos,0.0,,,,
Chamadas_158,Atendimento,10.957488387941874,complete,Troncos,0.0,,,,
Chamadas_158,Discharge,10.957488387941874,complete,,,,,,0.8133565711273558
Chamadas_159,Arrival,10.23945775584871,complete,,0.0,,,,
Chamadas_159,DecideTronco_Atender,10.23945775584871,complete,,,Atender,10.23945775584871,,
Chamadas_159,Atendimento,10.23945775584871,start,Troncos,0.0,,,,
Chamadas_159,Atendimento,10.959686248616249,complete,Troncos,0.0,,,,
Chamadas_159,Discharge,10.959686248616249,complete,,,,,,0.7202284927675393
Chamadas_16,Arrival,1.0017874063629435,complete,,0.0,,,,
Chamadas_16,DecideTronco_Atender,1.0017874063629435,complete,,,Atender,1.0017874063629435,,
Chamadas_16,Atendimento,1.0017874063629435,start,Troncos,0.0,,,,
Chamadas_16,Atendimento,1.8696632759218281,complete,Troncos,0.0,,,,
Chamadas_16,Discharge,1.8696632759218281,complete,,,,,,0.8678758695588846
Chamadas_160,Arrival,10.27823777177685,complete,,0.0,,,,
Chamadas_160,DecideTronco_Atender,10.27823777177685,complete,,,Atender,10.27823777177685,,
Chamadas_160,Atendimento,10.27823777177685,start,Troncos,0.0,,,,
Chamadas_160,Atendimento,14.08774571744706,complete,Troncos,0.0,,,,
Chamadas_160,Discharge,14.08774571744706,complete,,,,,,3.8095079456702106
Chamadas_161,Arrival,10.35774508889948,complete,,0.0,,,,
Chamadas_161,DecideTronco_Atender,10.35774508889948,complete,,,Atender,10.35774508889948,,
Chamadas_161,Atendimento,10.35774508889948,start,Troncos,0.0,,,,
Chamadas_161,Atendimento,10.551356493534662,complete,Troncos,0.0,,,,
Chamadas_161,Discharge,10.551356493534662,complete,,,,,,0.1936114046351829
Chamadas_162,Arrival,10.531076667590332,complete,,0.0,,,,
Chamadas_162,DecideTronco_Atender,10.531076667590332,complete,,,Atender,10.531076667590332,,
Chamadas_162,Atendimento,10.531076667590332,start,Troncos,0.0,,,,
Chamadas_162,Atendimento,12.780199958037235,complete,Troncos,0.0,,,,
Chamadas_162,Discharge,12.780199958037235,complete,,,,,,2.249123290446903
Chamadas_163,Arrival,10.563746121689226,complete,,0.0,,,,
Chamadas_163,DecideTronco_Atender,10.563746121689226,complete,,,Atender,10.563746121689226,,
Chamadas_163,Atendimento,10.563746121689226,start,Troncos,0.0,,,,
Chamadas_163,Atendimento,13.233530407009521,complete,Troncos,0.0,,,,
Chamadas_163,Discharge,13.233530407009521,complete,,,,,,2.6697842853202953
Chamadas_164,Arrival,10.574083821944221,complete,,0.0,,,,
Chamadas_164,DecideTronco_Atender,10.574083821944221,complete,,,Atender,10.574083821944221,,
Chamadas_164,Atendimento,10.574083821944221,start,Troncos,0.0,,,,
Chamadas_164,Atendimento,17.74411137137332,complete,Troncos,0.0,,,,
Chamadas_164,Discharge,17.74411137137332,complete,,,,,,7.170027549429101
Chamadas_165,Arrival,10.594011221077725,complete,,0.0,,,,
Chamadas_165,DecideTronco_Atender,10.594011221077725,complete,,,Atender,10.594011221077725,,
Chamadas_165,Atendimento,10.594011221077725,start,Troncos,0.0,,,,
Chamadas_165,Atendimento,10.605362769139399,complete,Troncos,0.0,,,,
Chamadas_165,Discharge,10.605362769139399,complete,,,,,,0.01135154806167371
Chamadas_166,Arrival,10.627568067626134,complete,,0.0,,,,
Chamadas_166,DecideTronco_Atender,10.627568067626134,complete,,,Atender,10.627568067626134,,
Chamadas_166,Atendimento,10.627568067626134,start,Troncos,0.0,,,,
Chamadas_166,Atendimento,12.455497942496718,complete,Troncos,0.0,,,,
Chamadas_166,Discharge,12.455497942496718,complete,,,,,,1.8279298748705841
Chamadas_167,Arrival,10.644600188049965,complete,,0.0,,,,
Chamadas_167,DecideTronco_Atender,10.644600188049965,complete,,,Atender,10.644600188049965,,
Chamadas_167,Atendimento,10.644600188049965,start,Troncos,0.0,,,,
Chamadas_167,Atendimento,13.12911837441506,complete,Troncos,0.0,,,,
Chamadas_167,Discharge,13.12911837441506,complete,,,,,,2.4845181863650954
Chamadas_168,Arrival,10.683829526720038,complete,,0.0,,,,
Chamadas_168,DecideTronco_Atender,10.683829526720038,complete,,,Atender,10.683829526720038,,
Chamadas_168,Atendimento,10.683829526720038,start,Troncos,0.0,,,,
Chamadas_168,Atendimento,10.795186200762393,complete,Troncos,0.0,,,,
Chamadas_168,Discharge,10.795186200762393,complete,,,,,,0.11135667404235505
Chamadas_169,Arrival,10.754313026732122,complete,,0.0,,,,
Chamadas_169,DecideTronco_Atender,10.754313026732122,complete,,,Atender,10.754313026732122,,
Chamadas_169,Atendimento,10.754313026732122,start,Troncos,0.0,,,,
Chamadas_169,Atendimento,12.107013828056125,complete,Troncos,0.0,,,,
Chamadas_169,Discharge,12.107013828056125,complete,,,,,,1.3527008013240032
Chamadas_17,Arrival,1.0114348003006772,complete,,0.0,,,,
Chamadas_17,DecideTronco_Atender,1.0114348003006772,complete,,,Atender,1.0114348003006772,,
Chamadas_17,Atendimento,1.0114348003006772,start,Troncos,0.0,,,,
Chamadas_17,Atendimento,1.2414055833138236,complete,Troncos,0.0,,,,
Chamadas_17,Discharge,1.2414055833138236,complete,,,,,,0.22997078301314633
Chamadas_170,Arrival,10.755854234774905,complete,,0.0,,,,
Chamadas_170,DecideTronco_Perdida,10.755854234774905,complete,,,Perdida,10.755854234774905,,
Chamadas_170,Discharge,10.755854234774905,complete,,,,,,0.0
Chamadas_171,Arrival,10.829709351315708,complete,,0.0,,,,
Chamadas_171,DecideTronco_Atender,10.829709351315708,complete,,,Atender,10.829709351315708,,
Chamadas_171,Atendimento,10.829709351315708,start,Troncos,0.0,,,,
Chamadas_171,Atendimento,11.917029543391939,complete,Troncos,0.0,,,,
Chamadas_171,Discharge,11.917029543391939,complete,,,,,,1.0873201920762305
Chamadas_172,Arrival,10.863910192312572,complete,,0.0,,,,
Chamadas_172,DecideTronco_Atender,10.863910192312572,complete,,,Atender,10.863910192312572,,
Chamadas_172,Atendimento,10.863910192312572,start,Troncos,0.0,,,,
Chamadas_172,Atendimento,11.154245288487443,complete,Troncos,0.0,,,,
Chamadas_172,Discharge,11.154245288487443,complete,,,,,,0.2903350961748714
Chamadas_173,Arrival,11.106383729597315,complete,,0.0,,,,
Chamadas_173,DecideTronco_Atender,11.106383729597315,complete,,,Atender,11.106383729597315,,
Chamadas_173,Atendimento,11.106383729597315,start,Troncos,0.0,,,,
Chamadas_173,Atendimento,11.75720159958689,complete,Troncos,0.0,,,,
Chamadas_173,Discharge,11.75720159958689,complete,,,,,,0.6508178699895755
Chamadas_174,Arrival,11.112838377591762,complete,,0.0,,,,
Chamadas_174,DecideTronco_Atender,11.112838377591762,complete,,,Atender,11.112838377591762,,
Chamadas_174,Atendimento,11.112838377591762,start,Troncos,0.0,,,,
Chamadas_174,Atendimento,12.361214478788485,complete,Troncos,0.0,,,,
Chamadas_174,Discharge,12.361214478788485,complete,,,,,,1.2483761011967225
Chamadas_175,Arrival,11.156605549888706,complete,,0.0,,,,
Chamadas_175,DecideTronco_Atender,11.156605549888706,complete,,,Atender,11.156605549888706,,
Chamadas_175,Atendimento,11.156605549888706,start,Troncos,0.0,,,,
Chamadas_175,Atendimento,13.101413873082219,complete,Troncos,0.0,,,,
Chamadas_175,Discharge,13.101413873082219,complete,,,,,,1.944808323193513
Chamadas_176,Arrival,11.202062884090935,complete,,0.0,,,,
Chamadas_176,DecideTronco_Atender,11.202062884090935,complete,,,Atender,11.202062884090935,,
Chamadas_176,Atendimento,11.202062884090935,start,Troncos,0.0,,,,
Chamadas_176,Atendimento,17.61189230737146,complete,Troncos,0.0,,,,
Chamadas_176,Discharge,17.61189230737146,complete,,,,,,6.409829423280524
Chamadas_177,Arrival,11.211443901466259,complete,,0.0,,,,
Chamadas_177,DecideTronco_Atender,11.211443901466259,complete,,,Atender,11.211443901466259,,
Chamadas_177,Atendimento,11.211443901466259,start,Troncos,0.0,,,,
Chamadas_177,Atendimento,13.181520718540996,complete,Troncos,0.0,,,,
Chamadas_177,Discharge,13.181520718540996,complete,,,,,,1.9700768170747374
Chamadas_178,Arrival,11.216454406347683,complete,,0.0,,,,
Chamadas_178,DecideTronco_Perdida,11.216454406347683,complete,,,Perdida,11.216454406347683,,
Chamadas_178,Discharge,11.216454406347683,complete,,,,,,0.0
Chamadas_179,Arrival,11.239386768370172,complete,,0.0,,,,
Chamadas_179,DecideTronco_Perdida,11.239386768370172,complete,,,Perdida,11.239386768370172,,
Chamadas_179,Discharge,11.239386768370172,complete,,,,,,0.0
Chamadas_18,Arrival,1.0325919922162397,complete,,0.0,,,,
Chamadas_18,DecideTronco_Atender,1.0325919922162397,complete,,,Atender,1.0325919922162397,,
Chamadas_18,Atendimento,1.0325919922162397,start,Troncos,0.0,,,,
Chamadas_18,Atendimento,2.168090642088917,complete,Troncos,0.0,,,,
Chamadas_18,Discharge,2.168090642088917,complete,,,,,,1.1354986498726773
Chamadas_180,Arrival,11.265519531844703,complete,,0.0,,,,
Chamadas_180,DecideTronco_Perdida,11.265519531844703,complete,,,Perdida,11.265519531844703,,
Chamadas_180,Discharge,11.265519531844703,complete,,,,,,0.0
Chamadas_181,Arrival,11.331404953061385,complete,,0.0,,,,
Chamadas_181,DecideTronco_Atender,11.331404953061385,complete,,,Atender,11.331404953061385,,
Chamadas_181,Atendimento,11.331404953061385,start,Troncos,0.0,,,,
Chamadas_181,Atendimento,15.275445328989719,complete,Troncos,0.0,,,,
Chamadas_181,Discharge,15.275445328989719,complete,,,,,,3.944040375928333
Chamadas_182,Arrival,11.473710893058625,complete,,0.0,,,,
Chamadas_182,DecideTronco_Atender,11.473710893058625,complete,,,Atender,11.473710893058625,,
Chamadas_182,Atendimento,11.473710893058625,start,Troncos,0.0,,,,
Chamadas_182,Atendimento,17.45697659429557,complete,Troncos,0.0,,,,
Chamadas_182,Discharge,17.45697659429557,complete,,,,,,5.9832657012369435
Chamadas_183,Arrival,11.506783119675852,complete,,0.0,,,,
Chamadas_183,DecideTronco_Atender,11.506783119675852,complete,,,Atender,11.506783119675852,,
Chamadas_183,Atendimento,11.506783119675852,start,Troncos,0.0,,,,
Chamadas_183,Atendimento,12.659374799350394,complete,Troncos,0.0,,,,
Chamadas_183,Discharge,12.659374799350394,complete,,,,,,1.1525916796745417
Chamadas_184,Arrival,11.573767681322868,complete,,0.0,,,,
Chamadas_184,DecideTronco_Perdida,11.573767681322868,complete,,,Perdida,11.573767681322868,,
Chamadas_184,Discharge,11.573767681322868,complete,,,,,,0.0
Chamadas_185,Arrival,11.577621891480122,complete,,0.0,,,,
Chamadas_185,DecideTronco_Atender,11.577621891480122,complete,,,Atender,11.577621891480122,,
Chamadas_185,Atendimento,11.577621891480122,start,Troncos,0.0,,,,
Chamadas_185,Atendimento,14.16471984445081,complete,Troncos,0.0,,,,
Chamadas_185,Discharge,14.16471984445081,complete,,,,,,2.5870979529706872
Chamadas_186,Arrival,11.633051631392371,complete,,0.0,,,,
Chamadas_186,DecideTronco_Perdida,11.633051631392371,complete,,,Perdida,11.633051631392371,,
Chamadas_186,Discharge,11.633051631392371,complete,,,,,,0.0
Chamadas_187,Arrival,11.72529778812309,complete,,0.0,,,,
Chamadas_187,DecideTronco_Perdida,11.72529778812309,complete,,,Perdida,11.72529778812309,,
Chamadas_187,Discharge,11.72529778812309,complete,,,,,,0.0
Chamadas_188,Arrival,11.737822802354621,complete,,0.0,,,,
Chamadas_188,DecideTronco_Perdida,11.737822802354621,complete,,,Perdida,11.737822802354621,,
Chamadas_188,Discharge,11.737822802354621,complete,,,,,,0.0
Chamadas_189,Arrival,11.835328064049639,complete,,0.0,,,,
Chamadas_189,DecideTronco_Atender,11.835328064049639,complete,,,Atender,11.835328064049639,,
Chamadas_189,Atendimento,11.835328064049639,start,Troncos,0.0,,,,
Chamadas_189,Atendimento,12.422586645380681,complete,Troncos,0.0,,,,
Chamadas_189,Discharge,12.422586645380681,complete,,,,,,0.5872585813310423
Chamadas_19,Arrival,1.0369022958397531,complete,,0.0,,,,
Chamadas_19,DecideTronco_Atender,1.0369022958397531,complete,,,Atender,1.0369022958397531,,
Chamadas_19,Atendimento,1.0369022958397531,start,Troncos,0.0,,,,
Chamadas_19,Atendimento,3.4065889506364444,complete,Troncos,0.0,,,,
Chamadas_19,Discharge,3.4065889506364444,complete,,,,,,2.3696866547966913
Chamadas_190,Arrival,12.00586556051365,complete,,0.0,,,,
Chamadas_190,DecideTronco_Atender,12.00586556051365,complete,,,Atender,12.00586556051365,,
Chamadas_190,Atendimento,12.00586556051365,start,Troncos,0.0,,,,
Chamadas_190,Atendimento,12.14012483217598,complete,Troncos,0.0,,,,
Chamadas_190,Discharge,12.14012483217598,complete,,,,,,0.1342592716623301
Chamadas_191,Arrival,12.064399920748418,complete,,0.0,,,,
Chamadas_191,DecideTronco_Atender,12.064399920748418,complete,,,Atender,12.064399920748418,,
Chamadas_191,Atendimento,12.064399920748418,start,Troncos,0.0,,,,
Chamadas_191,Atendimento,14.261215727723073,complete,Troncos,0.0,,,,
Chamadas_191,Discharge,14.261215727723073,complete,,,,,,2.196815806974655
Chamadas_192,Arrival,12.07390471932383,complete,,0.0,,,,
Chamadas_192,DecideTronco_Atender,12.07390471932383,complete,,,Atender,12.07390471932383,,
Chamadas_192,Atendimento,12.07390471932383,start,Troncos,0.0,,,,
Chamadas_192,Atendimento,12.87050398105093,complete,Troncos,0.0,,,,
Chamadas_192,Discharge,12.87050398105093,complete,,,,,,0.7965992617271009
Chamadas_193,Arrival,12.10722791819317,complete,,0.0,,,,
Chamadas_193,DecideTronco_Atender,12.10722791819317,complete,,,Atender,12.10722791819317,,
Chamadas_193,Atendimento,12.10722791819317,start,Troncos,0.0,,,,
Chamadas_193,Atendimento,12.401444711392482,complete,Troncos,0.0,,,,
Chamadas_193,Discharge,12.401444711392482,complete,,,,,,0.29421679319931293
Chamadas_194,Arrival,12.24455363258745,complete,,0.0,,,,
Chamadas_194,DecideTronco_Atender,12.24455363258745,complete,,,Atender,12.24455363258745,,
Chamadas_194,Atendimento,12.24455363258745,start,Troncos,0.0,,,,
Chamadas_194,Atendimento,19.294245686079183,complete,Troncos,0.0,,,,
Chamadas_194,Discharge,19.294245686079183,complete,,,,,,7.049692053491732
Chamadas_195,Arrival,12.336619304320138,complete,,0.0,,,,
Chamadas_195,DecideTronco_Perdida,12.336619304320138,complete,,,Perdida,12.336619304320138,,
Chamadas_195,Discharge,12.336619304320138,complete,,,,,,0.0
Chamadas_196,Arrival,12.39647641500245,complete,,0.0,,,,
Chamadas_196,DecideTronco_Atender,12.39647641500245,complete,,,Atender,12.39647641500245,,
Chamadas_196,Atendimento,12.39647641500245,start,Troncos,0.0,,,,
Chamadas_196,Atendimento,13.23148645542836,complete,Troncos,0.0,,,,
Chamadas_196,Discharge,13.23148645542836,complete,,,,,,0.8350100404259102
Chamadas_197,Arrival,12.470011503914861,complete,,0.0,,,,
Chamadas_197,DecideTronco_Atender,12.470011503914861,complete,,,Atender,12.470011503914861,,
Chamadas_197,Atendimento,12.470011503914861,start,Troncos,0.0,,,,
Chamadas_197,Atendimento,13.262895616825222,complete,Troncos,0.0,,,,
Chamadas_197,Discharge,13.262895616825222,complete,,,,,,0.792884112910361
Chamadas_198,Arrival,12.548747574612772,complete,,0.0,,,,
Chamadas_198,DecideTronco_Atender,12.548747574612772,complete,,,Atender,12.548747574612772,,
Chamadas_198,Atendimento,12.548747574612772,start,Troncos,0.0,,,,
Chamadas_198,Atendimento,12.624998599314898,complete,Troncos,0.0,,,,
Chamadas_198,Discharge,12.624998599314898,complete,,,,,,0.07625102470212575
Chamadas_199,Arrival,12.578268391453067,complete,,0.0,,,,
Chamadas_199,DecideTronco_Atender,12.578268391453067,complete,,,Atender,12.578268391453067,,
Chamadas_199,Atendimento,12.578268391453067,start,Troncos,0.0,,,,
Chamadas_199,Atendimento,20.738266988265607,complete,Troncos,0.0,,,,
Chamadas_199,Discharge,20.738266988265607,complete,,,,,,8.15999859681254
Chamadas_2,Arrival,0.1578953807279247,complete,,0.0,,,,
Chamadas_2,DecideTronco_Atender,0.1578953807279247,complete,,,Atender,0.1578953807279247,,
Chamadas_2,Atendimento,0.1578953807279247,start,Troncos,0.0,,,,
Chamadas_2,Atendimento,0.9702152635126111,complete,Troncos,0.0,,,,
Chamadas_2,Discharge,0.9702152635126111,complete,,,,,,0.8123198827846865
Chamadas_20,Arrival,1.0374755006722447,complete,,0.0,,,,
Chamadas_20,DecideTronco_Atender,1.0374755006722447,complete,,,Atender,1.0374755006722447,,
Chamadas_20,Atendimento,1.0374755006722447,start,Troncos,0.0,,,,
Chamadas_20,Atendimento,2.3167290502730893,complete,Troncos,0.0,,,,
Chamadas_20,Discharge,2.3167290502730893,complete,,,,,,1.2792535496008446
Chamadas_200,Arrival,12.673102472892857,complete,,0.0,,,,
Chamadas_200,DecideTronco_Atender,12.673102472892857,complete,,,Atender,12.673102472892857,,
Chamadas_200,Atendimento,12.673102472892857,start,Troncos,0.0,,,,
Chamadas_200,Atendimento,12.873649750689944,complete,Troncos,0.0,,,,
Chamadas_200,Discharge,12.873649750689944,complete,,,,,,0.20054727779708692
Chamadas_201,Arrival,12.677016567999797,complete,,0.0,,,,
Chamadas_201,DecideTronco_Atender,12.677016567999797,complete,,,Atender,12.677016567999797,,
Chamadas_201,Atendimento,12.677016567999797,start,Troncos,0.0,,,,
Chamadas_201,Atendimento,13.097790350369277,complete,Troncos,0.0,,,,
Chamadas_201,Discharge,13.097790350369277,complete,,,,,,0.42077378236947993
Chamadas_202,Arrival,12.704295840963995,complete,,0.0,,,,
Chamadas_202,DecideTronco_Atender,12.704295840963995,complete,,,Atender,12.704295840963995,,
Chamadas_202,Atendimento,12.704295840963995,start,Troncos,0.0,,,,
Chamadas_202,Atendimento,13.19447572608468,complete,Troncos,0.0,,,,
Chamadas_202,Discharge,13.19447572608468,complete,,,,,,0.4901798851206838
Chamadas_203,Arrival,12.72314667031456,complete,,0.0,,,,
Chamadas_203,DecideTronco_Perdida,12.72314667031456,complete,,,Perdida,12.72314667031456,,
Chamadas_203,Discharge,12.72314667031456,complete,,,,,,0.0
Chamadas_204,Arrival,12.749803529242701,complete,,0.0,,,,
Chamadas_204,DecideTronco_Perdida,12.749803529242701,complete,,,Perdida,12.749803529242701,,
Chamadas_204,Discharge,12.749803529242701,complete,,,,,,0.0
Chamadas_205,Arrival,12.761807399297783,complete,,0.0,,,,
Chamadas_205,DecideTronco_Perdida,12.761807399297783,complete,,,Perdida,12.761807399297783,,
Chamadas_205,Discharge,12.761807399297783,complete,,,,,,0.0
Chamadas_206,Arrival,12.852097280592043,complete,,0.0,,,,
Chamadas_206,DecideTronco_Atender,12.852097280592043,complete,,,Atender,12.852097280592043,,
Chamadas_206,Atendimento,12.852097280592043,start,Troncos,0.0,,,,
Chamadas_206,Atendimento,13.716804842202855,complete,Troncos,0.0,,,,
Chamadas_206,Discharge,13.716804842202855,complete,,,,,,0.8647075616108122
Chamadas_207,Arrival,12.888738048038105,complete,,0.0,,,,
Chamadas_207,DecideTronco_Atender,12.888738048038105,complete,,,Atender,12.888738048038105,,
Chamadas_207,Atendimento,12.888738048038105,start,Troncos,0.0,,,,
Chamadas_207,Atendimento,13.393274989024636,complete,Troncos,0.0,,,,
Chamadas_207,Discharge,13.393274989024636,complete,,,,,,0.5045369409865312
Chamadas_208,Arrival,12.939555698040754,complete,,0.0,,,,
Chamadas_208,DecideTronco_Atender,12.939555698040754,complete,,,Atender,12.939555698040754,,
Chamadas_208,Atendimento,12.939555698040754,start,Troncos,0.0,,,,
Chamadas_208,Atendimento,14.89613219016837,complete,Troncos,0.0,,,,
Chamadas_208,Discharge,14.89613219016837,complete,,,,,,1.9565764921276152
Chamadas_209,Arrival,12.951503060189388,complete,,0.0,,,,
Chamadas_209,DecideTronco_Perdida,12.951503060189388,complete,,,Perdida,12.951503060189388,,
Chamadas_209,Discharge,12.951503060189388,complete,,,,,,0.0
Chamadas_21,Arrival,1.0719996630698936,complete,,0.0,,,,
Chamadas_21,DecideTronco_Atender,1.0719996630698936,complete,,,Atender,1.0719996630698936,,
Chamadas_21,Atendimento,1.0719996630698936,start,Troncos,0.0,,,,
Chamadas_21,Atendimento,3.110463223502697,complete,Troncos,0.0,,,,
Chamadas_21,Discharge,3.110463223502697,complete,,,,,,2.0384635604328034
Chamadas_210,Arrival,12.958155825027985,complete,,0.0,,,,
Chamadas_210,DecideTronco_Perdida,12.958155825027985,complete,,,Perdida,12.958155825027985,,
Chamadas_210,Discharge,12.958155825027985,complete,,,,,,0.0
Chamadas_211,Arrival,13.034403383798864,complete,,0.0,,,,
Chamadas_211,DecideTronco_Perdida,13.034403383798864,complete,,,Perdida,13.034403383798864,,
Chamadas_211,Discharge,13.034403383798864,complete,,,,,,0.0
Chamadas_212,Arrival,13.064450004513013,complete,,0.0,,,,
Chamadas_212,DecideTronco_Perdida,13.064450004513013,complete,,,Perdida,13.064450004513013,,
Chamadas_212,Discharge,13.064450004513013,complete,,,,,,0.0
Chamadas_213,Arrival,13.082663467666277,complete,,0.0,,,,
Chamadas_213,DecideTronco_Perdida,13.082663467666277,complete,,,Perdida,13.082663467666277,,
Chamadas_213,Discharge,13.082663467666277,complete,,,,,,0.0
Chamadas_214,Arrival,13.08361084625571,complete,,0.0,,,,
Chamadas_214,DecideTronco_Perdida,13.08361084625571,complete,,,Perdida,13.08361084625571,,
Chamadas_214,Discharge,13.08361084625571,complete,,,,,,0.0
Chamadas_215,Arrival,13.173009827855429,complete,,0.0,,,,
Chamadas_215,DecideTronco_Atender,13.173009827855429,complete,,,Atender,13.173009827855429,,
Chamadas_215,Atendimento,13.173009827855429,start,Troncos,0.0,,,,
Chamadas_215,Atendimento,14.321482029887587,complete,Troncos,0.0,,,,
Chamadas_215,Discharge,14.321482029887587,complete,,,,,,1.148472202032158
Chamadas_216,Arrival,13.33678623352504,complete,,0.0,,,,
Chamadas_216,DecideTronco_Atender,13.33678623352504,complete,,,Atender,13.33678623352504,,
Chamadas_216,Atendimento,13.33678623352504,start,Troncos,0.0,,,,
Chamadas_216,Atendimento,19.476314302857904,complete,Troncos,0.0,,,,
Chamadas_216,Discharge,19.476314302857904,complete,,,,,,6.139528069332865
Chamadas_217,Arrival,13.554768836252299,complete,,0.0,,,,
Chamadas_217,DecideTronco_Atender,13.554768836252299,complete,,,Atender,13.554768836252299,,
Chamadas_217,Atendimento,13.554768836252299,start,Troncos,0.0,,,,
Chamadas_217,Atendimento,17.417143751824486,complete,Troncos,0.0,,,,
Chamadas_217,Discharge,17.417143751824486,complete,,,,,,3.862374915572188
Chamadas_218,Arrival,13.619810886735149,complete,,0.0,,,,
Chamadas_218,DecideTronco_Atender,13.619810886735149,complete,,,Atender,13.619810886735149,,
Chamadas_218,Atendimento,13.619810886735149,start,Troncos,0.0,,,,
Chamadas_218,Atendimento,17.629462238909923,complete,Troncos,0.0,,,,
Chamadas_218,Discharge,17.629462238909923,complete,,,,,,4.0096513521747745
Chamadas_219,Arrival,13.62414680197857,complete,,0.0,,,,
Chamadas_219,DecideTronco_Atender,13.62414680197857,complete,,,Atender,13.62414680197857,,
Chamadas_219,Atendimento,13.62414680197857,start,Troncos,0.0,,,,
Chamadas_219,Atendimento,15.815736065293622,complete,Troncos,0.0,,,,
Chamadas_219,Discharge,15.815736065293622,complete,,,,,,2.191589263315052
Chamadas_22,Arrival,1.1646369597822415,complete,,0.0,,,,
Chamadas_22,DecideTronco_Atender,1.1646369597822415,complete,,,Atender,1.1646369597822415,,
Chamadas_22,Atendimento,1.1646369597822415,start,Troncos,0.0,,,,
Chamadas_22,Atendimento,3.694333718783775,complete,Troncos,0.0,,,,
Chamadas_22,Discharge,3.694333718783775,complete,,,,,,2.5296967590015336
Chamadas_220,Arrival,13.645538193276021,complete,,0.0,,,,
Chamadas_220,DecideTronco_Atender,13.645538193276021,complete,,,Atender,13.645538193276021,,
Chamadas_220,Atendimento,13.645538193276021,start,Troncos,0.0,,,,
Chamadas_220,Atendimento,14.894978720613764,complete,Troncos,0.0,,,,
Chamadas_220,Discharge,14.894978720613764,complete,,,,,,1.2494405273377431
Chamadas_221,Arrival,13.753117373185427,complete,,0.0,,,,
Chamadas_221,DecideTronco_Atender,13.753117373185427,complete,,,Atender,13.753117373185427,,
Chamadas_221,Atendimento,13.753117373185427,start,Troncos,0.0,,,,
Chamadas_221,Atendimento,14.49338951352609,complete,Troncos,0.0,,,,
Chamadas_221,Discharge,14.49338951352609,complete,,,,,,0.7402721403406627
Chamadas_222,Arrival,13.817875119426388,complete,,0.0,,,,
Chamadas_222,DecideTronco_Atender,13.817875119426388,complete,,,Atender,13.817875119426388,,
Chamadas_222,Atendimento,13.817875119426388,start,Troncos,0.0,,,,
Chamadas_222,Atendimento,15.82106984827383,complete,Troncos,0.0,,,,
Chamadas_222,Discharge,15.82106984827383,complete,,,,,,2.0031947288474417
Chamadas_223,Arrival,13.907803790954862,complete,,0.0,,,,
Chamadas_223,DecideTronco_Atender,13.907803790954862,complete,,,Atender,13.907803790954862,,
Chamadas_223,Atendimento,13.907803790954862,start,Troncos,0.0,,,,
Chamadas_223,Atendimento,14.350219859342461,complete,Troncos,0.0,,,,
Chamadas_223,Discharge,14.350219859342461,complete,,,,,,0.4424160683875993
Chamadas_224,Arrival,14.04370057168387,complete,,0.0,,,,
Chamadas_224,DecideTronco_Atender,14.04370057168387,complete,,,Atender,14.04370057168387,,
Chamadas_224,Atendimento,14.04370057168387,start,Troncos,0.0,,,,
Chamadas_224,Atendimento,14.24016406211318,complete,Troncos,0.0,,,,
Chamadas_224,Discharge,14.24016406211318,complete,,,,,,0.196463490429311
Chamadas_225,Arrival,14.060626954557195,complete,,0.0,,,,
Chamadas_225,DecideTronco_Atender,14.060626954557195,complete,,,Atender,14.060626954557195,,
Chamadas_225,Atendimento,14.060626954557195,start,Troncos,0.0,,,,
Chamadas_225,Atendimento,16.464318576535558,complete,Troncos,0.0,,,,
Chamadas_225,Discharge,16.464318576535558,complete,,,,,,2.4036916219783624
Chamadas_226,Arrival,14.19943943273964,complete,,0.0,,,,
Chamadas_226,DecideTronco_Atender,14.19943943273964,complete,,,Atender,14.19943943273964,,
Chamadas_226,Atendimento,14.19943943273964,start,Troncos,0.0,,,,
Chamadas_226,Atendimento,16.84188349590101,complete,Troncos,0.0,,,,
Chamadas_226,Discharge,16.84188349590101,complete,,,,,,2.642444063161369
Chamadas_227,Arrival,14.221441250370658,complete,,0.0,,,,
Chamadas_227,DecideTronco_Atender,14.221441250370658,complete,,,Atender,14.221441250370658,,
Chamadas_227,Atendimento,14.221441250370658,start,Troncos,0.0,,,,
Chamadas_227,Atendimento,14.520294415965253,complete,Troncos,0.0,,,,
Chamadas_227,Discharge,14.520294415965253,complete,,,,,,0.2988531655945952
Chamadas_228,Arrival,14.30761704274301,complete,,0.0,,,,
Chamadas_228,DecideTronco_Atender,14.30761704274301,complete,,,Atender,14.30761704274301,,
Chamadas_228,Atendimento,14.30761704274301,start,Troncos,0.0,,,,
Chamadas_228,Atendimento,19.704354470275433,complete,Troncos,0.0,,,,
Chamadas_228,Discharge,19.704354470275433,complete,,,,,,5.396737427532424
Chamadas_229,Arrival,14.313549321401267,complete,,0.0,,,,
Chamadas_229,DecideTronco_Atender,14.313549321401267,complete,,,Atender,14.313549321401267,,
Chamadas_229,Atendimento,14.313549321401267,start,Troncos,0.0,,,,
Chamadas_229,Atendimento,15.014529909150864,complete,Troncos,0.0,,,,
Chamadas_229,Discharge,15.014529909150864,complete,,,,,,0.7009805877495978
Chamadas_23,Arrival,1.3977135048373885,complete,,0.0,,,,
Chamadas_23,DecideTronco_Atender,1.3977135048373885,complete,,,Atender,1.3977135048373885,,
Chamadas_23,Atendimento,1.3977135048373885,start,Troncos,0.0,,,,
Chamadas_23,Atendimento,2.940088263216195,complete,Troncos,0.0,,,,
Chamadas_23,Discharge,2.940088263216195,complete,,,,,,1.5423747583788063
Chamadas_230,Arrival,14.34103533015136,complete,,0.0,,,,
Chamadas_230,DecideTronco_Atender,14.34103533015136,complete,,,Atender,14.34103533015136,,
Chamadas_230,Atendimento,14.34103533015136,start,Troncos,0.0,,,,
Chamadas_230,Atendimento,15.268133523859303,complete,Troncos,0.0,,,,
Chamadas_230,Discharge,15.268133523859303,complete,,,,,,0.927098193707943
Chamadas_231,Arrival,14.396821651152738,complete,,0.0,,,,
Chamadas_231,DecideTronco_Atender,14.396821651152738,complete,,,Atender,14.396821651152738,,
Chamadas_231,Atendimento,14.396821651152738,start,Troncos,0.0,,,,
Chamadas_231,Atendimento,16.614883233530207,complete,Troncos,0.0,,,,
Chamadas_231,Discharge,16.614883233530207,complete,,,,,,2.2180615823774694
Chamadas_232,Arrival,14.417069508039045,complete,,0.0,,,,
Chamadas_232,DecideTronco_Atender,14.417069508039045,complete,,,Atender,14.417069508039045,,
Chamadas_232,Atendimento,14.417069508039045,start,Troncos,0.0,,,,
Chamadas_232,Atendimento,16.690381062133405,complete,Troncos,0.0,,,,
Chamadas_232,Discharge,16.690381062133405,complete,,,,,,2.2733115540943594
Chamadas_233,Arrival,14.43323473074724,complete,,0.0,,,,
Chamadas_233,DecideTronco_Atender,14.43323473074724,complete,,,Atender,14.43323473074724,,
Chamadas_233,Atendimento,14.43323473074724,start,Troncos,0.0,,,,
Chamadas_233,Atendimento,14.841129772106079,complete,Troncos,0.0,,,,
Chamadas_233,Discharge,14.841129772106079,complete,,,,,,0.4078950413588398
Chamadas_234,Arrival,14.481096800545796,complete,,0.0,,,,
Chamadas_234,DecideTronco_Perdida,14.481096800545796,complete,,,Perdida,14.481096800545796,,
Chamadas_234,Discharge,14.481096800545796,complete,,,,,,0.0
Chamadas_235,Arrival,14.486722470057067,complete,,0.0,,,,
Chamadas_235,DecideTronco_Perdida,14.486722470057067,complete,,,Perdida,14.486722470057067,,
Chamadas_235,Discharge,14.486722470057067,complete,,,,,,0.0
Chamadas_236,Arrival,14.504615306730582,complete,,0.0,,,,
Chamadas_236,DecideTronco_Atender,14.504615306730582,complete,,,Atender,14.504615306730582,,
Chamadas_236,Atendimento,14.504615306730582,start,Troncos,0.0,,,,
Chamadas_236,Atendimento,17.023485024001598,complete,Troncos,0.0,,,,
Chamadas_236,Discharge,17.023485024001598,complete,,,,,,2.5188697172710164
Chamadas_237,Arrival,14.505136508829763,complete,,0.0,,,,
Chamadas_237,DecideTronco_Perdida,14.505136508829763,complete,,,Perdida,14.505136508829763,,
Chamadas_237,Discharge,14.505136508829763,complete,,,,,,0.0
Chamadas_238,Arrival,14.543560271338706,complete,,0.0,,,,
Chamadas_238,DecideTronco_Atender,14.543560271338706,complete,,,Atender,14.543560271338706,,
Chamadas_238,Atendimento,14.543560271338706,start,Troncos,0.0,,,,
Chamadas_238,Atendimento,22.218528037286493,complete,Troncos,0.0,,,,
Chamadas_238,Discharge,22.218528037286493,complete,,,,,,7.6749677659477875
Chamadas_239,Arrival,14.749498620650517,complete,,0.0,,,,
Chamadas_239,DecideTronco_Atender,14.749498620650517,complete,,,Atender,14.749498620650517,,
Chamadas_239,Atendimento,14.749498620650517,start,Troncos,0.0,,,,
Chamadas_239,Atendimento,15.056765906241031,complete,Troncos,0.0,,,,
Chamadas_239,Discharge,15.056765906241031,complete,,,,,,0.3072672855905143
Chamadas_24,Arrival,1.5384610000844197,complete,,0.0,,,,
Chamadas_24,DecideTronco_Atender,1.5384610000844197,complete,,,Atender,1.5384610000844197,,
Chamadas_24,Atendimento,1.5384610000844197,start,Troncos,0.0,,,,
Chamadas_24,Atendimento,4.531867037428996,complete,Troncos,0.0,,,,
Chamadas_24,Discharge,4.531867037428996,complete,,,,,,2.9934060373445766
Chamadas_240,Arrival,14.878315522088103,complete,,0.0,,,,
Chamadas_240,DecideTronco_Atender,14.878315522088103,complete,,,Atender,14.878315522088103,,
Chamadas_240,Atendimento,14.878315522088103,start,Troncos,0.0,,,,
Chamadas_240,Atendimento,15.246982053988292,complete,Troncos,0.0,,,,
Chamadas_240,Discharge,15.246982053988292,complete,,,,,,0.36866653190018894
Chamadas_241,Arrival,14.935260795869656,complete,,0.0,,,,
Chamadas_241,DecideTronco_Atender,14.935260795869656,complete,,,Atender,14.935260795869656,,
Chamadas_241,Atendimento,14.935260795869656,start,Troncos,0.0,,,,
Chamadas_241,Atendimento,16.395711297895055,complete,Troncos,0.0,,,,
Chamadas_241,Discharge,16.395711297895055,complete,,,,,,1.4604505020253988
Chamadas_242,Arrival,14.989027358346673,complete,,0.0,,,,
Chamadas_242,DecideTronco_Atender,14.989027358346673,complete,,,Atender,14.989027358346673,,
Chamadas_242,Atendimento,14.989027358346673,start,Troncos,0.0,,,,
Chamadas_242,Atendimento,16.293562072207614,complete,Troncos,0.0,,,,
Chamadas_242,Discharge,16.293562072207614,complete,,,,,,1.3045347138609404
Chamadas_243,Arrival,14.99309640851318,complete,,0.0,,,,
Chamadas_243,DecideTronco_Atender,14.99309640851318,complete,,,Atender,14.99309640851318,,
Chamadas_243,Atendimento,14.99309640851318,start,Troncos,0.0,,,,
Chamadas_243,Atendimento,16.42716569042323,complete,Troncos,0.0,,,,
Chamadas_243,Discharge,16.42716569042323,complete,,,,,,1.43406928191005
Chamadas_244,Arrival,15.10762312943742,complete,,0.0,,,,
Chamadas_244,DecideTronco_Atender,15.10762312943742,complete,,,Atender,15.10762312943742,,
Chamadas_244,Atendimento,15.10762312943742,start,Troncos,0.0,,,,
Chamadas_244,Atendimento,19.55652226660338,complete,Troncos,0.0,,,,
Chamadas_244,Discharge,19.55652226660338,complete,,,,,,4.448899137165961
Chamadas_245,Arrival,15.186384624154423,complete,,0.0,,,,
Chamadas_245,DecideTronco_Atender,15.186384624154423,complete,,,Atender,15.186384624154423,,
Chamadas_245,Atendimento,15.186384624154423,start,Troncos,0.0,,,,
Chamadas_245,Atendimento,16.90404783615217,complete,Troncos,0.0,,,,
Chamadas_245,Discharge,16.90404783615217,complete,,,,,,1.7176632119977473
Chamadas_246,Arrival,15.218653112487866,complete,,0.0,,,,
Chamadas_246,DecideTronco_Perdida,15.218653112487866,complete,,,Perdida,15.218653112487866,,
Chamadas_246,Discharge,15.218653112487866,complete,,,,,,0.0
Chamadas_247,Arrival,15.26982292851525,complete,,0.0,,,,
Chamadas_247,DecideTronco_Atender,15.26982292851525,complete,,,Atender,15.26982292851525,,
Chamadas_247,Atendimento,15.26982292851525,start,Troncos,0.0,,,,
Chamadas_247,Atendimento,19.784129714038766,complete,Troncos,0.0,,,,
Chamadas_247,Discharge,19.784129714038766,complete,,,,,,4.514306785523516
Chamadas_248,Arrival,15.279818280442665,complete,,0.0,,,,
Chamadas_248,DecideTronco_Atender,15.279818280442665,complete,,,Atender,15.279818280442665,,
Chamadas_248,Atendimento,15.279818280442665,start,Troncos,0.0,,,,
Chamadas_248,Atendimento,17.03762210322084,complete,Troncos,0.0,,,,
Chamadas_248,Discharge,17.03762210322084,complete,,,,,,1.7578038227781754
Chamadas_249,Arrival,15.290018012675729,complete,,0.0,,,,
Chamadas_249,DecideTronco_Atender,15.290018012675729,complete,,,Atender,15.290018012675729,,
Chamadas_249,Atendimento,15.290018012675729,start,Troncos,0.0,,,,
Chamadas_249,Atendimento,16.21758598596211,complete,Troncos,0.0,,,,
Chamadas_249,Discharge,16.21758598596211,complete,,,,,,0.9275679732863811
Chamadas_25,Arrival,1.5489934757884223,complete,,0.0,,,,
Chamadas_25,DecideTronco_Atender,1.5489934757884223,complete,,,Atender,1.5489934757884223,,
Chamadas_25,Atendimento,1.5489934757884223,start,Troncos,0.0,,,,
Chamadas_25,Atendimento,3.004899288525897,complete,Troncos,0.0,,,,
Chamadas_25,Discharge,3.004899288525897,complete,,,,,,1.4559058127374747
Chamadas_250,Arrival,15.370701769329829,complete,,0.0,,,,
Chamadas_250,DecideTronco_Perdida,15.370701769329829,complete,,,Perdida,15.370701769329829,,
Chamadas_250,Discharge,15.370701769329829,complete,,,,,,0.0
Chamadas_251,Arrival,15.456074414434303,complete,,0.0,,,,
Chamadas_251,DecideTronco_Perdida,15.456074414434303,complete,,,Perdida,15.456074414434303,,
Chamadas_251,Discharge,15.456074414434303,complete,,,,,,0.0
Chamadas_252,Arrival,15.502276400797621,complete,,0.0,,,,
Chamadas_252,DecideTronco_Perdida,15.502276400797621,complete,,,Perdida,15.502276400797621,,
Chamadas_252,Discharge,15.502276400797621,complete,,,,,,0.0
Chamadas_253,Arrival,15.537296443158157,complete,,0.0,,,,
Chamadas_253,DecideTronco_Perdida,15.537296443158157,complete,,,Perdida,15.537296443158157,,
Chamadas_253,Discharge,15.537296443158157,complete,,,,,,0.0
Chamadas_254,Arrival,15.631163484988983,complete,,0.0,,,,
Chamadas_254,DecideTronco_Atender,15.631163484988983,complete,,,Atender,15.631163484988983,,
Chamadas_254,Atendimento,15.631163484988983,start,Troncos,0.0,,,,
Chamadas_254,Atendimento,16.592133503881428,complete,Troncos,0.0,,,,
Chamadas_254,Discharge,16.592133503881428,complete,,,,,,0.9609700188924446
Chamadas_255,Arrival,15.838078408872425,complete,,0.0,,,,
Chamadas_255,DecideTronco_Atender,15.838078408872425,complete,,,Atender,15.838078408872425,,
Chamadas_255,Atendimento,15.838078408872425,start,Troncos,0.0,,,,
Chamadas_255,Atendimento,17.35203794846125,complete,Troncos,0.0,,,,
Chamadas_255,Discharge,17.35203794846125,complete,,,,,,1.5139595395888232
Chamadas_256,Arrival,15.93869206276437,complete,,0.0,,,,
Chamadas_256,DecideTronco_Atender,15.93869206276437,complete,,,Atender,15.93869206276437,,
Chamadas_256,Atendimento,15.93869206276437,start,Troncos,0.0,,,,
Chamadas_256,Atendimento,16.353034147425053,complete,Troncos,0.0,,,,
Chamadas_256,Discharge,16.353034147425053,complete,,,,,,0.41434208466068334
Chamadas_257,Arrival,15.97413813097588,complete,,0.0,,,,
Chamadas_257,DecideTronco_Atender,15.97413813097588,complete,,,Atender,15.97413813097588,,
Chamadas_257,Atendimento,15.97413813097588,start,Troncos,0.0,,,,
Chamadas_257,Atendimento,18.16594522853596,complete,Troncos,0.0,,,,
Chamadas_257,Discharge,18.16594522853596,complete,,,,,,2.19180709756008
Chamadas_258,Arrival,15.98138842187757,complete,,0.0,,,,
Chamadas_258,DecideTronco_Atender,15.98138842187757,complete,,,Atender,15.98138842187757,,
Chamadas_258,Atendimento,15.98138842187757,start,Troncos,0.0,,,,
Chamadas_258,Atendimento,19.40863037157852,complete,Troncos,0.0,,,,
Chamadas_258,Discharge,19.40863037157852,complete,,,,,,3.427241949700951
Chamadas_259,Arrival,15.982343382054967,complete,,0.0,,,,
Chamadas_259,DecideTronco_Perdida,15.982343382054967,complete,,,Perdida,15.982343382054967,,
Chamadas_259,Discharge,15.982343382054967,complete,,,,,,0.0
Chamadas_26,Arrival,1.581865658553929,complete,,0.0,,,,
Chamadas_26,DecideTronco_Atender,1.581865658553929,complete,,,Atender,1.581865658553929,,
Chamadas_26,Atendimento,1.581865658553929,start,Troncos,0.0,,,,
Chamadas_26,Atendimento,1.709995223224646,complete,Troncos,0.0,,,,
Chamadas_26,Discharge,1.709995223224646,complete,,,,,,0.128129564670717
Chamadas_260,Arrival,16.05231564147408,complete,,0.0,,,,
Chamadas_260,DecideTronco_Perdida,16.05231564147408,complete,,,Perdida,16.05231564147408,,
Chamadas_260,Discharge,16.05231564147408,complete,,,,,,0.0
Chamadas_261,Arrival,16.10833757220597,complete,,0.0,,,,
Chamadas_261,DecideTronco_Perdida,16.10833757220597,complete,,,Perdida,16.10833757220597,,
Chamadas_261,Discharge,16.10833757220597,complete,,,,,,0.0
Chamadas_262,Arrival,16.402347265149427,complete,,0.0,,,,
Chamadas_262,DecideTronco_Atender,16.402347265149427,complete,,,Atender,16.402347265149427,,
Chamadas_262,Atendimento,16.402347265149427,start,Troncos,0.0,,,,
Chamadas_262,Atendimento,17.446152344114846,complete,Troncos,0.0,,,,
Chamadas_262,Discharge,17.446152344114846,complete,,,,,,1.0438050789654199
Chamadas_263,Arrival,16.406032403207774,complete,,0.0,,,,
Chamadas_263,DecideTronco_Atender,16.406032403207774,complete,,,Atender,16.406032403207774,,
Chamadas_263,Atendimento,16.406032403207774,start,Troncos,0.0,,,,
Chamadas_263,Atendimento,16.907409549099594,complete,Troncos,0.0,,,,
Chamadas_263,Discharge,16.907409549099594,complete,,,,,,0.5013771458918193
Chamadas_264,Arrival,16.418751720433995,complete,,0.0,,,,
Chamadas_264,DecideTronco_Atender,16.418751720433995,complete,,,Atender,16.418751720433995,,
Chamadas_264,Atendimento,16.418751720433995,start,Troncos,0.0,,,,
Chamadas_264,Atendimento,16.772761317181022,complete,Troncos,0.0,,,,
Chamadas_264,Discharge,16.772761317181022,complete,,,,,,0.3540095967470265
Chamadas_265,Arrival,16.49125903446656,complete,,0.0,,,,
Chamadas_265,DecideTronco_Atender,16.49125903446656,complete,,,Atender,16.49125903446656,,
Chamadas_265,Atendimento,16.49125903446656,start,Troncos,0.0,,,,
Chamadas_265,Atendimento,16.62371590027972,complete,Troncos,0.0,,,,
Chamadas_265,Discharge,16.62371590027972,complete,,,,,,0.13245686581316107
Chamadas_266,Arrival,16.515155564665907,complete,,0.0,,,,
Chamadas_266,DecideTronco_Atender,16.515155564665907,complete,,,Atender,16.515155564665907,,
Chamadas_266,Atendimento,16.515155564665907,start,Troncos,0.0,,,,
Chamadas_266,Atendimento,21.264244297345456,complete,Troncos,0.0,,,,
Chamadas_266,Discharge,21.264244297345456,complete,,,,,,4.7490887326795495
Chamadas_267,Arrival,16.519271283061435,complete,,0.0,,,,
Chamadas_267,DecideTronco_Atender,16.519271283061435,complete,,,Atender,16.519271283061435,,
Chamadas_267,Atendimento,16.519271283061435,start,Troncos,0.0,,,,
Chamadas_268,Arrival,16.57119407784425,complete,,0.0,,,,
Chamadas_268,DecideTronco_Perdida,16.57119407784425,complete,,,Perdida,16.57119407784425,,
Chamadas_268,Discharge,16.57119407784425,complete,,,,,,0.0
Chamadas_269,Arrival,16.618490433400652,complete,,0.0,,,,
Chamadas_269,DecideTronco_Atender,16.618490433400652,complete,,,Atender,16.618490433400652,,
Chamadas_269,Atendimento,16.618490433400652,start,Troncos,0.0,,,,
Chamadas_269,Atendimento,18.342790391544455,complete,Troncos,0.0,,,,
Chamadas_269,Discharge,18.342790391544455,complete,,,,,,1.7242999581438028
Chamadas_27,Arrival,1.6480802826639298,complete,,0.0,,,,
Chamadas_27,DecideTronco_Atender,1.6480802826639298,complete,,,Atender,1.6480802826639298,,
Chamadas_27,Atendimento,1.6480802826639298,start,Troncos,0.0,,,,
Chamadas_27,Atendimento,5.745163409832954,complete,Troncos,0.0,,,,
Chamadas_27,Discharge,5.745163409832954,complete,,,,,,4.097083127169024
Chamadas_270,Arrival,16.67296602122839,complete,,0.0,,,,
Chamadas_270,DecideTronco_Atender,16.67296602122839,complete,,,Atender,16.67296602122839,,
Chamadas_270,Atendimento,16.67296602122839,start,Troncos,0.0,,,,
Chamadas_270,Atendimento,16.780536580414523,complete,Troncos,0.0,,,,
Chamadas_270,Discharge,16.780536580414523,complete,,,,,,0.1075705591861329
Chamadas_271,Arrival,16.685305760806834,complete,,0.0,,,,
Chamadas_271,DecideTronco_Atender,16.685305760806834,complete,,,Atender,16.685305760806834,,
Chamadas_271,Atendimento,16.685305760806834,start,Troncos,0.0,,,,
Chamadas_271,Atendimento,17.996566245492733,complete,Troncos,0.0,,,,
Chamadas_271,Discharge,17.996566245492733,complete,,,,,,1.3112604846858993
Chamadas_272,Arrival,16.712816976824566,complete,,0.0,,,,
Chamadas_272,DecideTronco_Atender,16.712816976824566,complete,,,Atender,16.712816976824566,,
Chamadas_272,Atendimento,16.712816976824566,start,Troncos,0.0,,,,
Chamadas_272,Atendimento,17.61826891985372,complete,Troncos,0.0,,,,
Chamadas_272,Discharge,17.61826891985372,complete,,,,,,0.9054519430291528
Chamadas_273,Arrival,16.742147947556898,complete,,0.0,,,,
Chamadas_273,DecideTronco_Atender,16.742147947556898,complete,,,Atender,16.742147947556898,,
Chamadas_273,Atendimento,16.742147947556898,start,Troncos,0.0,,,,
Chamadas_273,Atendimento,18.977737876012057,complete,Troncos,0.0,,,,
Chamadas_273,Discharge,18.977737876012057,complete,,,,,,2.235589928455159
Chamadas_274,Arrival,16.802964285483473,complete,,0.0,,,,
Chamadas_274,DecideTronco_Atender,16.802964285483473,complete,,,Atender,16.802964285483473,,
Chamadas_274,Atendimento,16.802964285483473,start,Troncos,0.0,,,,
Chamadas_274,Atendimento,18.970986548087964,complete,Troncos,0.0,,,,
Chamadas_274,Discharge,18.970986548087964,complete,,,,,,2.1680222626044916
Chamadas_275,Arrival,16.850836503636177,complete,,0.0,,,,
Chamadas_275,DecideTronco_Atender,16.850836503636177,complete,,,Atender,16.850836503636177,,
Chamadas_275,Atendimento,16.850836503636177,start,Troncos,0.0,,,,
Chamadas_275,Atendimento,20.97217680878892,complete,Troncos,0.0,,,,
Chamadas_275,Discharge,20.97217680878892,complete,,,,,,4.121340305152742
Chamadas_276,Arrival,16.943260019728598,complete,,0.0,,,,
Chamadas_276,DecideTronco_Atender,16.943260019728598,complete,,,Atender,16.943260019728598,,
Chamadas_276,Atendimento,16.943260019728598,start,Troncos,0.0,,,,
Chamadas_276,Atendimento,20.792091024668657,complete,Troncos,0.0,,,,
Chamadas_276,Discharge,20.792091024668657,complete,,,,,,3.8488310049400596
Chamadas_277,Arrival,16.98008135311704,complete,,0.0,,,,
Chamadas_277,DecideTronco_Atender,16.98008135311704,complete,,,Atender,16.98008135311704,,
Chamadas_277,Atendimento,16.98008135311704,start,Troncos,0.0,,,,
Chamadas_277,Atendimento,18.597155037673677,complete,Troncos,0.0,,,,
Chamadas_277,Discharge,18.597155037673677,complete,,,,,,1.6170736845566367
Chamadas_278,Arrival,17.038926886386918,complete,,0.0,,,,
Chamadas_278,DecideTronco_Atender,17.038926886386918,complete,,,Atender,17.038926886386918,,
Chamadas_278,Atendimento,17.038926886386918,start,Troncos,0.0,,,,
Chamadas_278,Atendimento,18.400689565794547,complete,Troncos,0.0,,,,
Chamadas_278,Discharge,18.400689565794547,complete,,,,,,1.3617626794076294
Chamadas_279,Arrival,17.06027768468592,complete,,0.0,,,,
Chamadas_279,DecideTronco_Atender,17.06027768468592,complete,,,Atender,17.06027768468592,,
Chamadas_279,Atendimento,17.06027768468592,start,Troncos,0.0,,,,
Chamadas_279,Atendimento,17.201919074658655,complete,Troncos,0.0,,,,
Chamadas_279,Discharge,17.201919074658655,complete,,,,,,0.14164138997273312
Chamadas_28,Arrival,1.6578270018033534,complete,,0.0,,,,
Chamadas_28,DecideTronco_Atender,1.6578270018033534,complete,,,Atender,1.6578270018033534,,
Chamadas_28,Atendimento,1.6578270018033534,start,Troncos,0.0,,,,
Chamadas_28,Atendimento,2.382080211026076,complete,Troncos,0.0,,,,
Chamadas_28,Discharge,2.382080211026076,complete,,,,,,0.7242532092227225
Chamadas_280,Arrival,17.07067796722424,complete,,0.0,,,,
Chamadas_280,DecideTronco_Atender,17.07067796722424,complete,,,Atender,17.07067796722424,,
Chamadas_280,Atendimento,17.07067796722424,start,Troncos,0.0,,,,
Chamadas_280,Atendimento,18.2207578400612,complete,Troncos,0.0,,,,
Chamadas_280,Discharge,18.2207578400612,complete,,,,,,1.1500798728369617
Chamadas_281,Arrival,17.17612459023761,complete,,0.0,,,,
Chamadas_281,DecideTronco_Perdida,17.17612459023761,complete,,,Perdida,17.17612459023761,,
Chamadas_281,Discharge,17.17612459023761,complete,,,,,,0.0
Chamadas_282,Arrival,17.398371256248396,complete,,0.0,,,,
Chamadas_282,DecideTronco_Atender,17.398371256248396,complete,,,Atender,17.398371256248396,,
Chamadas_282,Atendimento,17.398371256248396,start,Troncos,0.0,,,,
Chamadas_282,Atendimento,18.878943377881413,complete,Troncos,0.0,,,,
Chamadas_282,Discharge,18.878943377881413,complete,,,,,,1.480572121633017
Chamadas_283,Arrival,17.55890790345914,complete,,0.0,,,,
Chamadas_283,DecideTronco_Atender,17.55890790345914,complete,,,Atender,17.55890790345914,,
Chamadas_283,Atendimento,17.55890790345914,start,Troncos,0.0,,,,
Chamadas_283,Atendimento,22.191600394363604,complete,Troncos,0.0,,,,
Chamadas_283,Discharge,22.191600394363604,complete,,,,,,4.632692490904464
Chamadas_284,Arrival,17.577700783620315,complete,,0.0,,,,
Chamadas_284,DecideTronco_Atender,17.577700783620315,complete,,,Atender,17.577700783620315,,
Chamadas_284,Atendimento,17.577700783620315,start,Troncos,0.0,,,,
Chamadas_284,Atendimento,17.675359935389,complete,Troncos,0.0,,,,
Chamadas_284,Discharge,17.675359935389,complete,,,,,,0.0976591517686849
Chamadas_285,Arrival,17.621063014164594,complete,,0.0,,,,
Chamadas_285,DecideTronco_Atender,17.621063014164594,complete,,,Atender,17.621063014164594,,
Chamadas_285,Atendimento,17.621063014164594,start,Troncos,0.0,,,,
Chamadas_285,Atendimento,19.156502448409867,complete,Troncos,0.0,,,,
Chamadas_285,Discharge,19.156502448409867,complete,,,,,,1.5354394342452728
Chamadas_286,Arrival,17.68402313779351,complete,,0.0,,,,
Chamadas_286,DecideTronco_Atender,17.68402313779351,complete,,,Atender,17.68402313779351,,
Chamadas_286,Atendimento,17.68402313779351,start,Troncos,0.0,,,,
Chamadas_286,Atendimento,18.73923879143355,complete,Troncos,0.0,,,,
Chamadas_286,Discharge,18.73923879143355,complete,,,,,,1.0552156536400403
Chamadas_287,Arrival,17.82652334530414,complete,,0.0,,,,
Chamadas_287,DecideTronco_Atender,17.82652334530414,complete,,,Atender,17.82652334530414,,
Chamadas_287,Atendimento,17.82652334530414,start,Troncos,0.0,,,,
Chamadas_287,Atendimento,21.497884915019846,complete,Troncos,0.0,,,,
Chamadas_287,Discharge,21.497884915019846,complete,,,,,,3.6713615697157067
Chamadas_288,Arrival,17.892681304169948,complete,,0.0,,,,
Chamadas_288,DecideTronco_Atender,17.892681304169948,complete,,,Atender,17.892681304169948,,
Chamadas_288,Atendimento,17.892681304169948,start,Troncos,0.0,,,,
Chamadas_288,Atendimento,18.064090810954735,complete,Troncos,0.0,,,,
Chamadas_288,Discharge,18.064090810954735,complete,,,,,,0.17140950678478717
Chamadas_289,Arrival,17.906676778405263,complete,,0.0,,,,
Chamadas_289,DecideTronco_Atender,17.906676778405263,complete,,,Atender,17.906676778405263,,
Chamadas_289,Atendimento,17.906676778405263,start,Troncos,0.0,,,,
Chamadas_289,Atendimento,19.456558293616006,complete,Troncos,0.0,,,,
Chamadas_289,Discharge,19.456558293616006,complete,,,,,,1.5498815152107426
Chamadas_29,Arrival,1.747674106767046,complete,,0.0,,,,
Chamadas_29,DecideTronco_Atender,1.747674106767046,complete,,,Atender,1.747674106767046,,
Chamadas_29,Atendimento,1.747674106767046,start,Troncos,0.0,,,,
Chamadas_29,Atendimento,2.0432164132914816,complete,Troncos,0.0,,,,
Chamadas_29,Discharge,2.0432164132914816,complete,,,,,,0.2955423065244356
Chamadas_290,Arrival,17.930074976837865,complete,,0.0,,,,
Chamadas_290,DecideTronco_Atender,17.930074976837865,complete,,,Atender,17.930074976837865,,
Chamadas_290,Atendimento,17.930074976837865,start,Troncos,0.0,,,,
Chamadas_290,Atendimento,19.02236079763103,complete,Troncos,0.0,,,,
Chamadas_290,Discharge,19.02236079763103,complete,,,,,,1.0922858207931654
Chamadas_291,Arrival,17.97108585840396,complete,,0.0,,,,
Chamadas_291,DecideTronco_Atender,17.97108585840396,complete,,,Atender,17.97108585840396,,
Chamadas_291,Atendimento,17.97108585840396,start,Troncos,0.0,,,,
Chamadas_291,Atendimento,19.07437376544683,complete,Troncos,0.0,,,,
Chamadas_291,Discharge,19.07437376544683,complete,,,,,,1.1032879070428692
Chamadas_292,Arrival,18.061937252300165,complete,,0.0,,,,
Chamadas_292,DecideTronco_Atender,18.061937252300165,complete,,,Atender,18.061937252300165,,
Chamadas_292,Atendimento,18.061937252300165,start,Troncos,0.0,,,,
Chamadas_292,Atendimento,20.864929306031964,complete,Troncos,0.0,,,,
Chamadas_292,Discharge,20.864929306031964,complete,,,,,,2.802992053731799
Chamadas_293,Arrival,18.090885728958767,complete,,0.0,,,,
Chamadas_293,DecideTronco_Atender,18.090885728958767,complete,,,Atender,18.090885728958767,,
Chamadas_293,Atendimento,18.090885728958767,start,Troncos,0.0,,,,
Chamadas_293,Atendimento,18.853490324633988,complete,Troncos,0.0,,,,
Chamadas_293,Discharge,18.853490324633988,complete,,,,,,0.7626045956752208
Chamadas_294,Arrival,18.09664341303705,complete,,0.0,,,,
Chamadas_294,DecideTronco_Perdida,18.09664341303705,complete,,,Perdida,18.09664341303705,,
Chamadas_294,Discharge,18.09664341303705,complete,,,,,,0.0
Chamadas_295,Arrival,18.141567778764095,complete,,0.0,,,,
Chamadas_295,DecideTronco_Perdida,18.141567778764095,complete,,,Perdida,18.141567778764095,,
Chamadas_295,Discharge,18.141567778764095,complete,,,,,,0.0
Chamadas_296,Arrival,18.146848186174477,complete,,0.0,,,,
Chamadas_296,DecideTronco_Perdida,18.146848186174477,complete,,,Perdida,18.146848186174477,,
Chamadas_296,Discharge,18.146848186174477,complete,,,,,,0.0
Chamadas_297,Arrival,18.148917152771226,complete,,0.0,,,,
Chamadas_297,DecideTronco_Perdida,18.148917152771226,complete,,,Perdida,18.148917152771226,,
Chamadas_297,Discharge,18.148917152771226,complete,,,,,,0.0
Chamadas_298,Arrival,18.23832987368932,complete,,0.0,,,,
Chamadas_298,DecideTronco_Atender,18.23832987368932,complete,,,Atender,18.23832987368932,,
Chamadas_298,Atendimento,18.23832987368932,start,Troncos,0.0,,,,
Chamadas_298,Atendimento,19.505465593303658,complete,Troncos,0.0,,,,
Chamadas_298,Discharge,19.505465593303658,complete,,,,,,1.2671357196143376
Chamadas_299,Arrival,18.35130419077764,complete,,0.0,,,,
Chamadas_299,DecideTronco_Atender,18.35130419077764,complete,,,Atender,18.35130419077764,,
Chamadas_299,Atendimento,18.35130419077764,start,Troncos,0.0,,,,
Chamadas_299,Atendimento,18.82738692389178,complete,Troncos,0.0,,,,
Chamadas_299,Discharge,18.82738692389178,complete,,,,,,0.47608273311413996
Chamadas_3,Arrival,0.2853039433670954,complete,,0.0,,,,
Chamadas_3,DecideTronco_Atender,0.2853039433670954,complete,,,Atender,0.2853039433670954,,
Chamadas_3,Atendimento,0.2853039433670954,start,Troncos,0.0,,,,
Chamadas_3,Atendimento,0.4301807475258711,complete,Troncos,0.0,,,,
Chamadas_3,Discharge,0.4301807475258711,complete,,,,,,0.14487680415877568
Chamadas_30,Arrival,1.7968266925424206,complete,,0.0,,,,
Chamadas_30,DecideTronco_Atender,1.7968266925424206,complete,,,Atender,1.7968266925424206,,
Chamadas_30,Atendimento,1.7968266925424206,start,Troncos,0.0,,,,
Chamadas_30,Atendimento,6.274799973623898,complete,Troncos,0.0,,,,
Chamadas_30,Discharge,6.274799973623898,complete,,,,,,4.477973281081477
Chamadas_300,Arrival,18.37651929246624,complete,,0.0,,,,
Chamadas_300,DecideTronco_Atender,18.37651929246624,complete,,,Atender,18.37651929246624,,
Chamadas_300,Atendimento,18.37651929246624,start,Troncos,0.0,,,,
Chamadas_300,Atendimento,20.795963857512383,complete,Troncos,0.0,,,,
Chamadas_300,Discharge,20.795963857512383,complete,,,,,,2.419444565046142
Chamadas_301,Arrival,18.43005698381685,complete,,0.0,,,,
Chamadas_301,DecideTronco_Atender,18.43005698381685,complete,,,Atender,18.43005698381685,,
Chamadas_301,Atendimento,18.43005698381685,start,Troncos,0.0,,,,
Chamadas_301,Atendimento,18.55809248766848,complete,Troncos,0.0,,,,
Chamadas_301,Discharge,18.55809248766848,complete,,,,,,0.12803550385162765
Chamadas_302,Arrival,18.473338569117875,complete,,0.0,,,,
Chamadas_302,DecideTronco_Perdida,18.473338569117875,complete,,,Perdida,18.473338569117875,,
Chamadas_302,Discharge,18.473338569117875,complete,,,,,,0.0
Chamadas_303,Arrival,18.513557531004246,complete,,0.0,,,,
Chamadas_303,DecideTronco_Perdida,18.513557531004246,complete,,,Perdida,18.513557531004246,,
Chamadas_303,Discharge,18.513557531004246,complete,,,,,,0.0
Chamadas_304,Arrival,18.54738034500381,complete,,0.0,,,,
Chamadas_304,DecideTronco_Perdida,18.54738034500381,complete,,,Perdida,18.54738034500381,,
Chamadas_304,Discharge,18.54738034500381,complete,,,,,,0.0
Chamadas_305,Arrival,18.560949823225737,complete,,0.0,,,,
Chamadas_305,DecideTronco_Atender,18.560949823225737,complete,,,Atender,18.560949823225737,,
Chamadas_305,Atendimento,18.560949823225737,start,Troncos,0.0,,,,
Chamadas_305,Atendimento,18.70808500675871,complete,Troncos,0.0,,,,
Chamadas_305,Discharge,18.70808500675871,complete,,,,,,0.14713518353297417
Chamadas_306,Arrival,18.568278993267736,complete,,0.0,,,,
Chamadas_306,DecideTronco_Perdida,18.568278993267736,complete,,,Perdida,18.568278993267736,,
Chamadas_306,Discharge,18.568278993267736,complete,,,,,,0.0
Chamadas_307,Arrival,18.80111459658273,complete,,0.0,,,,
Chamadas_307,DecideTronco_Atender,18.80111459658273,complete,,,Atender,18.80111459658273,,
Chamadas_307,Atendimento,18.80111459658273,start,Troncos,0.0,,,,
Chamadas_307,Atendimento,22.308657657027865,complete,Troncos,0.0,,,,
Chamadas_307,Discharge,22.308657657027865,complete,,,,,,3.5075430604451334
Chamadas_308,Arrival,18.811195273312673,complete,,0.0,,,,
Chamadas_308,DecideTronco_Atender,18.811195273312673,complete,,,Atender,18.811195273312673,,
Chamadas_308,Atendimento,18.811195273312673,start,Troncos,0.0,,,,
Chamadas_308,Atendimento,20.74846004162279,complete,Troncos,0.0,,,,
Chamadas_308,Discharge,20.74846004162279,complete,,,,,,1.937264768310115
Chamadas_309,Arrival,19.195791674708357,complete,,0.0,,,,
Chamadas_309,DecideTronco_Atender,19.195791674708357,complete,,,Atender,19.195791674708357,,
Chamadas_309,Atendimento,19.195791674708357,start,Troncos,0.0,,,,
Chamadas_309,Atendimento,20.450082541523535,complete,Troncos,0.0,,,,
Chamadas_309,Discharge,20.450082541523535,complete,,,,,,1.2542908668151789
Chamadas_31,Arrival,1.8430528413382472,complete,,0.0,,,,
Chamadas_31,DecideTronco_Atender,1.8430528413382472,complete,,,Atender,1.8430528413382472,,
Chamadas_31,Atendimento,1.8430528413382472,start,Troncos,0.0,,,,
Chamadas_31,Atendimento,2.2975368465042223,complete,Troncos,0.0,,,,
Chamadas_31,Discharge,2.2975368465042223,complete,,,,,,0.4544840051659751
Chamadas_310,Arrival,19.22692420446572,complete,,0.0,,,,
Chamadas_310,DecideTronco_Atender,19.22692420446572,complete,,,Atender,19.22692420446572,,
Chamadas_310,Atendimento,19.22692420446572,start,Troncos,0.0,,,,
Chamadas_310,Atendimento,19.329030638233377,complete,Troncos,0.0,,,,
Chamadas_310,Discharge,19.329030638233377,complete,,,,,,0.1021064337676556
Chamadas_311,Arrival,19.275597164722267,complete,,0.0,,,,
Chamadas_311,DecideTronco_Atender,19.275597164722267,complete,,,Atender,19.275597164722267,,
Chamadas_311,Atendimento,19.275597164722267,start,Troncos,0.0,,,,
Chamadas_311,Atendimento,20.114390070419077,complete,Troncos,0.0,,,,
Chamadas_311,Discharge,20.114390070419077,complete,,,,,,0.8387929056968098
Chamadas_312,Arrival,19.34924956945815,complete,,0.0,,,,
Chamadas_312,DecideTronco_Atender,19.34924956945815,complete,,,Atender,19.34924956945815,,
Chamadas_312,Atendimento,19.34924956945815,start,Troncos,0.0,,,,
Chamadas_312,Atendimento,22.73933757017865,complete,Troncos,0.0,,,,
Chamadas_312,Discharge,22.73933757017865,complete,,,,,,3.390088000720503
Chamadas_313,Arrival,19.615146451962644,complete,,0.0,,,,
Chamadas_313,DecideTronco_Atender,19.615146451962644,complete,,,Atender,19.615146451962644,,
Chamadas_313,Atendimento,19.615146451962644,start,Troncos,0.0,,,,
Chamadas_313,Atendimento,19.704800077904693,complete,Troncos,0.0,,,,
Chamadas_313,Discharge,19.704800077904693,complete,,,,,,0.08965362594204862
Chamadas_314,Arrival,19.690275272892375,complete,,0.0,,,,
Chamadas_314,DecideTronco_Atender,19.690275272892375,complete,,,Atender,19.690275272892375,,
Chamadas_314,Atendimento,19.690275272892375,start,Troncos,0.0,,,,
Chamadas_314,Atendimento,20.19596349556891,complete,Troncos,0.0,,,,
Chamadas_314,Discharge,20.19596349556891,complete,,,,,,0.505688222676536
Chamadas_315,Arrival,19.758967125755447,complete,,0.0,,,,
Chamadas_315,DecideTronco_Atender,19.758967125755447,complete,,,Atender,19.758967125755447,,
Chamadas_315,Atendimento,19.758967125755447,start,Troncos,0.0,,,,
Chamadas_315,Atendimento,21.213466736027957,complete,Troncos,0.0,,,,
Chamadas_315,Discharge,21.213466736027957,complete,,,,,,1.45449961027251
Chamadas_316,Arrival,19.904608411099552,complete,,0.0,,,,
Chamadas_316,DecideTronco_Atender,19.904608411099552,complete,,,Atender,19.904608411099552,,
Chamadas_316,Atendimento,19.904608411099552,start,Troncos,0.0,,,,
Chamadas_316,Atendimento,21.276683792606256,complete,Troncos,0.0,,,,
Chamadas_316,Discharge,21.276683792606256,complete,,,,,,1.3720753815067042
Chamadas_317,Arrival,19.938004044702875,complete,,0.0,,,,
Chamadas_317,DecideTronco_Atender,19.938004044702875,complete,,,Atender,19.938004044702875,,
Chamadas_317,Atendimento,19.938004044702875,start,Troncos,0.0,,,,
Chamadas_317,Atendimento,20.861636763622762,complete,Troncos,0.0,,,,
Chamadas_317,Discharge,20.861636763622762,complete,,,,,,0.9236327189198867
Chamadas_318,Arrival,20.061354218208802,complete,,0.0,,,,
Chamadas_318,DecideTronco_Atender,20.061354218208802,complete,,,Atender,20.061354218208802,,
Chamadas_318,Atendimento,20.061354218208802,start,Troncos,0.0,,,,
Chamadas_318,Atendimento,22.230265952718533,complete,Troncos,0.0,,,,
Chamadas_318,Discharge,22.230265952718533,complete,,,,,,2.168911734509731
Chamadas_319,Arrival,20.166763652331102,complete,,0.0,,,,
Chamadas_319,DecideTronco_Atender,20.166763652331102,complete,,,Atender,20.166763652331102,,
Chamadas_319,Atendimento,20.166763652331102,start,Troncos,0.0,,,,
Chamadas_319,Atendimento,20.20247722804004,complete,Troncos,0.0,,,,
Chamadas_319,Discharge,20.20247722804004,complete,,,,,,0.03571357570893596
Chamadas_32,Arrival,1.8707620381549546,complete,,0.0,,,,
Chamadas_32,DecideTronco_Atender,1.8707620381549546,complete,,,Atender,1.8707620381549546,,
Chamadas_32,Atendimento,1.8707620381549546,start,Troncos,0.0,,,,
Chamadas_32,Atendimento,2.3157978935541133,complete,Troncos,0.0,,,,
Chamadas_32,Discharge,2.3157978935541133,complete,,,,,,0.4450358553991587
Chamadas_320,Arrival,20.19721084915709,complete,,0.0,,,,
Chamadas_320,DecideTronco_Atender,20.19721084915709,complete,,,Atender,20.19721084915709,,
Chamadas_320,Atendimento,20.19721084915709,start,Troncos,0.0,,,,
Chamadas_320,Atendimento,20.268223749308383,complete,Troncos,0.0,,,,
Chamadas_320,Discharge,20.268223749308383,complete,,,,,,0.0710129001512918
Chamadas_321,Arrival,20.252379782642375,complete,,0.0,,,,
Chamadas_321,DecideTronco_Atender,20.252379782642375,complete,,,Atender,20.252379782642375,,
Chamadas_321,Atendimento,20.252379782642375,start,Troncos,0.0,,,,
Chamadas_321,Atendimento,21.012106274211817,complete,Troncos,0.0,,,,
Chamadas_321,Discharge,21.012106274211817,complete,,,,,,0.7597264915694417
Chamadas_322,Arrival,20.302984587318925,complete,,0.0,,,,
Chamadas_322,DecideTronco_Atender,20.302984587318925,complete,,,Atender,20.302984587318925,,
Chamadas_322,Atendimento,20.302984587318925,start,Troncos,0.0,,,,
Chamadas_322,Atendimento,20.345006205540493,complete,Troncos,0.0,,,,
Chamadas_322,Discharge,20.345006205540493,complete,,,,,,0.04202161822156825
Chamadas_323,Arrival,20.33349554093476,complete,,0.0,,,,
Chamadas_323,DecideTronco_Atender,20.33349554093476,complete,,,Atender,20.33349554093476,,
Chamadas_323,Atendimento,20.33349554093476,start,Troncos,0.0,,,,
Chamadas_323,Atendimento,23.068459171901218,complete,Troncos,0.0,,,,
Chamadas_323,Discharge,23.068459171901218,complete,,,,,,2.7349636309664582
Chamadas_324,Arrival,20.34625887575174,complete,,0.0,,,,
Chamadas_324,DecideTronco_Atender,20.34625887575174,complete,,,Atender,20.34625887575174,,
Chamadas_324,Atendimento,20.34625887575174,start,Troncos,0.0,,,,
Chamadas_324,Atendimento,21.345645134497097,complete,Troncos,0.0,,,,
Chamadas_324,Discharge,21.345645134497097,complete,,,,,,0.999386258745357
Chamadas_325,Arrival,20.518455192041866,complete,,0.0,,,,
Chamadas_325,DecideTronco_Atender,20.518455192041866,complete,,,Atender,20.518455192041866,,
Chamadas_325,Atendimento,20.518455192041866,start,Troncos,0.0,,,,
Chamadas_325,Atendimento,21.419019569951047,complete,Troncos,0.0,,,,
Chamadas_325,Discharge,21.419019569951047,complete,,,,,,0.9005643779091805
Chamadas_326,Arrival,20.582109716941254,complete,,0.0,,,,
Chamadas_326,DecideTronco_Atender,20.582109716941254,complete,,,Atender,20.582109716941254,,
Chamadas_326,Atendimento,20.582109716941254,start,Troncos,0.0,,,,
Chamadas_326,Atendimento,22.081713805898023,complete,Troncos,0.0,,,,
Chamadas_326,Discharge,22.081713805898023,complete,,,,,,1.4996040889567688
Chamadas_327,Arrival,20.609294089353405,complete,,0.0,,,,
Chamadas_327,DecideTronco_Atender,20.609294089353405,complete,,,Atender,20.609294089353405,,
Chamadas_327,Atendimento,20.609294089353405,start,Troncos,0.0,,,,
Chamadas_327,Atendimento,23.46155550310508,complete,Troncos,0.0,,,,
Chamadas_327,Discharge,23.46155550310508,complete,,,,,,2.852261413751677
Chamadas_328,Arrival,20.635418745861504,complete,,0.0,,,,
Chamadas_328,DecideTronco_Atender,20.635418745861504,complete,,,Atender,20.635418745861504,,
Chamadas_328,Atendimento,20.635418745861504,start,Troncos,0.0,,,,
Chamadas_328,Atendimento,22.441469416965788,complete,Troncos,0.0,,,,
Chamadas_328,Discharge,22.441469416965788,complete,,,,,,1.806050671104284
Chamadas_329,Arrival,20.667425980079358,complete,,0.0,,,,
Chamadas_329,DecideTronco_Atender,20.667425980079358,complete,,,Atender,20.667425980079358,,
Chamadas_329,Atendimento,20.667425980079358,start,Troncos,0.0,,,,
Chamadas_329,Atendimento,24.10979994641872,complete,Troncos,0.0,,,,
Chamadas_329,Discharge,24.10979994641872,complete,,,,,,3.4423739663393604
Chamadas_33,Arrival,2.0564196094906255,complete,,0.0,,,,
Chamadas_33,DecideTronco_Atender,2.0564196094906255,complete,,,Atender,2.0564196094906255,,
Chamadas_33,Atendimento,2.0564196094906255,start,Troncos,0.0,,,,
Chamadas_33,Atendimento,5.367586787585611,complete,Troncos,0.0,,,,
Chamadas_33,Discharge,5.367586787585611,complete,,,,,,3.3111671780949856
Chamadas_330,Arrival,20.669421438437073,complete,,0.0,,,,
Chamadas_330,DecideTronco_Atender,20.669421438437073,complete,,,Atender,20.669421438437073,,
Chamadas_330,Atendimento,20.669421438437073,start,Troncos,0.0,,,,
Chamadas_330,Atendimento,23.139268059709686,complete,Troncos,0.0,,,,
Chamadas_330,Discharge,23.139268059709686,complete,,,,,,2.4698466212726125
Chamadas_331,Arrival,20.781481226705537,complete,,0.0,,,,
Chamadas_331,DecideTronco_Atender,20.781481226705537,complete,,,Atender,20.781481226705537,,
Chamadas_331,Atendimento,20.781481226705537,start,Troncos,0.0,,,,
Chamadas_331,Atendimento,23.664864411546528,complete,Troncos,0.0,,,,
Chamadas_331,Discharge,23.664864411546528,complete,,,,,,2.8833831848409908
Chamadas_332,Arrival,20.788738685040133,complete,,0.0,,,,
Chamadas_332,DecideTronco_Atender,20.788738685040133,complete,,,Atender,20.788738685040133,,
Chamadas_332,Atendimento,20.788738685040133,start,Troncos,0.0,,,,
Chamadas_333,Arrival,20.810609305310578,complete,,0.0,,,,
Chamadas_333,DecideTronco_Atender,20.810609305310578,complete,,,Atender,20.810609305310578,,
Chamadas_333,Atendimento,20.810609305310578,start,Troncos,0.0,,,,
Chamadas_333,Atendimento,21.886381402411434,complete,Troncos,0.0,,,,
Chamadas_333,Discharge,21.886381402411434,complete,,,,,,1.075772097100856
Chamadas_334,Arrival,20.814443022149653,complete,,0.0,,,,
Chamadas_334,DecideTronco_Atender,20.814443022149653,complete,,,Atender,20.814443022149653,,
Chamadas_334,Atendimento,20.814443022149653,start,Troncos,0.0,,,,
Chamadas_334,Atendimento,21.1693405144735,complete,Troncos,0.0,,,,
Chamadas_334,Discharge,21.1693405144735,complete,,,,,,0.3548974923238468
Chamadas_335,Arrival,20.82046214120685,complete,,0.0,,,,
Chamadas_335,DecideTronco_Atender,20.82046214120685,complete,,,Atender,20.82046214120685,,
Chamadas_335,Atendimento,20.82046214120685,start,Troncos,0.0,,,,
Chamadas_335,Atendimento,20.993992047630165,complete,Troncos,0.0,,,,
Chamadas_335,Discharge,20.993992047630165,complete,,,,,,0.17352990642331534
Chamadas_336,Arrival,20.83008790583159,complete,,0.0,,,,
Chamadas_336,DecideTronco_Atender,20.83008790583159,complete,,,Atender,20.83008790583159,,
Chamadas_336,Atendimento,20.83008790583159,start,Troncos,0.0,,,,
Chamadas_336,Atendimento,22.771147801409203,complete,Troncos,0.0,,,,
Chamadas_336,Discharge,22.771147801409203,complete,,,,,,1.941059895577613
Chamadas_337,Arrival,20.85958760206065,complete,,0.0,,,,
Chamadas_337,DecideTronco_Atender,20.85958760206065,complete,,,Atender,20.85958760206065,,
Chamadas_337,Atendimento,20.85958760206065,start,Troncos,0.0,,,,
Chamadas_337,Atendimento,21.344268000085123,complete,Troncos,0.0,,,,
Chamadas_337,Discharge,21.344268000085123,complete,,,,,,0.48468039802447294
Chamadas_338,Arrival,20.904446660506256,complete,,0.0,,,,
Chamadas_338,DecideTronco_Atender,20.904446660506256,complete,,,Atender,20.904446660506256,,
Chamadas_338,Atendimento,20.904446660506256,start,Troncos,0.0,,,,
Chamadas_338,Atendimento,21.4246582169445,complete,Troncos,0.0,,,,
Chamadas_338,Discharge,21.4246582169445,complete,,,,,,0.5202115564382446
Chamadas_339,Arrival,20.96475397331884,complete,,0.0,,,,
Chamadas_339,DecideTronco_Atender,20.96475397331884,complete,,,Atender,20.96475397331884,,
Chamadas_339,Atendimento,20.96475397331884,start,Troncos,0.0,,,,
Chamadas_339,Atendimento,21.582517903978406,complete,Troncos,0.0,,,,
Chamadas_339,Discharge,21.582517903978406,complete,,,,,,0.6177639306595673
Chamadas_34,Arrival,2.0842363197511435,complete,,0.0,,,,
Chamadas_34,DecideTronco_Atender,2.0842363197511435,complete,,,Atender,2.0842363197511435,,
Chamadas_34,Atendimento,2.0842363197511435,start,Troncos,0.0,,,,
Chamadas_34,Atendimento,4.707057850689893,complete,Troncos,0.0,,,,
Chamadas_34,Discharge,4.707057850689893,complete,,,,,,2.622821530938749
Chamadas_340,Arrival,21.03774686645096,complete,,0.0,,,,
Chamadas_340,DecideTronco_Atender,21.03774686645096,complete,,,Atender,21.03774686645096,,
Chamadas_340,Atendimento,21.03774686645096,start,Troncos,0.0,,,,
Chamadas_340,Atendimento,22.065144273298472,complete,Troncos,0.0,,,,
Chamadas_340,Discharge,22.065144273298472,complete,,,,,,1.0273974068475127
Chamadas_341,Arrival,21.227181575877957,complete,,0.0,,,,
Chamadas_341,DecideTronco_Atender,21.227181575877957,complete,,,Atender,21.227181575877957,,
Chamadas_341,Atendimento,21.227181575877957,start,Troncos,0.0,,,,
Chamadas_341,Atendimento,22.906206337839777,complete,Troncos,0.0,,,,
Chamadas_341,Discharge,22.906206337839777,complete,,,,,,1.67902476196182
Chamadas_342,Arrival,21.269656746607247,complete,,0.0,,,,
Chamadas_342,DecideTronco_Atender,21.269656746607247,complete,,,Atender,21.269656746607247,,
Chamadas_342,Atendimento,21.269656746607247,start,Troncos,0.0,,,,
Chamadas_342,Atendimento,23.008235282995166,complete,Troncos,0.0,,,,
Chamadas_342,Discharge,23.008235282995166,complete,,,,,,1.7385785363879194
Chamadas_343,Arrival,21.284727936769187,complete,,0.0,,,,
Chamadas_343,DecideTronco_Atender,21.284727936769187,complete,,,Atender,21.284727936769187,,
Chamadas_343,Atendimento,21.284727936769187,start,Troncos,0.0,,,,
Chamadas_343,Atendimento,22.18774462403646,complete,Troncos,0.0,,,,
Chamadas_343,Discharge,22.18774462403646,complete,,,,,,0.9030166872672716
Chamadas_344,Arrival,21.301329445066575,complete,,0.0,,,,
Chamadas_344,DecideTronco_Atender,21.301329445066575,complete,,,Atender,21.301329445066575,,
Chamadas_344,Atendimento,21.301329445066575,start,Troncos,0.0,,,,
Chamadas_344,Atendimento,21.797125704153892,complete,Troncos,0.0,,,,
Chamadas_344,Discharge,21.797125704153892,complete,,,,,,0.4957962590873173
Chamadas_345,Arrival,21.344689244826924,complete,,0.0,,,,
Chamadas_345,DecideTronco_Atender,21.344689244826924,complete,,,Atender,21.344689244826924,,
Chamadas_345,Atendimento,21.344689244826924,start,Troncos,0.0,,,,
Chamadas_345,Atendimento,22.572362053171858,complete,Troncos,0.0,,,,
Chamadas_345,Discharge,22.572362053171858,complete,,,,,,1.2276728083449342
Chamadas_346,Arrival,21.386838711543135,complete,,0.0,,,,
Chamadas_346,DecideTronco_Atender,21.386838711543135,complete,,,Atender,21.386838711543135,,
Chamadas_346,Atendimento,21.386838711543135,start,Troncos,0.0,,,,
Chamadas_346,Atendimento,21.53317634574417,complete,Troncos,0.0,,,,
Chamadas_346,Discharge,21.53317634574417,complete,,,,,,0.14633763420103563
Chamadas_347,Arrival,21.496026938889706,complete,,0.0,,,,
Chamadas_347,DecideTronco_Atender,21.496026938889706,complete,,,Atender,21.496026938889706,,
Chamadas_347,Atendimento,21.496026938889706,start,Troncos,0.0,,,,
Chamadas_347,Atendimento,21.81242277291973,complete,Troncos,0.0,,,,
Chamadas_347,Discharge,21.81242277291973,complete,,,,,,0.31639583403002547
Chamadas_348,Arrival,21.520659760297157,complete,,0.0,,,,
Chamadas_348,DecideTronco_Atender,21.520659760297157,complete,,,Atender,21.520659760297157,,
Chamadas_348,Atendimento,21.520659760297157,start,Troncos,0.0,,,,
Chamadas_348,Atendimento,23.524203482806854,complete,Troncos,0.0,,,,
Chamadas_348,Discharge,23.524203482806854,complete,,,,,,2.003543722509697
Chamadas_349,Arrival,21.621423604434018,complete,,0.0,,,,
Chamadas_349,DecideTronco_Atender,21.621423604434018,complete,,,Atender,21.621423604434018,,
Chamadas_349,Atendimento,21.621423604434018,start,Troncos,0.0,,,,
Chamadas_35,Arrival,2.135167207363037,complete,,0.0,,,,
Chamadas_35,DecideTronco_Atender,2.135167207363037,complete,,,Atender,2.135167207363037,,
Chamadas_35,Atendimento,2.135167207363037,start,Troncos,0.0,,,,
Chamadas_35,Atendimento,3.860402573802455,complete,Troncos,0.0,,,,
Chamadas_35,Discharge,3.860402573802455,complete,,,,,,1.725235366439418
Chamadas_350,Arrival,21.660169804549007,complete,,0.0,,,,
Chamadas_350,DecideTronco_Atender,21.660169804549007,complete,,,Atender,21.660169804549007,,
Chamadas_350,Atendimento,21.660169804549007,start,Troncos,0.0,,,,
Chamadas_350,Atendimento,21.670791677068664,complete,Troncos,0.0,,,,
Chamadas_350,Discharge,21.670791677068664,complete,,,,,,0.01062187251965696
Chamadas_351,Arrival,21.662527351824362,complete,,0.0,,,,
Chamadas_351,DecideTronco_Atender,21.662527351824362,complete,,,Atender,21.662527351824362,,
Chamadas_351,Atendimento,21.662527351824362,start,Troncos,0.0,,,,
Chamadas_351,Atendimento,22.357412793943677,complete,Troncos,0.0,,,,
Chamadas_351,Discharge,22.357412793943677,complete,,,,,,0.6948854421193147
Chamadas_352,Arrival,21.792079694314147,complete,,0.0,,,,
Chamadas_352,DecideTronco_Atender,21.792079694314147,complete,,,Atender,21.792079694314147,,
Chamadas_352,Atendimento,21.792079694314147,start,Troncos,0.0,,,,
Chamadas_352,Atendimento,22.79938645119066,complete,Troncos,0.0,,,,
Chamadas_352,Discharge,22.79938645119066,complete,,,,,,1.0073067568765133
Chamadas_353,Arrival,21.808230317272052,complete,,0.0,,,,
Chamadas_353,DecideTronco_Atender,21.808230317272052,complete,,,Atender,21.808230317272052,,
Chamadas_353,Atendimento,21.808230317272052,start,Troncos,0.0,,,,
Chamadas_353,Atendimento,22.351198775903473,complete,Troncos,0.0,,,,
Chamadas_353,Discharge,22.351198775903473,complete,,,,,,0.542968458631421
Chamadas_354,Arrival,21.823030741663395,complete,,0.0,,,,
Chamadas_354,DecideTronco_Atender,21.823030741663395,complete,,,Atender,21.823030741663395,,
Chamadas_354,Atendimento,21.823030741663395,start,Troncos,0.0,,,,
Chamadas_354,Atendimento,24.833901720819508,complete,Troncos,0.0,,,,
Chamadas_354,Discharge,24.833901720819508,complete,,,,,,3.0108709791561132
Chamadas_355,Arrival,21.890380556367212,complete,,0.0,,,,
Chamadas_355,DecideTronco_Atender,21.890380556367212,complete,,,Atender,21.890380556367212,,
Chamadas_355,Atendimento,21.890380556367212,start,Troncos,0.0,,,,
Chamadas_355,Atendimento,23.65347234101624,complete,Troncos,0.0,,,,
Chamadas_355,Discharge,23.65347234101624,complete,,,,,,1.7630917846490277
Chamadas_356,Arrival,21.9284292111081,complete,,0.0,,,,
Chamadas_356,DecideTronco_Atender,21.9284292111081,complete,,,Atender,21.9284292111081,,
Chamadas_356,Atendimento,21.9284292111081,start,Troncos,0.0,,,,
Chamadas_356,Atendimento,22.90497344645797,complete,Troncos,0.0,,,,
Chamadas_356,Discharge,22.90497344645797,complete,,,,,,0.9765442353498699
Chamadas_357,Arrival,22.026803053400904,complete,,0.0,,,,
Chamadas_357,DecideTronco_Atender,22.026803053400904,complete,,,Atender,22.026803053400904,,
Chamadas_357,Atendimento,22.026803053400904,start,Troncos,0.0,,,,
Chamadas_357,Atendimento,22.958032711191365,complete,Troncos,0.0,,,,
Chamadas_357,Discharge,22.958032711191365,complete,,,,,,0.9312296577904604
Chamadas_358,Arrival,22.051961882388394,complete,,0.0,,,,
Chamadas_358,DecideTronco_Atender,22.051961882388394,complete,,,Atender,22.051961882388394,,
Chamadas_358,Atendimento,22.051961882388394,start,Troncos,0.0,,,,
Chamadas_359,Arrival,22.191768060648467,complete,,0.0,,,,
Chamadas_359,DecideTronco_Atender,22.191768060648467,complete,,,Atender,22.191768060648467,,
Chamadas_359,Atendimento,22.191768060648467,start,Troncos,0.0,,,,
Chamadas_359,Atendimento,22.70255740246131,complete,Troncos,0.0,,,,
Chamadas_359,Discharge,22.70255740246131,complete,,,,,,0.510789341812842
Chamadas_36,Arrival,2.23519248966596,complete,,0.0,,,,
Chamadas_36,DecideTronco_Atender,2.23519248966596,complete,,,Atender,2.23519248966596,,
Chamadas_36,Atendimento,2.23519248966596,start,Troncos,0.0,,,,
Chamadas_36,Atendimento,4.2497183051524665,complete,Troncos,0.0,,,,
Chamadas_36,Discharge,4.2497183051524665,complete,,,,,,2.0145258154865067
Chamadas_360,Arrival,22.208996330804457,complete,,0.0,,,,
Chamadas_360,DecideTronco_Atender,22.208996330804457,complete,,,Atender,22.208996330804457,,
Chamadas_360,Atendimento,22.208996330804457,start,Troncos,0.0,,,,
Chamadas_361,Arrival,22.308098681338524,complete,,0.0,,,,
Chamadas_361,DecideTronco_Atender,22.308098681338524,complete,,,Atender,22.308098681338524,,
Chamadas_361,Atendimento,22.308098681338524,start,Troncos,0.0,,,,
Chamadas_361,Atendimento,24.118673234742026,complete,Troncos,0.0,,,,
Chamadas_361,Discharge,24.118673234742026,complete,,,,,,1.8105745534035016
Chamadas_362,Arrival,22.316688497540092,complete,,0.0,,,,
Chamadas_362,DecideTronco_Atender,22.316688497540092,complete,,,Atender,22.316688497540092,,
Chamadas_362,Atendimento,22.316688497540092,start,Troncos,0.0,,,,
Chamadas_362,Atendimento,24.920880029808004,complete,Troncos,0.0,,,,
Chamadas_362,Discharge,24.920880029808004,complete,,,,,,2.6041915322679117
Chamadas_363,Arrival,22.499075273517665,complete,,0.0,,,,
Chamadas_363,DecideTronco_Atender,22.499075273517665,complete,,,Atender,22.499075273517665,,
Chamadas_363,Atendimento,22.499075273517665,start,Troncos,0.0,,,,
Chamadas_363,Atendimento,22.60115179499813,complete,Troncos,0.0,,,,
Chamadas_363,Discharge,22.60115179499813,complete,,,,,,0.1020765214804662
Chamadas_364,Arrival,22.509073929913583,complete,,0.0,,,,
Chamadas_364,DecideTronco_Atender,22.509073929913583,complete,,,Atender,22.509073929913583,,
Chamadas_364,Atendimento,22.509073929913583,start,Troncos,0.0,,,,
Chamadas_364,Atendimento,23.57278932080215,complete,Troncos,0.0,,,,
Chamadas_364,Discharge,23.57278932080215,complete,,,,,,1.063715390888568
Chamadas_365,Arrival,22.53561808746508,complete,,0.0,,,,
Chamadas_365,DecideTronco_Atender,22.53561808746508,complete,,,Atender,22.53561808746508,,
Chamadas_365,Atendimento,22.53561808746508,start,Troncos,0.0,,,,
Chamadas_365,Atendimento,24.25973212708987,complete,Troncos,0.0,,,,
Chamadas_365,Discharge,24.25973212708987,complete,,,,,,1.7241140396247872
Chamadas_366,Arrival,22.60206955563434,complete,,0.0,,,,
Chamadas_366,DecideTronco_Atender,22.60206955563434,complete,,,Atender,22.60206955563434,,
Chamadas_366,Atendimento,22.60206955563434,start,Troncos,0.0,,,,
Chamadas_366,Atendimento,24.11425871415473,complete,Troncos,0.0,,,,
Chamadas_366,Discharge,24.11425871415473,complete,,,,,,1.512189158520389
Chamadas_367,Arrival,22.609860756474237,complete,,0.0,,,,
Chamadas_367,DecideTronco_Atender,22.609860756474237,complete,,,Atender,22.609860756474237,,
Chamadas_367,Atendimento,22.609860756474237,start,Troncos,0.0,,,,
Chamadas_367,Atendimento,24.266388310776758,complete,Troncos,0.0,,,,
Chamadas_367,Discharge,24.266388310776758,complete,,,,,,1.6565275543025209
Chamadas_368,Arrival,22.698365211097933,complete,,0.0,,,,
Chamadas_368,DecideTronco_Atender,22.698365211097933,complete,,,Atender,22.698365211097933,,
Chamadas_368,Atendimento,22.698365211097933,start,Troncos,0.0,,,,
Chamadas_369,Arrival,22.715608615115386,complete,,0.0,,,,
Chamadas_369,DecideTronco_Atender,22.715608615115386,complete,,,Atender,22.715608615115386,,
Chamadas_369,Atendimento,22.715608615115386,start,Troncos,0.0,,,,
Chamadas_369,Atendimento,23.20651818649574,complete,Troncos,0.0,,,,
Chamadas_369,Discharge,23.20651818649574,complete,,,,,,0.49090957138035307
Chamadas_37,Arrival,2.2521122115206027,complete,,0.0,,,,
Chamadas_37,DecideTronco_Atender,2.2521122115206027,complete,,,Atender,2.2521122115206027,,
Chamadas_37,Atendimento,2.2521122115206027,start,Troncos,0.0,,,,
Chamadas_37,Atendimento,3.616425492433083,complete,Troncos,0.0,,,,
Chamadas_37,Discharge,3.616425492433083,complete,,,,,,1.3643132809124805
Chamadas_370,Arrival,22.918896740486225,complete,,0.0,,,,
Chamadas_370,DecideTronco_Atender,22.918896740486225,complete,,,Atender,22.918896740486225,,
Chamadas_370,Atendimento,22.918896740486225,start,Troncos,0.0,,,,
Chamadas_371,Arrival,23.001698220743002,complete,,0.0,,,,
Chamadas_371,DecideTronco_Atender,23.001698220743002,complete,,,Atender,23.001698220743002,,
Chamadas_371,Atendimento,23.001698220743002,start,Troncos,0.0,,,,
Chamadas_372,Arrival,23.022741485326048,complete,,0.0,,,,
Chamadas_372,DecideTronco_Atender,23.022741485326048,complete,,,Atender,23.022741485326048,,
Chamadas_372,Atendimento,23.022741485326048,start,Troncos,0.0,,,,
Chamadas_372,Atendimento,23.050627575631896,complete,Troncos,0.0,,,,
Chamadas_372,Discharge,23.050627575631896,complete,,,,,,0.027886090305848654
Chamadas_373,Arrival,23.026922738736268,complete,,0.0,,,,
Chamadas_373,DecideTronco_Atender,23.026922738736268,complete,,,Atender,23.026922738736268,,
Chamadas_373,Atendimento,23.026922738736268,start,Troncos,0.0,,,,
Chamadas_374,Arrival,23.031272873249225,complete,,0.0,,,,
Chamadas_374,DecideTronco_Atender,23.031272873249225,complete,,,Atender,23.031272873249225,,
Chamadas_374,Atendimento,23.031272873249225,start,Troncos,0.0,,,,
Chamadas_374,Atendimento,24.914322612498463,complete,Troncos,0.0,,,,
Chamadas_374,Discharge,24.914322612498463,complete,,,,,,1.8830497392492376
Chamadas_375,Arrival,23.120158542163104,complete,,0.0,,,,
Chamadas_375,DecideTronco_Atender,23.120158542163104,complete,,,Atender,23.120158542163104,,
Chamadas_375,Atendimento,23.120158542163104,start,Troncos,0.0,,,,
Chamadas_375,Atendimento,23.41980794679399,complete,Troncos,0.0,,,,
Chamadas_375,Discharge,23.41980794679399,complete,,,,,,0.2996494046308875
Chamadas_376,Arrival,23.225005089966665,complete,,0.0,,,,
Chamadas_376,DecideTronco_Atender,23.225005089966665,complete,,,Atender,23.225005089966665,,
Chamadas_376,Atendimento,23.225005089966665,start,Troncos,0.0,,,,
Chamadas_376,Atendimento,24.101690998613726,complete,Troncos,0.0,,,,
Chamadas_376,Discharge,24.101690998613726,complete,,,,,,0.8766859086470618
Chamadas_377,Arrival,23.342433174989498,complete,,0.0,,,,
Chamadas_377,DecideTronco_Atender,23.342433174989498,complete,,,Atender,23.342433174989498,,
Chamadas_377,Atendimento,23.342433174989498,start,Troncos,0.0,,,,
Chamadas_378,Arrival,23.402473224680072,complete,,0.0,,,,
Chamadas_378,DecideTronco_Atender,23.402473224680072,complete,,,Atender,23.402473224680072,,
Chamadas_378,Atendimento,23.402473224680072,start,Troncos,0.0,,,,
Chamadas_379,Arrival,23.45097596147733,complete,,0.0,,,,
Chamadas_379,DecideTronco_Atender,23.45097596147733,complete,,,Atender,23.45097596147733,,
Chamadas_379,Atendimento,23.45097596147733,start,Troncos,0.0,,,,
Chamadas_38,Arrival,2.404473267686646,complete,,0.0,,,,
Chamadas_38,DecideTronco_Atender,2.404473267686646,complete,,,Atender,2.404473267686646,,
Chamadas_38,Atendimento,2.404473267686646,start,Troncos,0.0,,,,
Chamadas_38,Atendimento,9.969134986015307,complete,Troncos,0.0,,,,
Chamadas_38,Discharge,9.969134986015307,complete,,,,,,7.5646617183286615
Chamadas_380,Arrival,23.506769624021608,complete,,0.0,,,,
Chamadas_380,DecideTronco_Atender,23.506769624021608,complete,,,Atender,23.506769624021608,,
Chamadas_380,Atendimento,23.506769624021608,start,Troncos,0.0,,,,
Chamadas_380,Atendimento,24.494622178441496,complete,Troncos,0.0,,,,
Chamadas_380,Discharge,24.494622178441496,complete,,,,,,0.987852554419888
Chamadas_381,Arrival,23.55156733160003,complete,,0.0,,,,
Chamadas_381,DecideTronco_Atender,23.55156733160003,complete,,,Atender,23.55156733160003,,
Chamadas_381,Atendimento,23.55156733160003,start,Troncos,0.0,,,,
Chamadas_381,Atendimento,23.953744879971264,complete,Troncos,0.0,,,,
Chamadas_381,Discharge,23.953744879971264,complete,,,,,,0.40217754837123465
Chamadas_382,Arrival,23.645564410252756,complete,,0.0,,,,
Chamadas_382,DecideTronco_Atender,23.645564410252756,complete,,,Atender,23.645564410252756,,
Chamadas_382,Atendimento,23.645564410252756,start,Troncos,0.0,,,,
Chamadas_382,Atendimento,24.246103302527438,complete,Troncos,0.0,,,,
Chamadas_382,Discharge,24.246103302527438,complete,,,,,,0.600538892274681
Chamadas_383,Arrival,23.713207716593587,complete,,0.0,,,,
Chamadas_383,DecideTronco_Atender,23.713207716593587,complete,,,Atender,23.713207716593587,,
Chamadas_383,Atendimento,23.713207716593587,start,Troncos,0.0,,,,
Chamadas_383,Atendimento,23.769048844878714,complete,Troncos,0.0,,,,
Chamadas_383,Discharge,23.769048844878714,complete,,,,,,0.05584112828512744
Chamadas_384,Arrival,23.79507233426512,complete,,0.0,,,,
Chamadas_384,DecideTronco_Atender,23.79507233426512,complete,,,Atender,23.79507233426512,,
Chamadas_384,Atendimento,23.79507233426512,start,Troncos,0.0,,,,
Chamadas_384,Atendimento,23.888751178181213,complete,Troncos,0.0,,,,
Chamadas_384,Discharge,23.888751178181213,complete,,,,,,0.09367884391609138
Chamadas_385,Arrival,23.844710241189034,complete,,0.0,,,,
Chamadas_385,DecideTronco_Atender,23.844710241189034,complete,,,Atender,23.844710241189034,,
Chamadas_385,Atendimento,23.844710241189034,start,Troncos,0.0,,,,
Chamadas_385,Atendimento,24.188671654548774,complete,Troncos,0.0,,,,
Chamadas_385,Discharge,24.188671654548774,complete,,,,,,0.3439614133597395
Chamadas_386,Arrival,23.854341879078,complete,,0.0,,,,
Chamadas_386,DecideTronco_Atender,23.854341879078,complete,,,Atender,23.854341879078,,
Chamadas_386,Atendimento,23.854341879078,start,Troncos,0.0,,,,
Chamadas_386,Atendimento,24.366575750552773,complete,Troncos,0.0,,,,
Chamadas_386,Discharge,24.366575750552773,complete,,,,,,0.5122338714747734
Chamadas_387,Arrival,23.902511236098672,complete,,0.0,,,,
Chamadas_387,DecideTronco_Atender,23.902511236098672,complete,,,Atender,23.902511236098672,,
Chamadas_387,Atendimento,23.902511236098672,start,Troncos,0.0,,,,
Chamadas_388,Arrival,23.967179924546517,complete,,0.0,,,,
Chamadas_388,DecideTronco_Atender,23.967179924546517,complete,,,Atender,23.967179924546517,,
Chamadas_388,Atendimento,23.967179924546517,start,Troncos,0.0,,,,
Chamadas_389,Arrival,23.98340418036218,complete,,0.0,,,,
Chamadas_389,DecideTronco_Atender,23.98340418036218,complete,,,Atender,23.98340418036218,,
Chamadas_389,Atendimento,23.98340418036218,start,Troncos,0.0,,,,
Chamadas_389,Atendimento,24.60054536124312,complete,Troncos,0.0,,,,
Chamadas_389,Discharge,24.60054536124312,complete,,,,,,0.6171411808809424
Chamadas_39,Arrival,2.49789071114466,complete,,0.0,,,,
Chamadas_39,DecideTronco_Atender,2.49789071114466,complete,,,Atender,2.49789071114466,,
Chamadas_39,Atendimento,2.49789071114466,start,Troncos,0.0,,,,
Chamadas_39,Atendimento,6.034262576767675,complete,Troncos,0.0,,,,
Chamadas_39,Discharge,6.034262576767675,complete,,,,,,3.5363718656230154
Chamadas_390,Arrival,24.04560286292503,complete,,0.0,,,,
Chamadas_390,DecideTronco_Atender,24.04560286292503,complete,,,Atender,24.04560286292503,,
Chamadas_390,Atendimento,24.04560286292503,start,Troncos,0.0,,,,
Chamadas_391,Arrival,24.057900482507666,complete,,0.0,,,,
Chamadas_391,DecideTronco_Atender,24.057900482507666,complete,,,Atender,24.057900482507666,,
Chamadas_391,Atendimento,24.057900482507666,start,Troncos,0.0,,,,
Chamadas_391,Atendimento,24.983022834733475,complete,Troncos,0.0,,,,
Chamadas_391,Discharge,24.983022834733475,complete,,,,,,0.9251223522258094
Chamadas_392,Arrival,24.11020112260239,complete,,0.0,,,,
Chamadas_392,DecideTronco_Atender,24.11020112260239,complete,,,Atender,24.11020112260239,,
Chamadas_392,Atendimento,24.11020112260239,start,Troncos,0.0,,,,
Chamadas_393,Arrival,24.191475039918387,complete,,0.0,,,,
Chamadas_393,DecideTronco_Atender,24.191475039918387,complete,,,Atender,24.191475039918387,,
Chamadas_393,Atendimento,24.191475039918387,start,Troncos,0.0,,,,
Chamadas_394,Arrival,24.238132301357197,complete,,0.0,,,,
Chamadas_394,DecideTronco_Atender,24.238132301357197,complete,,,Atender,24.238132301357197,,
Chamadas_394,Atendimento,24.238132301357197,start,Troncos,0.0,,,,
Chamadas_394,Atendimento,24.444817593360355,complete,Troncos,0.0,,,,
Chamadas_394,Discharge,24.444817593360355,complete,,,,,,0.20668529200315788
Chamadas_395,Arrival,24.26656018209995,complete,,0.0,,,,
Chamadas_395,DecideTronco_Atender,24.26656018209995,complete,,,Atender,24.26656018209995,,
Chamadas_395,Atendimento,24.26656018209995,start,Troncos,0.0,,,,
Chamadas_396,Arrival,24.340505400207594,complete,,0.0,,,,
Chamadas_396,DecideTronco_Atender,24.340505400207594,complete,,,Atender,24.340505400207594,,
Chamadas_396,Atendimento,24.340505400207594,start,Troncos,0.0,,,,
Chamadas_397,Arrival,24.3779553613997,complete,,0.0,,,,
Chamadas_397,DecideTronco_Atender,24.3779553613997,complete,,,Atender,24.3779553613997,,
Chamadas_397,Atendimento,24.3779553613997,start,Troncos,0.0,,,,
Chamadas_398,Arrival,24.487503522583015,complete,,0.0,,,,
Chamadas_398,DecideTronco_Atender,24.487503522583015,complete,,,Atender,24.487503522583015,,
Chamadas_398,Atendimento,24.487503522583015,start,Troncos,0.0,,,,
Chamadas_398,Atendimento,24.628900073832146,complete,Troncos,0.0,,,,
Chamadas_398,Discharge,24.628900073832146,complete,,,,,,0.1413965512491302
Chamadas_399,Arrival,24.521988267376248,complete,,0.0,,,,
Chamadas_399,DecideTronco_Atender,24.521988267376248,complete,,,Atender,24.521988267376248,,
Chamadas_399,Atendimento,24.521988267376248,start,Troncos,0.0,,,,
Chamadas_4,Arrival,0.3235166195336541,complete,,0.0,,,,
Chamadas_4,DecideTronco_Atender,0.3235166195336541,complete,,,Atender,0.3235166195336541,,
Chamadas_4,Atendimento,0.3235166195336541,start,Troncos,0.0,,,,
Chamadas_4,Atendimento,0.5182231856044353,complete,Troncos,0.0,,,,
Chamadas_4,Discharge,0.5182231856044353,complete,,,,,,0.19470656607078113
Chamadas_40,Arrival,2.5021891683972095,complete,,0.0,,,,
Chamadas_40,DecideTronco_Atender,2.5021891683972095,complete,,,Atender,2.5021891683972095,,
Chamadas_40,Atendimento,2.5021891683972095,start,Troncos,0.0,,,,
Chamadas_40,Atendimento,7.5961663635250405,complete,Troncos,0.0,,,,
Chamadas_40,Discharge,7.5961663635250405,complete,,,,,,5.093977195127831
Chamadas_400,Arrival,24.58155636092795,complete,,0.0,,,,
Chamadas_400,DecideTronco_Atender,24.58155636092795,complete,,,Atender,24.58155636092795,,
Chamadas_400,Atendimento,24.58155636092795,start,Troncos,0.0,,,,
Chamadas_401,Arrival,24.65236235021401,complete,,0.0,,,,
Chamadas_401,DecideTronco_Atender,24.65236235021401,complete,,,Atender,24.65236235021401,,
Chamadas_401,Atendimento,24.65236235021401,start,Troncos,0.0,,,,
Chamadas_401,Atendimento,24.980803159811966,complete,Troncos,0.0,,,,
Chamadas_401,Discharge,24.980803159811966,complete,,,,,,0.3284408095979572
Chamadas_402,Arrival,24.66223802733452,complete,,0.0,,,,
Chamadas_402,DecideTronco_Atender,24.66223802733452,complete,,,Atender,24.66223802733452,,
Chamadas_402,Atendimento,24.66223802733452,start,Troncos,0.0,,,,
Chamadas_403,Arrival,24.667564807104732,complete,,0.0,,,,
Chamadas_403,DecideTronco_Atender,24.667564807104732,complete,,,Atender,24.667564807104732,,
Chamadas_403,Atendimento,24.667564807104732,start,Troncos,0.0,,,,
Chamadas_404,Arrival,24.702607395000413,complete,,0.0,,,,
Chamadas_404,DecideTronco_Atender,24.702607395000413,complete,,,Atender,24.702607395000413,,
Chamadas_404,Atendimento,24.702607395000413,start,Troncos,0.0,,,,
Chamadas_404,Atendimento,24.7633209715232,complete,Troncos,0.0,,,,
Chamadas_404,Discharge,24.7633209715232,complete,,,,,,0.06071357652278664
Chamadas_405,Arrival,24.787193115617843,complete,,0.0,,,,
Chamadas_405,DecideTronco_Atender,24.787193115617843,complete,,,Atender,24.787193115617843,,
Chamadas_405,Atendimento,24.787193115617843,start,Troncos,0.0,,,,
Chamadas_406,Arrival,24.874112277085842,complete,,0.0,,,,
Chamadas_406,DecideTronco_Atender,24.874112277085842,complete,,,Atender,24.874112277085842,,
Chamadas_406,Atendimento,24.874112277085842,start,Troncos,0.0,,,,
Chamadas_407,Arrival,24.89936300863425,complete,,0.0,,,,
Chamadas_407,DecideTronco_Perdida,24.89936300863425,complete,,,Perdida,24.89936300863425,,
Chamadas_407,Discharge,24.89936300863425,complete,,,,,,0.0
Chamadas_41,Arrival,2.5150041581749365,complete,,0.0,,,,
Chamadas_41,DecideTronco_Atender,2.5150041581749365,complete,,,Atender,2.5150041581749365,,
Chamadas_41,Atendimento,2.5150041581749365,start,Troncos,0.0,,,,
Chamadas_41,Atendimento,3.292910562057309,complete,Troncos,0.0,,,,
Chamadas_41,Discharge,3.292910562057309,complete,,,,,,0.7779064038823726
Chamadas_42,Arrival,2.5237028884078843,complete,,0.0,,,,
Chamadas_42,DecideTronco_Atender,2.5237028884078843,complete,,,Atender,2.5237028884078843,,
Chamadas_42,Atendimento,2.5237028884078843,start,Troncos,0.0,,,,
Chamadas_42,Atendimento,2.7510840148082507,complete,Troncos,0.0,,,,
Chamadas_42,Discharge,2.7510840148082507,complete,,,,,,0.22738112640036645
Chamadas_43,Arrival,2.7161268059831767,complete,,0.0,,,,
Chamadas_43,DecideTronco_Atender,2.7161268059831767,complete,,,Atender,2.7161268059831767,,
Chamadas_43,Atendimento,2.7161268059831767,start,Troncos,0.0,,,,
Chamadas_43,Atendimento,4.797771364906807,complete,Troncos,0.0,,,,
Chamadas_43,Discharge,4.797771364906807,complete,,,,,,2.0816445589236303
Chamadas_44,Arrival,2.772941073294532,complete,,0.0,,,,
Chamadas_44,DecideTronco_Atender,2.772941073294532,complete,,,Atender,2.772941073294532,,
Chamadas_44,Atendimento,2.772941073294532,start,Troncos,0.0,,,,
Chamadas_44,Atendimento,4.163222652785967,complete,Troncos,0.0,,,,
Chamadas_44,Discharge,4.163222652785967,complete,,,,,,1.3902815794914347
Chamadas_45,Arrival,2.8294419931327197,complete,,0.0,,,,
Chamadas_45,DecideTronco_Atender,2.8294419931327197,complete,,,Atender,2.8294419931327197,,
Chamadas_45,Atendimento,2.8294419931327197,start,Troncos,0.0,,,,
Chamadas_45,Atendimento,3.2317312038454116,complete,Troncos,0.0,,,,
Chamadas_45,Discharge,3.2317312038454116,complete,,,,,,0.40228921071269186
Chamadas_46,Arrival,2.9866930636317646,complete,,0.0,,,,
Chamadas_46,DecideTronco_Atender,2.9866930636317646,complete,,,Atender,2.9866930636317646,,
Chamadas_46,Atendimento,2.9866930636317646,start,Troncos,0.0,,,,
Chamadas_46,Atendimento,15.554855567455188,complete,Troncos,0.0,,,,
Chamadas_46,Discharge,15.554855567455188,complete,,,,,,12.568162503823423
Chamadas_47,Arrival,3.0749175023722617,complete,,0.0,,,,
Chamadas_47,DecideTronco_Atender,3.0749175023722617,complete,,,Atender,3.0749175023722617,,
Chamadas_47,Atendimento,3.0749175023722617,start,Troncos,0.0,,,,
Chamadas_47,Atendimento,4.319945742792554,complete,Troncos,0.0,,,,
Chamadas_47,Discharge,4.319945742792554,complete,,,,,,1.2450282404202926
Chamadas_48,Arrival,3.2230045611758076,complete,,0.0,,,,
Chamadas_48,DecideTronco_Atender,3.2230045611758076,complete,,,Atender,3.2230045611758076,,
Chamadas_48,Atendimento,3.2230045611758076,start,Troncos,0.0,,,,
Chamadas_48,Atendimento,11.18291849418275,complete,Troncos,0.0,,,,
Chamadas_48,Discharge,11.18291849418275,complete,,,,,,7.959913933006943
Chamadas_49,Arrival,3.3222403796804856,complete,,0.0,,,,
Chamadas_49,DecideTronco_Atender,3.3222403796804856,complete,,,Atender,3.3222403796804856,,
Chamadas_49,Atendimento,3.3222403796804856,start,Troncos,0.0,,,,
Chamadas_49,Atendimento,4.695814035828546,complete,Troncos,0.0,,,,
Chamadas_49,Discharge,4.695814035828546,complete,,,,,,1.3735736561480603
Chamadas_5,Arrival,0.3487837328632771,complete,,0.0,,,,
Chamadas_5,DecideTronco_Atender,0.3487837328632771,complete,,,Atender,0.3487837328632771,,
Chamadas_5,Atendimento,0.3487837328632771,start,Troncos,0.0,,,,
Chamadas_5,Atendimento,5.190407519094125,complete,Troncos,0.0,,,,
Chamadas_5,Discharge,5.190407519094125,complete,,,,,,4.841623786230848
Chamadas_50,Arrival,3.3581038068349893,complete,,0.0,,,,
Chamadas_50,DecideTronco_Atender,3.3581038068349893,complete,,,Atender,3.3581038068349893,,
Chamadas_50,Atendimento,3.3581038068349893,start,Troncos,0.0,,,,
Chamadas_50,Atendimento,6.244736586843004,complete,Troncos,0.0,,,,
Chamadas_50,Discharge,6.244736586843004,complete,,,,,,2.8866327800080147
Chamadas_51,Arrival,3.370106979587195,complete,,0.0,,,,
Chamadas_51,DecideTronco_Atender,3.370106979587195,complete,,,Atender,3.370106979587195,,
Chamadas_51,Atendimento,3.370106979587195,start,Troncos,0.0,,,,
Chamadas_51,Atendimento,7.385066905215853,complete,Troncos,0.0,,,,
Chamadas_51,Discharge,7.385066905215853,complete,,,,,,4.0149599256286574
Chamadas_52,Arrival,3.544496545342532,complete,,0.0,,,,
Chamadas_52,DecideTronco_Atender,3.544496545342532,complete,,,Atender,3.544496545342532,,
Chamadas_52,Atendimento,3.544496545342532,start,Troncos,0.0,,,,
Chamadas_52,Atendimento,4.199559429784864,complete,Troncos,0.0,,,,
Chamadas_52,Discharge,4.199559429784864,complete,,,,,,0.6550628844423323
Chamadas_53,Arrival,3.550942260433433,complete,,0.0,,,,
Chamadas_53,DecideTronco_Atender,3.550942260433433,complete,,,Atender,3.550942260433433,,
Chamadas_53,Atendimento,3.550942260433433,start,Troncos,0.0,,,,
Chamadas_53,Atendimento,9.157607493457537,complete,Troncos,0.0,,,,
Chamadas_53,Discharge,9.157607493457537,complete,,,,,,5.606665233024104
Chamadas_54,Arrival,3.5654278791787286,complete,,0.0,,,,
Chamadas_54,DecideTronco_Atender,3.5654278791787286,complete,,,Atender,3.5654278791787286,,
Chamadas_54,Atendimento,3.5654278791787286,start,Troncos,0.0,,,,
Chamadas_54,Atendimento,5.253403556672792,complete,Troncos,0.0,,,,
Chamadas_54,Discharge,5.253403556672792,complete,,,,,,1.6879756774940633
Chamadas_55,Arrival,3.600199306925051,complete,,0.0,,,,
Chamadas_55,DecideTronco_Atender,3.600199306925051,complete,,,Atender,3.600199306925051,,
Chamadas_55,Atendimento,3.600199306925051,start,Troncos,0.0,,,,
Chamadas_55,Atendimento,4.959551201293981,complete,Troncos,0.0,,,,
Chamadas_55,Discharge,4.959551201293981,complete,,,,,,1.3593518943689298
Chamadas_56,Arrival,3.6958132436425832,complete,,0.0,,,,
Chamadas_56,DecideTronco_Atender,3.6958132436425832,complete,,,Atender,3.6958132436425832,,
Chamadas_56,Atendimento,3.6958132436425832,start,Troncos,0.0,,,,
Chamadas_56,Atendimento,3.717846432529133,complete,Troncos,0.0,,,,
Chamadas_56,Discharge,3.717846432529133,complete,,,,,,0.022033188886549926
Chamadas_57,Arrival,3.856360827656964,complete,,0.0,,,,
Chamadas_57,DecideTronco_Atender,3.856360827656964,complete,,,Atender,3.856360827656964,,
Chamadas_57,Atendimento,3.856360827656964,start,Troncos,0.0,,,,
Chamadas_57,Atendimento,8.082460013623066,complete,Troncos,0.0,,,,
Chamadas_57,Discharge,8.082460013623066,complete,,,,,,4.226099185966103
Chamadas_58,Arrival,3.859210312636641,complete,,0.0,,,,
Chamadas_58,DecideTronco_Atender,3.859210312636641,complete,,,Atender,3.859210312636641,,
Chamadas_58,Atendimento,3.859210312636641,start,Troncos,0.0,,,,
Chamadas_58,Atendimento,4.098398521706627,complete,Troncos,0.0,,,,
Chamadas_58,Discharge,4.098398521706627,complete,,,,,,0.23918820906998572
Chamadas_59,Arrival,3.8973506576795356,complete,,0.0,,,,
Chamadas_59,DecideTronco_Atender,3.8973506576795356,complete,,,Atender,3.8973506576795356,,
Chamadas_59,Atendimento,3.8973506576795356,start,Troncos,0.0,,,,
Chamadas_59,Atendimento,4.229163919999393,complete,Troncos,0.0,,,,
Chamadas_59,Discharge,4.229163919999393,complete,,,,,,0.3318132623198573
Chamadas_6,Arrival,0.3590074154040551,complete,,0.0,,,,
Chamadas_6,DecideTronco_Atender,0.3590074154040551,complete,,,Atender,0.3590074154040551,,
Chamadas_6,Atendimento,0.3590074154040551,start,Troncos,0.0,,,,
Chamadas_6,Atendimento,3.2879062632636438,complete,Troncos,0.0,,,,
Chamadas_6,Discharge,3.2879062632636438,complete,,,,,,2.9288988478595885
Chamadas_60,Arrival,3.913235410239709,complete,,0.0,,,,
Chamadas_60,DecideTronco_Atender,3.913235410239709,complete,,,Atender,3.913235410239709,,
Chamadas_60,Atendimento,3.913235410239709,start,Troncos,0.0,,,,
Chamadas_60,Atendimento,5.053690431534279,complete,Troncos,0.0,,,,
Chamadas_60,Discharge,5.053690431534279,complete,,,,,,1.1404550212945699
Chamadas_61,Arrival,3.930222547771403,complete,,0.0,,,,
Chamadas_61,DecideTronco_Atender,3.930222547771403,complete,,,Atender,3.930222547771403,,
Chamadas_61,Atendimento,3.930222547771403,start,Troncos,0.0,,,,
Chamadas_61,Atendimento,5.304287881682267,complete,Troncos,0.0,,,,
Chamadas_61,Discharge,5.304287881682267,complete,,,,,,1.3740653339108642
Chamadas_62,Arrival,3.9850281810514785,complete,,0.0,,,,
Chamadas_62,DecideTronco_Atender,3.9850281810514785,complete,,,Atender,3.9850281810514785,,
Chamadas_62,Atendimento,3.9850281810514785,start,Troncos,0.0,,,,
Chamadas_62,Atendimento,8.860175780518993,complete,Troncos,0.0,,,,
Chamadas_62,Discharge,8.860175780518993,complete,,,,,,4.875147599467515
Chamadas_63,Arrival,3.987930072276574,complete,,0.0,,,,
Chamadas_63,DecideTronco_Perdida,3.987930072276574,complete,,,Perdida,3.987930072276574,,
Chamadas_63,Discharge,3.987930072276574,complete,,,,,,0.0
Chamadas_64,Arrival,3.9969067819903636,complete,,0.0,,,,
Chamadas_64,DecideTronco_Perdida,3.9969067819903636,complete,,,Perdida,3.9969067819903636,,
Chamadas_64,Discharge,3.9969067819903636,complete,,,,,,0.0
Chamadas_65,Arrival,4.1290131433021156,complete,,0.0,,,,
Chamadas_65,DecideTronco_Atender,4.1290131433021156,complete,,,Atender,4.1290131433021156,,
Chamadas_65,Atendimento,4.1290131433021156,start,Troncos,0.0,,,,
Chamadas_65,Atendimento,4.352501385594082,complete,Troncos,0.0,,,,
Chamadas_65,Discharge,4.352501385594082,complete,,,,,,0.22348824229196662
Chamadas_66,Arrival,4.151729179803638,complete,,0.0,,,,
Chamadas_66,DecideTronco_Perdida,4.151729179803638,complete,,,Perdida,4.151729179803638,,
Chamadas_66,Discharge,4.151729179803638,complete,,,,,,0.0
Chamadas_67,Arrival,4.269742282034148,complete,,0.0,,,,
Chamadas_67,DecideTronco_Atender,4.269742282034148,complete,,,Atender,4.269742282034148,,
Chamadas_67,Atendimento,4.269742282034148,start,Troncos,0.0,,,,
Chamadas_67,Atendimento,4.450262732362269,complete,Troncos,0.0,,,,
Chamadas_67,Discharge,4.450262732362269,complete,,,,,,0.18052045032812103
Chamadas_68,Arrival,4.396822905715332,complete,,0.0,,,,
Chamadas_68,DecideTronco_Atender,4.396822905715332,complete,,,Atender,4.396822905715332,,
Chamadas_68,Atendimento,4.396822905715332,start,Troncos,0.0,,,,
Chamadas_68,Atendimento,5.634144233627164,complete,Troncos,0.0,,,,
Chamadas_68,Discharge,5.634144233627164,complete,,,,,,1.2373213279118316
Chamadas_69,Arrival,4.469000048834654,complete,,0.0,,,,
Chamadas_69,DecideTronco_Atender,4.469000048834654,complete,,,Atender,4.469000048834654,,
Chamadas_69,Atendimento,4.469000048834654,start,Troncos,0.0,,,,
Chamadas_69,Atendimento,7.86452466535807,complete,Troncos,0.0,,,,
Chamadas_69,Discharge,7.86452466535807,complete,,,,,,3.3955246165234163
Chamadas_7,Arrival,0.41580257719743596,complete,,0.0,,,,
Chamadas_7,DecideTronco_Atender,0.41580257719743596,complete,,,Atender,0.41580257719743596,,
Chamadas_7,Atendimento,0.41580257719743596,start,Troncos,0.0,,,,
Chamadas_7,Atendimento,2.293399490067369,complete,Troncos,0.0,,,,
Chamadas_7,Discharge,2.293399490067369,complete,,,,,,1.877596912869933
Chamadas_70,Arrival,4.498641460282972,complete,,0.0,,,,
Chamadas_70,DecideTronco_Atender,4.498641460282972,complete,,,Atender,4.498641460282972,,
Chamadas_70,Atendimento,4.498641460282972,start,Troncos,0.0,,,,
Chamadas_70,Atendimento,4.685951311069279,complete,Troncos,0.0,,,,
Chamadas_70,Discharge,4.685951311069279,complete,,,,,,0.18730985078630713
Chamadas_71,Arrival,4.516511684464279,complete,,0.0,,,,
Chamadas_71,DecideTronco_Atender,4.516511684464279,complete,,,Atender,4.516511684464279,,
Chamadas_71,Atendimento,4.516511684464279,start,Troncos,0.0,,,,
Chamadas_71,Atendimento,7.608427146665829,complete,Troncos,0.0,,,,
Chamadas_71,Discharge,7.608427146665829,complete,,,,,,3.0919154622015492
Chamadas_72,Arrival,4.5171508364949045,complete,,0.0,,,,
Chamadas_72,DecideTronco_Atender,4.5171508364949045,complete,,,Atender,4.5171508364949045,,
Chamadas_72,Atendimento,4.5171508364949045,start,Troncos,0.0,,,,
Chamadas_72,Atendimento,9.691763845581225,complete,Troncos,0.0,,,,
Chamadas_72,Discharge,9.691763845581225,complete,,,,,,5.17461300908632
Chamadas_73,Arrival,4.629518916861106,complete,,0.0,,,,
Chamadas_73,DecideTronco_Atender,4.629518916861106,complete,,,Atender,4.629518916861106,,
Chamadas_73,Atendimento,4.629518916861106,start,Troncos,0.0,,,,
Chamadas_73,Atendimento,7.546566725718188,complete,Troncos,0.0,,,,
Chamadas_73,Discharge,7.546566725718188,complete,,,,,,2.917047808857082
Chamadas_74,Arrival,4.7344002720161225,complete,,0.0,,,,
Chamadas_74,DecideTronco_Atender,4.7344002720161225,complete,,,Atender,4.7344002720161225,,
Chamadas_74,Atendimento,4.7344002720161225,start,Troncos,0.0,,,,
Chamadas_74,Atendimento,6.58029481611155,complete,Troncos,0.0,,,,
Chamadas_74,Discharge,6.58029481611155,complete,,,,,,1.8458945440954277
Chamadas_75,Arrival,4.799982704148439,complete,,0.0,,,,
Chamadas_75,DecideTronco_Atender,4.799982704148439,complete,,,Atender,4.799982704148439,,
Chamadas_75,Atendimento,4.799982704148439,start,Troncos,0.0,,,,
Chamadas_75,Atendimento,6.8803150115523115,complete,Troncos,0.0,,,,
Chamadas_75,Discharge,6.8803150115523115,complete,,,,,,2.0803323074038724
Chamadas_76,Arrival,4.800202167585326,complete,,0.0,,,,
Chamadas_76,DecideTronco_Atender,4.800202167585326,complete,,,Atender,4.800202167585326,,
Chamadas_76,Atendimento,4.800202167585326,start,Troncos,0.0,,,,
Chamadas_76,Atendimento,5.976761272514854,complete,Troncos,0.0,,,,
Chamadas_76,Discharge,5.976761272514854,complete,,,,,,1.1765591049295283
Chamadas_77,Arrival,4.805752603399436,complete,,0.0,,,,
Chamadas_77,DecideTronco_Atender,4.805752603399436,complete,,,Atender,4.805752603399436,,
Chamadas_77,Atendimento,4.805752603399436,start,Troncos,0.0,,,,
Chamadas_77,Atendimento,5.24885588525823,complete,Troncos,0.0,,,,
Chamadas_77,Discharge,5.24885588525823,complete,,,,,,0.4431032818587939
Chamadas_78,Arrival,4.813119608265422,complete,,0.0,,,,
Chamadas_78,DecideTronco_Atender,4.813119608265422,complete,,,Atender,4.813119608265422,,
Chamadas_78,Atendimento,4.813119608265422,start,Troncos,0.0,,,,
Chamadas_78,Atendimento,5.700286033963016,complete,Troncos,0.0,,,,
Chamadas_78,Discharge,5.700286033963016,complete,,,,,,0.8871664256975933
Chamadas_79,Arrival,4.880292888072995,complete,,0.0,,,,
Chamadas_79,DecideTronco_Perdida,4.880292888072995,complete,,,Perdida,4.880292888072995,,
Chamadas_79,Discharge,4.880292888072995,complete,,,,,,0.0
Chamadas_8,Arrival,0.4438542402038995,complete,,0.0,,,,
Chamadas_8,DecideTronco_Atender,0.4438542402038995,complete,,,Atender,0.4438542402038995,,
Chamadas_8,Atendimento,0.4438542402038995,start,Troncos,0.0,,,,
Chamadas_8,Atendimento,1.8818188802178208,complete,Troncos,0.0,,,,
Chamadas_8,Discharge,1.8818188802178208,complete,,,,,,1.4379646400139214
Chamadas_80,Arrival,4.980637599256222,complete,,0.0,,,,
Chamadas_80,DecideTronco_Atender,4.980637599256222,complete,,,Atender,4.980637599256222,,
Chamadas_80,Atendimento,4.980637599256222,start,Troncos,0.0,,,,
Chamadas_80,Atendimento,7.212964173313733,complete,Troncos,0.0,,,,
Chamadas_80,Discharge,7.212964173313733,complete,,,,,,2.2323265740575104
Chamadas_81,Arrival,5.067611355465663,complete,,0.0,,,,
Chamadas_81,DecideTronco_Atender,5.067611355465663,complete,,,Atender,5.067611355465663,,
Chamadas_81,Atendimento,5.067611355465663,start,Troncos,0.0,,,,
Chamadas_81,Atendimento,5.698267033062658,complete,Troncos,0.0,,,,
Chamadas_81,Discharge,5.698267033062658,complete,,,,,,0.6306556775969945
Chamadas_82,Arrival,5.074695663213486,complete,,0.0,,,,
Chamadas_82,DecideTronco_Atender,5.074695663213486,complete,,,Atender,5.074695663213486,,
Chamadas_82,Atendimento,5.074695663213486,start,Troncos,0.0,,,,
Chamadas_82,Atendimento,5.663038007643427,complete,Troncos,0.0,,,,
Chamadas_82,Discharge,5.663038007643427,complete,,,,,,0.5883423444299405
Chamadas_83,Arrival,5.223543316745959,complete,,0.0,,,,
Chamadas_83,DecideTronco_Atender,5.223543316745959,complete,,,Atender,5.223543316745959,,
Chamadas_83,Atendimento,5.223543316745959,start,Troncos,0.0,,,,
Chamadas_83,Atendimento,5.477796952083939,complete,Troncos,0.0,,,,
Chamadas_83,Discharge,5.477796952083939,complete,,,,,,0.25425363533798073
Chamadas_84,Arrival,5.288238357506138,complete,,0.0,,,,
Chamadas_84,DecideTronco_Atender,5.288238357506138,complete,,,Atender,5.288238357506138,,
Chamadas_84,Atendimento,5.288238357506138,start,Troncos,0.0,,,,
Chamadas_84,Atendimento,6.4461182523635125,complete,Troncos,0.0,,,,
Chamadas_84,Discharge,6.4461182523635125,complete,,,,,,1.1578798948573743
Chamadas_85,Arrival,5.3559765163437785,complete,,0.0,,,,
Chamadas_85,DecideTronco_Atender,5.3559765163437785,complete,,,Atender,5.3559765163437785,,
Chamadas_85,Atendimento,5.3559765163437785,start,Troncos,0.0,,,,
Chamadas_85,Atendimento,8.987834693666862,complete,Troncos,0.0,,,,
Chamadas_85,Discharge,8.987834693666862,complete,,,,,,3.6318581773230836
Chamadas_86,Arrival,5.3639889757679144,complete,,0.0,,,,
Chamadas_86,DecideTronco_Atender,5.3639889757679144,complete,,,Atender,5.3639889757679144,,
Chamadas_86,Atendimento,5.3639889757679144,start,Troncos,0.0,,,,
Chamadas_86,Atendimento,7.606245514365378,complete,Troncos,0.0,,,,
Chamadas_86,Discharge,7.606245514365378,complete,,,,,,2.2422565385974638
Chamadas_87,Arrival,5.477432017346196,complete,,0.0,,,,
Chamadas_87,DecideTronco_Atender,5.477432017346196,complete,,,Atender,5.477432017346196,,
Chamadas_87,Atendimento,5.477432017346196,start,Troncos,0.0,,,,
Chamadas_87,Atendimento,8.774543782669111,complete,Troncos,0.0,,,,
Chamadas_87,Discharge,8.774543782669111,complete,,,,,,3.2971117653229154
Chamadas_88,Arrival,5.477455248039479,complete,,0.0,,,,
Chamadas_88,DecideTronco_Perdida,5.477455248039479,complete,,,Perdida,5.477455248039479,,
Chamadas_88,Discharge,5.477455248039479,complete,,,,,,0.0
Chamadas_89,Arrival,5.4867119848685375,complete,,0.0,,,,
Chamadas_89,DecideTronco_Atender,5.4867119848685375,complete,,,Atender,5.4867119848685375,,
Chamadas_89,Atendimento,5.4867119848685375,start,Troncos,0.0,,,,
Chamadas_89,Atendimento,5.62095522880222,complete,Troncos,0.0,,,,
Chamadas_89,Discharge,5.62095522880222,complete,,,,,,0.1342432439336827
Chamadas_9,Arrival,0.46910228542714594,complete,,0.0,,,,
Chamadas_9,DecideTronco_Atender,0.46910228542714594,complete,,,Atender,0.46910228542714594,,
Chamadas_9,Atendimento,0.46910228542714594,start,Troncos,0.0,,,,
Chamadas_9,Atendimento,4.885445106854321,complete,Troncos,0.0,,,,
Chamadas_9,Discharge,4.885445106854321,complete,,,,,,4.4163428214271745
Chamadas_90,Arrival,5.498985369979346,complete,,0.0,,,,
Chamadas_90,DecideTronco_Perdida,5.498985369979346,complete,,,Perdida,5.498985369979346,,
Chamadas_90,Discharge,5.498985369979346,complete,,,,,,0.0
Chamadas_91,Arrival,5.500593092018485,complete,,0.0,,,,
Chamadas_91,DecideTronco_Perdida,5.500593092018485,complete,,,Perdida,5.500593092018485,,
Chamadas_91,Discharge,5.500593092018485,complete,,,,,,0.0
Chamadas_92,Arrival,5.53395053764246,complete,,0.0,,,,
Chamadas_92,DecideTronco_Perdida,5.53395053764246,complete,,,Perdida,5.53395053764246,,
Chamadas_92,Discharge,5.53395053764246,complete,,,,,,0.0
Chamadas_93,Arrival,5.601711495540097,complete,,0.0,,,,
Chamadas_93,DecideTronco_Perdida,5.601711495540097,complete,,,Perdida,5.601711495540097,,
Chamadas_93,Discharge,5.601711495540097,complete,,,,,,0.0
Chamadas_94,Arrival,5.61559478010156,complete,,0.0,,,,
Chamadas_94,DecideTronco_Perdida,5.61559478010156,complete,,,Perdida,5.61559478010156,,
Chamadas_94,Discharge,5.61559478010156,complete,,,,,,0.0
Chamadas_95,Arrival,5.676256585525544,complete,,0.0,,,,
Chamadas_95,DecideTronco_Atender,5.676256585525544,complete,,,Atender,5.676256585525544,,
Chamadas_95,Atendimento,5.676256585525544,start,Troncos,0.0,,,,
Chamadas_95,Atendimento,8.90149335805917,complete,Troncos,0.0,,,,
Chamadas_95,Discharge,8.90149335805917,complete,,,,,,3.225236772533626
Chamadas_96,Arrival,5.722133098455451,complete,,0.0,,,,
Chamadas_96,DecideTronco_Atender,5.722133098455451,complete,,,Atender,5.722133098455451,,
Chamadas_96,Atendimento,5.722133098455451,start,Troncos,0.0,,,,
Chamadas_96,Atendimento,7.4070244562313725,complete,Troncos,0.0,,,,
Chamadas_96,Discharge,7.4070244562313725,complete,,,,,,1.6848913577759213
Chamadas_97,Arrival,5.726452093183766,complete,,0.0,,,,
Chamadas_97,DecideTronco_Atender,5.726452093183766,complete,,,Atender,5.726452093183766,,
Chamadas_97,Atendimento,5.726452093183766,start,Troncos,0.0,,,,
Chamadas_97,Atendimento,6.635114493675318,complete,Troncos,0.0,,,,
Chamadas_97,Discharge,6.635114493675318,complete,,,,,,0.9086624004915524
Chamadas_98,Arrival,5.839733630198914,complete,,0.0,,,,
Chamadas_98,DecideTronco_Atender,5.839733630198914,complete,,,Atender,5.839733630198914,,
Chamadas_98,Atendimento,5.839733630198914,start,Troncos,0.0,,,,
Chamadas_98,Atendimento,6.586094030755027,complete,Troncos,0.0,,,,
Chamadas_98,Discharge,6.586094030755027,complete,,,,,,0.7463604005561129
Chamadas_99,Arrival,5.845998364504944,complete,,0.0,,,,
Chamadas_99,DecideTronco_Atender,5.845998364504944,complete,,,Atender,5.845998364504944,,
Chamadas_99,Atendimento,5.845998364504944,start,Troncos,0.0,,,,
Chamadas_99,Atendimento,7.9106573099928745,complete,Troncos,0.0,,,,
Chamadas_99,Discharge,7.9106573099928745,complete,,,,,,2.0646589454879303
