case_id,activity,timestamp,lifecycle,resource,priority,activity_priority,decision,decision_time,system_time
Ent_A_1,Arrival,0.0,complete,,0.0,,,,
Ent_A_1,Ativ_1,0.0,start,Rec1,0.0,,,,
Ent_A_1,Ativ_1,6.5102969103570185,complete,Rec1,0.0,,,,
Ent_A_1,Decide1_It_is_Ent_A_Attrib_01,6.5102969103570185,complete,,,,It_is_Ent_A_Attrib_01,6.5102969103570185,
Ent_A_1,Discharge,6.5102969103570185,complete,,,,,,6.5102969103570185
Ent_A_10,Arrival,89.69595067804993,complete,,3.0,,,,
Ent_A_10,Ativ_1,89.69595067804993,start,Rec1,3.0,,,,
Ent_A_10,Ativ_1,96.4468253956058,complete,Rec1,3.0,,,,
Ent_A_10,Decide1_It_is_Ent_A_Attrib_02,96.4468253956058,complete,,,,It_is_Ent_A_Attrib_02,96.4468253956058,
Ent_A_10,Ativ_2,96.4468253956058,start,"Rec2, Rec3",3.0,0.0,,,
Ent_A_10,Ativ_2,96.4468253956058,start,"Rec2, Rec3",3.0,0.0,,,
Ent_A_10,Ativ_2,96.9468253956058,complete,"Rec2, Rec3",3.0,0.0,,,
Ent_A_10,Decide2_Route2,96.9468253956058,complete,,,,Route2,96.9468253956058,
Ent_A_10,Decide3_Go_on,96.9468253956058,complete,,,,Go_on,96.9468253956058,
Ent_A_10,Ativ_2,96.9468253956058,start,"Rec2, Rec3",3.0,0.0,,,
Ent_A_10,Ativ_2,96.9468253956058,start,"Rec2, Rec3",3.0,0.0,,,
Ent_A_10,Ativ_2,97.4468253956058,complete,"Rec2, Rec3",3.0,0.0,,,
Ent_A_10,Decide2_Route2,97.4468253956058,complete,,,,Route2,97.4468253956058,
Ent_A_10,Decide3_Go_on,97.4468253956058,complete,,,,Go_on,97.4468253956058,
Ent_A_10,Ativ_2,97.4468253956058,start,"Rec2, Rec3",3.0,0.0,,,
Ent_A_10,Ativ_2,97.4468253956058,start,"Rec2, Rec3",3.0,0.0,,,
Ent_A_10,Ativ_2,97.9468253956058,complete,"Rec2, Rec3",3.0,0.0,,,
Ent_A_10,Decide2_Route2,97.9468253956058,complete,,,,Route2,97.9468253956058,
Ent_A_10,Decide3_Go_on,97.9468253956058,complete,,,,Go_on,97.9468253956058,
Ent_A_10,Ativ_2,97.9468253956058,start,"Rec2, Rec3",3.0,0.0,,,
Ent_A_10,Ativ_2,97.9468253956058,start,"Rec2, Rec3",3.0,0.0,,,
Ent_A_10,Ativ_2,98.4468253956058,complete,"Rec2, Rec3",3.0,0.0,,,
Ent_A_10,Decide2_Route2,98.4468253956058,complete,,,,Route2,98.4468253956058,
Ent_A_10,Decide3_Go_on,98.4468253956058,complete,,,,Go_on,98.4468253956058,
Ent_A_10,Ativ_2,98.4468253956058,start,"Rec2, Rec3",3.0,0.0,,,
Ent_A_10,Ativ_2,98.4468253956058,start,"Rec2, Rec3",3.0,0.0,,,
Ent_A_10,Ativ_2,98.9468253956058,complete,"Rec2, Rec3",3.0,0.0,,,
Ent_A_10,Decide2_Route2,98.9468253956058,complete,,,,Route2,98.9468253956058,
Ent_A_10,Decide3_Go_on,98.9468253956058,complete,,,,Go_on,98.9468253956058,
Ent_A_10,Ativ_2,98.9468253956058,start,"Rec2, Rec3",3.0,0.0,,,
Ent_A_10,Ativ_2,98.9468253956058,start,"Rec2, Rec3",3.0,0.0,,,
Ent_A_10,Ativ_2,99.4468253956058,complete,"Rec2, Rec3",3.0,0.0,,,
Ent_A_10,Decide2_Route2,99.4468253956058,complete,,,,Route2,99.4468253956058,
Ent_A_10,Decide3_Return_Ativ_1,99.4468253956058,complete,,,,Return_Ativ_1,99.4468253956058,
Ent_A_10,Ativ_1,99.4468253956058,start,Rec1,3.0,,,,
Ent_A_10,Ativ_1,106.38010246738916,complete,Rec1,3.0,,,,
Ent_A_10,Decide1_It_is_Ent_A_Attrib_02,106.38010246738916,complete,,,,It_is_Ent_A_Attrib_02,106.38010246738916,
Ent_A_10,Ativ_2,106.38010246738916,start,"Rec2, Rec3",3.0,0.0,,,
Ent_A_10,Ativ_2,106.38010246738916,start,"Rec2, Rec3",3.0,0.0,,,
Ent_A_10,Ativ_2,106.88010246738916,complete,"Rec2, Rec3",3.0,0.0,,,
Ent_A_10,Decide2_Route2,106.88010246738916,complete,,,,Route2,106.88010246738916,
Ent_A_10,Decide3_Go_on,106.88010246738916,complete,,,,Go_on,106.88010246738916,
Ent_A_10,Ativ_2,106.88010246738916,start,"Rec2, Rec3",3.0,0.0,,,
Ent_A_10,Ativ_2,106.88010246738916,start,"Rec2, Rec3",3.0,0.0,,,
Ent_A_10,Ativ_2,107.38010246738916,complete,"Rec2, Rec3",3.0,0.0,,,
Ent_A_10,Decide2_Route2,107.38010246738916,complete,,,,Route2,107.38010246738916,
Ent_A_10,Decide3_Go_on,107.38010246738916,complete,,,,Go_on,107.38010246738916,
Ent_A_10,Ativ_2,107.38010246738916,start,"Rec2, Rec3",3.0,0.0,,,
Ent_A_10,Ativ_2,107.38010246738916,start,"Rec2, Rec3",3.0,0.0,,,
Ent_A_10,Ativ_2,107.88010246738916,complete,"Rec2, Rec3",3.0,0.0,,,
Ent_A_10,Decide2_Route2,107.88010246738916,complete,,,,Route2,107.88010246738916,
Ent_A_10,Decide3_Return_Ativ_1,107.88010246738916,complete,,,,Return_Ativ_1,107.88010246738916,
Ent_A_10,Ativ_1,107.88010246738916,start,Rec1,3.0,,,,
Ent_A_10,Ativ_1,113.82015191515501,complete,Rec1,3.0,,,,
Ent_A_10,Decide1_It_is_Ent_A_Attrib_02,113.82015191515501,complete,,,,It_is_Ent_A_Attrib_02,113.82015191515501,
Ent_A_10,Ativ_2,113.82015191515501,start,"Rec2, Rec3",3.0,0.0,,,
Ent_A_10,Ativ_2,113.82015191515501,start,"Rec2, Rec3",3.0,0.0,,,
Ent_A_10,Ativ_2,114.32015191515501,complete,"Rec2, Rec3",3.0,0.0,,,
Ent_A_10,Decide2_Route1,114.32015191515501,complete,,,,Route1,114.32015191515501,
Ent_A_10,DisposeDecision_Dispose_No,114.32015191515501,complete,,,,Dispose_No,114.32015191515501,
Ent_A_10,Ativ3,114.32015191515501,start,"Rec2, Rec3",3.0,1.0,,,
Ent_A_10,Ativ3,114.32015191515501,start,"Rec2, Rec3",3.0,1.0,,,
Ent_A_10,Ativ3,121.33490993899088,complete,"Rec2, Rec3",3.0,1.0,,,
Ent_A_10,Discharge,121.33490993899088,complete,,,,,,31.63895926094095
Ent_A_11,Arrival,100.89747248965519,complete,,2.0,,,,
Ent_A_11,Ativ_1,100.89747248965519,start,Rec1,2.0,,,,
Ent_A_11,Ativ_1,107.83218889269932,complete,Rec1,2.0,,,,
Ent_A_11,Decide1_It_is_Ent_A_Attrib_02,107.83218889269932,complete,,,,It_is_Ent_A_Attrib_02,107.83218889269932,
Ent_A_11,Ativ_2,107.83218889269932,start,"Rec2, Rec3",2.0,0.0,,,
Ent_A_11,Ativ_2,107.83218889269932,start,"Rec2, Rec3",2.0,0.0,,,
Ent_A_11,Ativ_2,108.33218889269932,complete,"Rec2, Rec3",2.0,0.0,,,
Ent_A_11,Decide2_Route2,108.33218889269932,complete,,,,Route2,108.33218889269932,
Ent_A_11,Decide3_Go_on,108.33218889269932,complete,,,,Go_on,108.33218889269932,
Ent_A_11,Ativ_2,108.33218889269932,start,"Rec2, Rec3",2.0,0.0,,,
Ent_A_11,Ativ_2,108.33218889269932,start,"Rec2, Rec3",2.0,0.0,,,
Ent_A_11,Ativ_2,108.83218889269932,complete,"Rec2, Rec3",2.0,0.0,,,
Ent_A_11,Decide2_Route2,108.83218889269932,complete,,,,Route2,108.83218889269932,
Ent_A_11,Decide3_Return_Ativ_1,108.83218889269932,complete,,,,Return_Ativ_1,108.83218889269932,
Ent_A_11,Ativ_1,108.83218889269932,start,Rec1,2.0,,,,
Ent_A_11,Ativ_1,115.20272891350372,complete,Rec1,2.0,,,,
Ent_A_11,Decide1_It_is_Ent_A_Attrib_02,115.20272891350372,complete,,,,It_is_Ent_A_Attrib_02,115.20272891350372,
Ent_A_11,Ativ_2,115.20272891350372,start,"Rec2, Rec3",2.0,0.0,,,
Ent_A_11,Ativ_2,115.20272891350372,start,"Rec2, Rec3",2.0,0.0,,,
Ent_A_11,Ativ_2,115.70272891350372,complete,"Rec2, Rec3",2.0,0.0,,,
Ent_A_11,Decide2_Route1,115.70272891350372,complete,,,,Route1,115.70272891350372,
Ent_A_11,DisposeDecision_Dispose_No,115.70272891350372,complete,,,,Dispose_No,115.70272891350372,
Ent_A_11,Ativ3,115.70272891350372,start,"Rec2, Rec3",2.0,1.0,,,
Ent_A_11,Ativ3,115.70272891350372,start,"Rec2, Rec3",2.0,1.0,,,
Ent_A_11,Ativ3,121.56693284119514,complete,"Rec2, Rec3",2.0,1.0,,,
Ent_A_11,Discharge,121.56693284119514,complete,,,,,,20.669460351539954
Ent_A_12,Arrival,112.01292361129697,complete,,3.0,,,,
Ent_A_12,Ativ_1,113.82015191515501,start,Rec1,3.0,,,,
Ent_A_12,Ativ_1,119.92480290877072,complete,Rec1,3.0,,,,
Ent_A_12,Decide1_It_is_Ent_A_Attrib_01,119.92480290877072,complete,,,,It_is_Ent_A_Attrib_01,119.92480290877072,
Ent_A_12,Discharge,119.92480290877072,complete,,,,,,7.911879297473746
Ent_A_13,Arrival,113.78705182096483,complete,,1.0,,,,
Ent_A_13,Ativ_1,115.20272891350372,start,Rec1,1.0,,,,
Ent_A_13,Ativ_1,121.62452426369597,complete,Rec1,1.0,,,,
Ent_A_13,Decide1_It_is_Ent_A_Attrib_02,121.62452426369597,complete,,,,It_is_Ent_A_Attrib_02,121.62452426369597,
Ent_A_13,Ativ_2,121.62452426369597,start,"Rec2, Rec3",1.0,0.0,,,
Ent_A_13,Ativ_2,121.62452426369597,start,"Rec2, Rec3",1.0,0.0,,,
Ent_A_13,Ativ_2,122.12452426369597,complete,"Rec2, Rec3",1.0,0.0,,,
Ent_A_13,Decide2_Route2,122.12452426369597,complete,,,,Route2,122.12452426369597,
Ent_A_13,Decide3_Go_on,122.12452426369597,complete,,,,Go_on,122.12452426369597,
Ent_A_13,Ativ_2,122.12452426369597,start,"Rec2, Rec3",1.0,0.0,,,
Ent_A_13,Ativ_2,122.12452426369597,start,"Rec2, Rec3",1.0,0.0,,,
Ent_A_13,Ativ_2,122.62452426369597,complete,"Rec2, Rec3",1.0,0.0,,,
Ent_A_13,Decide2_Route2,122.62452426369597,complete,,,,Route2,122.62452426369597,
Ent_A_13,Decide3_Go_on,122.62452426369597,complete,,,,Go_on,122.62452426369597,
Ent_A_13,Ativ_2,122.62452426369597,start,"Rec2, Rec3",1.0,0.0,,,
Ent_A_13,Ativ_2,122.62452426369597,start,"Rec2, Rec3",1.0,0.0,,,
Ent_A_13,Ativ_2,123.12452426369597,complete,"Rec2, Rec3",1.0,0.0,,,
Ent_A_13,Decide2_Route2,123.12452426369597,complete,,,,Route2,123.12452426369597,
Ent_A_13,Decide3_Go_on,123.12452426369597,complete,,,,Go_on,123.12452426369597,
Ent_A_13,Ativ_2,123.12452426369597,start,"Rec2, Rec3",1.0,0.0,,,
Ent_A_13,Ativ_2,123.12452426369597,start,"Rec2, Rec3",1.0,0.0,,,
Ent_A_13,Ativ_2,123.62452426369597,complete,"Rec2, Rec3",1.0,0.0,,,
Ent_A_13,Decide2_Route2,123.62452426369597,complete,,,,Route2,123.62452426369597,
Ent_A_13,Decide3_Go_on,123.62452426369597,complete,,,,Go_on,123.62452426369597,
Ent_A_13,Ativ_2,123.62452426369597,start,"Rec2, Rec3",1.0,0.0,,,
Ent_A_13,Ativ_2,123.62452426369597,start,"Rec2, Rec3",1.0,0.0,,,
Ent_A_13,Ativ_2,124.12452426369597,complete,"Rec2, Rec3",1.0,0.0,,,
Ent_A_13,Decide2_Route2,124.12452426369597,complete,,,,Route2,124.12452426369597,
Ent_A_13,Decide3_Go_on,124.12452426369597,complete,,,,Go_on,124.12452426369597,
Ent_A_13,Ativ_2,124.12452426369597,start,"Rec2, Rec3",1.0,0.0,,,
Ent_A_13,Ativ_2,124.12452426369597,start,"Rec2, Rec3",1.0,0.0,,,
Ent_A_13,Ativ_2,124.62452426369597,complete,"Rec2, Rec3",1.0,0.0,,,
Ent_A_13,Decide2_Route2,124.62452426369597,complete,,,,Route2,124.62452426369597,
Ent_A_13,Decide3_Go_on,124.62452426369597,complete,,,,Go_on,124.62452426369597,
Ent_A_13,Ativ_2,124.62452426369597,start,"Rec2, Rec3",1.0,0.0,,,
Ent_A_13,Ativ_2,124.62452426369597,start,"Rec2, Rec3",1.0,0.0,,,
Ent_A_13,Ativ_2,125.12452426369597,complete,"Rec2, Rec3",1.0,0.0,,,
Ent_A_13,Decide2_Route2,125.12452426369597,complete,,,,Route2,125.12452426369597,
Ent_A_13,Decide3_Go_on,125.12452426369597,complete,,,,Go_on,125.12452426369597,
Ent_A_13,Ativ_2,125.12452426369597,start,"Rec2, Rec3",1.0,0.0,,,
Ent_A_13,Ativ_2,125.12452426369597,start,"Rec2, Rec3",1.0,0.0,,,
Ent_A_13,Ativ_2,125.62452426369597,complete,"Rec2, Rec3",1.0,0.0,,,
Ent_A_13,Decide2_Route2,125.62452426369597,complete,,,,Route2,125.62452426369597,
Ent_A_13,Decide3_Go_on,125.62452426369597,complete,,,,Go_on,125.62452426369597,
Ent_A_13,Ativ_2,125.62452426369597,start,"Rec2, Rec3",1.0,0.0,,,
Ent_A_13,Ativ_2,125.62452426369597,start,"Rec2, Rec3",1.0,0.0,,,
Ent_A_13,Ativ_2,126.12452426369597,complete,"Rec2, Rec3",1.0,0.0,,,
Ent_A_13,Decide2_Route2,126.12452426369597,complete,,,,Route2,126.12452426369597,
Ent_A_13,Decide3_Return_Ativ_1,126.12452426369597,complete,,,,Return_Ativ_1,126.12452426369597,
Ent_A_13,Ativ_1,126.12452426369597,start,Rec1,1.0,,,,
Ent_A_13,Ativ_1,134.2202599096625,complete,Rec1,1.0,,,,
Ent_A_13,Decide1_It_is_Ent_A_Attrib_02,134.2202599096625,complete,,,,It_is_Ent_A_Attrib_02,134.2202599096625,
Ent_A_13,Ativ_2,134.2202599096625,start,"Rec2, Rec3",1.0,0.0,,,
Ent_A_13,Ativ_2,134.2202599096625,start,"Rec2, Rec3",1.0,0.0,,,
Ent_A_13,Ativ_2,134.7202599096625,complete,"Rec2, Rec3",1.0,0.0,,,
Ent_A_13,Decide2_Route2,134.7202599096625,complete,,,,Route2,134.7202599096625,
Ent_A_13,Decide3_Go_on,134.7202599096625,complete,,,,Go_on,134.7202599096625,
Ent_A_13,Ativ_2,134.7202599096625,start,"Rec2, Rec3",1.0,0.0,,,
Ent_A_13,Ativ_2,134.7202599096625,start,"Rec2, Rec3",1.0,0.0,,,
Ent_A_13,Ativ_2,135.2202599096625,complete,"Rec2, Rec3",1.0,0.0,,,
Ent_A_13,Decide2_Route2,135.2202599096625,complete,,,,Route2,135.2202599096625,
Ent_A_13,Decide3_Go_on,135.2202599096625,complete,,,,Go_on,135.2202599096625,
Ent_A_13,Ativ_2,135.2202599096625,start,"Rec2, Rec3",1.0,0.0,,,
Ent_A_13,Ativ_2,135.2202599096625,start,"Rec2, Rec3",1.0,0.0,,,
Ent_A_13,Ativ_2,135.7202599096625,complete,"Rec2, Rec3",1.0,0.0,,,
Ent_A_13,Decide2_Route2,135.7202599096625,complete,,,,Route2,135.7202599096625,
Ent_A_13,Decide3_Go_on,135.7202599096625,complete,,,,Go_on,135.7202599096625,
Ent_A_13,Ativ_2,135.7202599096625,start,"Rec2, Rec3",1.0,0.0,,,
Ent_A_13,Ativ_2,135.7202599096625,start,"Rec2, Rec3",1.0,0.0,,,
Ent_A_13,Ativ_2,136.2202599096625,complete,"Rec2, Rec3",1.0,0.0,,,
Ent_A_13,Decide2_Route2,136.2202599096625,complete,,,,Route2,136.2202599096625,
Ent_A_13,Decide3_Go_on,136.2202599096625,complete,,,,Go_on,136.2202599096625,
Ent_A_13,Ativ_2,136.2202599096625,start,"Rec2, Rec3",1.0,0.0,,,
Ent_A_13,Ativ_2,136.2202599096625,start,"Rec2, Rec3",1.0,0.0,,,
Ent_A_13,Ativ_2,136.7202599096625,complete,"Rec2, Rec3",1.0,0.0,,,
Ent_A_13,Decide2_Route2,136.7202599096625,complete,,,,Route2,136.7202599096625,
Ent_A_13,Decide3_Go_on,136.7202599096625,complete,,,,Go_on,136.7202599096625,
Ent_A_13,Ativ_2,136.7202599096625,start,"Rec2, Rec3",1.0,0.0,,,
Ent_A_13,Ativ_2,136.7202599096625,start,"Rec2, Rec3",1.0,0.0,,,
Ent_A_13,Ativ_2,137.2202599096625,complete,"Rec2, Rec3",1.0,0.0,,,
Ent_A_13,Decide2_Route2,137.2202599096625,complete,,,,Route2,137.2202599096625,
Ent_A_13,Decide3_Return_Ativ_1,137.2202599096625,complete,,,,Return_Ativ_1,137.2202599096625,
Ent_A_13,Ativ_1,137.2202599096625,start,Rec1,1.0,,,,
Ent_A_13,Ativ_1,144.24118661064696,complete,Rec1,1.0,,,,
Ent_A_13,Decide1_It_is_Ent_A_Attrib_02,144.24118661064696,complete,,,,It_is_Ent_A_Attrib_02,144.24118661064696,
Ent_A_13,Ativ_2,144.24118661064696,start,"Rec2, Rec3",1.0,0.0,,,
Ent_A_13,Ativ_2,144.24118661064696,start,"Rec2, Rec3",1.0,0.0,,,
Ent_A_13,Ativ_2,144.74118661064696,complete,"Rec2, Rec3",1.0,0.0,,,
Ent_A_13,Decide2_Route1,144.74118661064696,complete,,,,Route1,144.74118661064696,
Ent_A_13,DisposeDecision_Dispose_No,144.74118661064696,complete,,,,Dispose_No,144.74118661064696,
Ent_A_13,Ativ3,144.74118661064696,start,"Rec2, Rec3",1.0,1.0,,,
Ent_A_13,Ativ3,144.74118661064696,start,"Rec2, Rec3",1.0,1.0,,,
Ent_A_13,Ativ3,151.73940619861398,complete,"Rec2, Rec3",1.0,1.0,,,
Ent_A_13,Discharge,151.73940619861398,complete,,,,,,37.952354377649144
Ent_A_14,Arrival,141.42691579752386,complete,,0.0,,,,
Ent_A_14,Ativ_1,141.42691579752386,start,Rec1,0.0,,,,
Ent_A_14,Ativ_1,148.84162513598258,complete,Rec1,0.0,,,,
Ent_A_14,Decide1_It_is_Ent_A_Attrib_01,148.84162513598258,complete,,,,It_is_Ent_A_Attrib_01,148.84162513598258,
Ent_A_14,Discharge,148.84162513598258,complete,,,,,,7.414709338458721
Ent_A_15,Arrival,142.72818416297594,complete,,3.0,,,,
Ent_A_15,Ativ_1,144.24118661064696,start,Rec1,3.0,,,,
Ent_A_15,Ativ_1,150.88909697413402,complete,Rec1,3.0,,,,
Ent_A_15,Decide1_It_is_Ent_A_Attrib_02,150.88909697413402,complete,,,,It_is_Ent_A_Attrib_02,150.88909697413402,
Ent_A_15,Ativ_2,150.88909697413402,start,"Rec2, Rec3",3.0,0.0,,,
Ent_A_15,Ativ_2,150.88909697413402,start,"Rec2, Rec3",3.0,0.0,,,
Ent_A_15,Ativ_2,151.38909697413402,complete,"Rec2, Rec3",3.0,0.0,,,
Ent_A_15,Decide2_Route2,151.38909697413402,complete,,,,Route2,151.38909697413402,
Ent_A_15,Decide3_Go_on,151.38909697413402,complete,,,,Go_on,151.38909697413402,
Ent_A_15,Ativ_2,151.38909697413402,start,"Rec2, Rec3",3.0,0.0,,,
Ent_A_15,Ativ_2,151.38909697413402,start,"Rec2, Rec3",3.0,0.0,,,
Ent_A_15,Ativ_2,151.88909697413402,complete,"Rec2, Rec3",3.0,0.0,,,
Ent_A_15,Decide2_Route2,151.88909697413402,complete,,,,Route2,151.88909697413402,
Ent_A_15,Decide3_Go_on,151.88909697413402,complete,,,,Go_on,151.88909697413402,
Ent_A_15,Ativ_2,151.88909697413402,start,"Rec2, Rec3",3.0,0.0,,,
Ent_A_15,Ativ_2,151.88909697413402,start,"Rec2, Rec3",3.0,0.0,,,
Ent_A_15,Ativ_2,152.38909697413402,complete,"Rec2, Rec3",3.0,0.0,,,
Ent_A_15,Decide2_Route2,152.38909697413402,complete,,,,Route2,152.38909697413402,
Ent_A_15,Decide3_Go_on,152.38909697413402,complete,,,,Go_on,152.38909697413402,
Ent_A_15,Ativ_2,152.38909697413402,start,"Rec2, Rec3",3.0,0.0,,,
Ent_A_15,Ativ_2,152.38909697413402,start,"Rec2, Rec3",3.0,0.0,,,
Ent_A_15,Ativ_2,152.88909697413402,complete,"Rec2, Rec3",3.0,0.0,,,
Ent_A_15,Decide2_Route2,152.88909697413402,complete,,,,Route2,152.88909697413402,
Ent_A_15,Decide3_Return_Ativ_1,152.88909697413402,complete,,,,Return_Ativ_1,152.88909697413402,
Ent_A_15,Ativ_1,152.88909697413402,start,Rec1,3.0,,,,
Ent_A_15,Ativ_1,159.485430175885,complete,Rec1,3.0,,,,
Ent_A_15,Decide1_It_is_Ent_A_Attrib_02,159.485430175885,complete,,,,It_is_Ent_A_Attrib_02,159.485430175885,
Ent_A_15,Ativ_2,159.485430175885,start,"Rec2, Rec3",3.0,0.0,,,
Ent_A_15,Ativ_2,159.485430175885,start,"Rec2, Rec3",3.0,0.0,,,
Ent_A_15,Ativ_2,159.985430175885,complete,"Rec2, Rec3",3.0,0.0,,,
Ent_A_15,Decide2_Route2,159.985430175885,complete,,,,Route2,159.985430175885,
Ent_A_15,Decide3_Go_on,159.985430175885,complete,,,,Go_on,159.985430175885,
Ent_A_15,Ativ_2,159.985430175885,start,"Rec2, Rec3",3.0,0.0,,,
Ent_A_15,Ativ_2,159.985430175885,start,"Rec2, Rec3",3.0,0.0,,,
Ent_A_15,Ativ_2,160.485430175885,complete,"Rec2, Rec3",3.0,0.0,,,
Ent_A_15,Decide2_Route2,160.485430175885,complete,,,,Route2,160.485430175885,
Ent_A_15,Decide3_Go_on,160.485430175885,complete,,,,Go_on,160.485430175885,
Ent_A_15,Ativ_2,160.485430175885,start,"Rec2, Rec3",3.0,0.0,,,
Ent_A_15,Ativ_2,160.485430175885,start,"Rec2, Rec3",3.0,0.0,,,
Ent_A_15,Ativ_2,160.985430175885,complete,"Rec2, Rec3",3.0,0.0,,,
Ent_A_15,Decide2_Route2,160.985430175885,complete,,,,Route2,160.985430175885,
Ent_A_15,Decide3_Go_on,160.985430175885,complete,,,,Go_on,160.985430175885,
Ent_A_15,Ativ_2,160.985430175885,start,"Rec2, Rec3",3.0,0.0,,,
Ent_A_15,Ativ_2,160.985430175885,start,"Rec2, Rec3",3.0,0.0,,,
Ent_A_15,Ativ_2,161.485430175885,complete,"Rec2, Rec3",3.0,0.0,,,
Ent_A_15,Decide2_Route2,161.485430175885,complete,,,,Route2,161.485430175885,
Ent_A_15,Decide3_Return_Ativ_1,161.485430175885,complete,,,,Return_Ativ_1,161.485430175885,
Ent_A_15,Ativ_1,161.485430175885,start,Rec1,3.0,,,,
Ent_A_15,Ativ_1,167.28476316661775,complete,Rec1,3.0,,,,
Ent_A_15,Decide1_It_is_Ent_A_Attrib_01,167.28476316661775,complete,,,,It_is_Ent_A_Attrib_01,167.28476316661775,
Ent_A_15,Discharge,167.28476316661775,complete,,,,,,24.556579003641815
Ent_A_16,Arrival,151.82745497657353,complete,,0.0,,,,
Ent_A_16,Ativ_1,151.82745497657353,start,Rec1,0.0,,,,
Ent_A_16,Ativ_1,158.57755050396145,complete,Rec1,0.0,,,,
Ent_A_16,Decide1_It_is_Ent_A_Attrib_02,158.57755050396145,complete,,,,It_is_Ent_A_Attrib_02,158.57755050396145,
Ent_A_16,Ativ_2,158.57755050396145,start,"Rec2, Rec3",0.0,0.0,,,
Ent_A_16,Ativ_2,158.57755050396145,start,"Rec2, Rec3",0.0,0.0,,,
Ent_A_16,Ativ_2,159.07755050396145,complete,"Rec2, Rec3",0.0,0.0,,,
Ent_A_16,Decide2_Route2,159.07755050396145,complete,,,,Route2,159.07755050396145,
Ent_A_16,Decide3_Go_on,159.07755050396145,complete,,,,Go_on,159.07755050396145,
Ent_A_16,Ativ_2,159.07755050396145,start,"Rec2, Rec3",0.0,0.0,,,
Ent_A_16,Ativ_2,159.07755050396145,start,"Rec2, Rec3",0.0,0.0,,,
Ent_A_16,Ativ_2,159.57755050396145,complete,"Rec2, Rec3",0.0,0.0,,,
Ent_A_16,Decide2_Route2,159.57755050396145,complete,,,,Route2,159.57755050396145,
Ent_A_16,Decide3_Go_on,159.57755050396145,complete,,,,Go_on,159.57755050396145,
Ent_A_16,Ativ_2,159.57755050396145,start,"Rec2, Rec3",0.0,0.0,,,
Ent_A_16,Ativ_2,159.57755050396145,start,"Rec2, Rec3",0.0,0.0,,,
Ent_A_16,Ativ_2,160.07755050396145,complete,"Rec2, Rec3",0.0,0.0,,,
Ent_A_16,Decide2_Route2,160.07755050396145,complete,,,,Route2,160.07755050396145,
Ent_A_16,Decide3_Go_on,160.07755050396145,complete,,,,Go_on,160.07755050396145,
Ent_A_16,Ativ_2,160.07755050396145,start,"Rec2, Rec3",0.0,0.0,,,
Ent_A_16,Ativ_2,160.07755050396145,start,"Rec2, Rec3",0.0,0.0,,,
Ent_A_16,Ativ_2,160.57755050396145,complete,"Rec2, Rec3",0.0,0.0,,,
Ent_A_16,Decide2_Route2,160.57755050396145,complete,,,,Route2,160.57755050396145,
Ent_A_16,Decide3_Return_Ativ_1,160.57755050396145,complete,,,,Return_Ativ_1,160.57755050396145,
Ent_A_16,Ativ_1,160.57755050396145,start,Rec1,0.0,,,,
Ent_A_16,Ativ_1,164.40544414948394,complete,Rec1,0.0,,,,
Ent_A_16,Decide1_It_is_Ent_A_Attrib_02,164.40544414948394,complete,,,,It_is_Ent_A_Attrib_02,164.40544414948394,
Ent_A_16,Ativ_2,164.40544414948394,start,"Rec2, Rec3",0.0,0.0,,,
Ent_A_16,Ativ_2,164.40544414948394,start,"Rec2, Rec3",0.0,0.0,,,
Ent_A_16,Ativ_2,164.90544414948394,complete,"Rec2, Rec3",0.0,0.0,,,
Ent_A_16,Decide2_Route1,164.90544414948394,complete,,,,Route1,164.90544414948394,
Ent_A_16,DisposeDecision_Dispose_No,164.90544414948394,complete,,,,Dispose_No,164.90544414948394,
Ent_A_16,Ativ3,164.90544414948394,start,"Rec2, Rec3",0.0,1.0,,,
Ent_A_16,Ativ3,164.90544414948394,start,"Rec2, Rec3",0.0,1.0,,,
Ent_A_16,Ativ3,172.0437254912892,complete,"Rec2, Rec3",0.0,1.0,,,
Ent_A_16,Discharge,172.0437254912892,complete,,,,,,20.21627051471566
Ent_A_17,Arrival,163.91082487589526,complete,,4.0,,,,
Ent_A_17,Ativ_1,164.40544414948394,start,Rec1,4.0,,,,
Ent_A_17,Ativ_1,169.9361155700554,complete,Rec1,4.0,,,,
Ent_A_17,Decide1_It_is_Ent_A_Attrib_02,169.9361155700554,complete,,,,It_is_Ent_A_Attrib_02,169.9361155700554,
Ent_A_17,Ativ_2,169.9361155700554,start,"Rec2, Rec3",4.0,0.0,,,
Ent_A_17,Ativ_2,169.9361155700554,start,"Rec2, Rec3",4.0,0.0,,,
Ent_A_17,Ativ_2,170.4361155700554,complete,"Rec2, Rec3",4.0,0.0,,,
Ent_A_17,Decide2_Route2,170.4361155700554,complete,,,,Route2,170.4361155700554,
Ent_A_17,Decide3_Go_on,170.4361155700554,complete,,,,Go_on,170.4361155700554,
Ent_A_17,Ativ_2,170.4361155700554,start,"Rec2, Rec3",4.0,0.0,,,
Ent_A_17,Ativ_2,170.4361155700554,start,"Rec2, Rec3",4.0,0.0,,,
Ent_A_17,Ativ_2,170.9361155700554,complete,"Rec2, Rec3",4.0,0.0,,,
Ent_A_17,Decide2_Route2,170.9361155700554,complete,,,,Route2,170.9361155700554,
Ent_A_17,Decide3_Go_on,170.9361155700554,complete,,,,Go_on,170.9361155700554,
Ent_A_17,Ativ_2,170.9361155700554,start,"Rec2, Rec3",4.0,0.0,,,
Ent_A_17,Ativ_2,170.9361155700554,start,"Rec2, Rec3",4.0,0.0,,,
Ent_A_17,Ativ_2,171.4361155700554,complete,"Rec2, Rec3",4.0,0.0,,,
Ent_A_17,Decide2_Route2,171.4361155700554,complete,,,,Route2,171.4361155700554,
Ent_A_17,Decide3_Return_Ativ_1,171.4361155700554,complete,,,,Return_Ativ_1,171.4361155700554,
Ent_A_17,Ativ_1,171.4361155700554,start,Rec1,4.0,,,,
Ent_A_17,Ativ_1,176.29352471394915,complete,Rec1,4.0,,,,
Ent_A_17,Decide1_It_is_Ent_A_Attrib_01,176.29352471394915,complete,,,,It_is_Ent_A_Attrib_01,176.29352471394915,
Ent_A_17,Discharge,176.29352471394915,complete,,,,,,12.382699838053895
Ent_A_18,Arrival,185.0802826346241,complete,,2.0,,,,
Ent_A_18,Ativ_1,185.0802826346241,start,Rec1,2.0,,,,
Ent_A_18,Ativ_1,189.91942485991677,complete,Rec1,2.0,,,,
Ent_A_18,Decide1_It_is_Ent_A_Attrib_01,189.91942485991677,complete,,,,It_is_Ent_A_Attrib_01,189.91942485991677,
Ent_A_18,Discharge,189.91942485991677,complete,,,,,,4.839142225292676
Ent_A_19,Arrival,195.23778062594147,complete,,2.0,,,,
Ent_A_19,Ativ_1,195.23778062594147,start,Rec1,2.0,,,,
Ent_A_19,Ativ_1,200.79122068742217,complete,Rec1,2.0,,,,
Ent_A_19,Decide1_It_is_Ent_A_Attrib_02,200.79122068742217,complete,,,,It_is_Ent_A_Attrib_02,200.79122068742217,
Ent_A_19,Ativ_2,200.79122068742217,start,"Rec2, Rec3",2.0,0.0,,,
Ent_A_19,Ativ_2,200.79122068742217,start,"Rec2, Rec3",2.0,0.0,,,
Ent_A_19,Ativ_2,201.29122068742217,complete,"Rec2, Rec3",2.0,0.0,,,
Ent_A_19,Decide2_Route2,201.29122068742217,complete,,,,Route2,201.29122068742217,
Ent_A_19,Decide3_Go_on,201.29122068742217,complete,,,,Go_on,201.29122068742217,
Ent_A_19,Ativ_2,201.29122068742217,start,"Rec2, Rec3",2.0,0.0,,,
Ent_A_19,Ativ_2,201.29122068742217,start,"Rec2, Rec3",2.0,0.0,,,
Ent_A_19,Ativ_2,201.79122068742217,complete,"Rec2, Rec3",2.0,0.0,,,
Ent_A_19,Decide2_Route2,201.79122068742217,complete,,,,Route2,201.79122068742217,
Ent_A_19,Decide3_Go_on,201.79122068742217,complete,,,,Go_on,201.79122068742217,
Ent_A_19,Ativ_2,201.79122068742217,start,"Rec2, Rec3",2.0,0.0,,,
Ent_A_19,Ativ_2,201.79122068742217,start,"Rec2, Rec3",2.0,0.0,,,
Ent_A_19,Ativ_2,202.29122068742217,complete,"Rec2, Rec3",2.0,0.0,,,
Ent_A_19,Decide2_Route2,202.29122068742217,complete,,,,Route2,202.29122068742217,
Ent_A_19,Decide3_Return_Ativ_1,202.29122068742217,complete,,,,Return_Ativ_1,202.29122068742217,
Ent_A_19,Ativ_1,202.29122068742217,start,Rec1,2.0,,,,
Ent_A_19,Ativ_1,208.0263470454021,complete,Rec1,2.0,,,,
Ent_A_19,Decide1_It_is_Ent_A_Attrib_01,208.0263470454021,complete,,,,It_is_Ent_A_Attrib_01,208.0263470454021,
Ent_A_19,Discharge,208.0263470454021,complete,,,,,,12.788566419460636
Ent_A_2,Arrival,14.651487922843222,complete,,2.0,,,,
Ent_A_2,Ativ_1,14.651487922843222,start,Rec1,2.0,,,,
Ent_A_2,Ativ_1,22.14852768403829,complete,Rec1,2.0,,,,
Ent_A_2,Decide1_It_is_Ent_A_Attrib_01,22.14852768403829,complete,,,,It_is_Ent_A_Attrib_01,22.14852768403829,
Ent_A_2,Discharge,22.14852768403829,complete,,,,,,7.497039761195067
Ent_A_20,Arrival,230.51406226049286,complete,,2.0,,,,
Ent_A_20,Ativ_1,230.51406226049286,start,Rec1,2.0,,,,
Ent_A_20,Ativ_1,236.51904314955655,complete,Rec1,2.0,,,,
Ent_A_20,Decide1_It_is_Ent_A_Attrib_02,236.51904314955655,complete,,,,It_is_Ent_A_Attrib_02,236.51904314955655,
Ent_A_20,Ativ_2,236.51904314955655,start,"Rec2, Rec3",2.0,0.0,,,
Ent_A_20,Ativ_2,236.51904314955655,start,"Rec2, Rec3",2.0,0.0,,,
Ent_A_20,Ativ_2,237.01904314955655,complete,"Rec2, Rec3",2.0,0.0,,,
Ent_A_20,Decide2_Route2,237.01904314955655,complete,,,,Route2,237.01904314955655,
Ent_A_20,Decide3_Go_on,237.01904314955655,complete,,,,Go_on,237.01904314955655,
Ent_A_20,Ativ_2,237.01904314955655,start,"Rec2, Rec3",2.0,0.0,,,
Ent_A_20,Ativ_2,237.01904314955655,start,"Rec2, Rec3",2.0,0.0,,,
Ent_A_20,Ativ_2,237.51904314955655,complete,"Rec2, Rec3",2.0,0.0,,,
Ent_A_20,Decide2_Route2,237.51904314955655,complete,,,,Route2,237.51904314955655,
Ent_A_20,Decide3_Return_Ativ_1,237.51904314955655,complete,,,,Return_Ativ_1,237.51904314955655,
Ent_A_20,Ativ_1,237.51904314955655,start,Rec1,2.0,,,,
Ent_A_20,Ativ_1,244.46208497128382,complete,Rec1,2.0,,,,
Ent_A_20,Decide1_It_is_Ent_A_Attrib_02,244.46208497128382,complete,,,,It_is_Ent_A_Attrib_02,244.46208497128382,
Ent_A_20,Ativ_2,244.46208497128382,start,"Rec2, Rec3",2.0,0.0,,,
Ent_A_20,Ativ_2,244.46208497128382,start,"Rec2, Rec3",2.0,0.0,,,
Ent_A_20,Ativ_2,244.96208497128382,complete,"Rec2, Rec3",2.0,0.0,,,
Ent_A_20,Decide2_Route1,244.96208497128382,complete,,,,Route1,244.96208497128382,
Ent_A_20,DisposeDecision_Dispose_No,244.96208497128382,complete,,,,Dispose_No,244.96208497128382,
Ent_A_20,Ativ3,244.96208497128382,start,"Rec2, Rec3",2.0,1.0,,,
Ent_A_20,Ativ3,244.96208497128382,start,"Rec2, Rec3",2.0,1.0,,,
Ent_A_20,Ativ3,250.5527421189793,complete,"Rec2, Rec3",2.0,1.0,,,
Ent_A_20,Discharge,250.5527421189793,complete,,,,,,20.038679858486432
Ent_A_21,Arrival,235.6171509317235,complete,,3.0,,,,
Ent_A_21,Ativ_1,235.6171509317235,start,Rec1,3.0,,,,
Ent_A_21,Ativ_1,243.44413125663175,complete,Rec1,3.0,,,,
Ent_A_21,Decide1_It_is_Ent_A_Attrib_01,243.44413125663175,complete,,,,It_is_Ent_A_Attrib_01,243.44413125663175,
Ent_A_21,Discharge,243.44413125663175,complete,,,,,,7.826980324908249
Ent_A_22,Arrival,240.657621811159,complete,,3.0,,,,
Ent_A_22,Ativ_1,243.44413125663175,start,Rec1,3.0,,,,
Ent_A_22,Ativ_1,248.63456473369845,complete,Rec1,3.0,,,,
Ent_A_22,Decide1_It_is_Ent_A_Attrib_02,248.63456473369845,complete,,,,It_is_Ent_A_Attrib_02,248.63456473369845,
Ent_A_22,Ativ_2,248.63456473369845,start,"Rec2, Rec3",3.0,0.0,,,
Ent_A_22,Ativ_2,248.63456473369845,start,"Rec2, Rec3",3.0,0.0,,,
Ent_A_22,Ativ_2,249.13456473369845,complete,"Rec2, Rec3",3.0,0.0,,,
Ent_A_22,Decide2_Route2,249.13456473369845,complete,,,,Route2,249.13456473369845,
Ent_A_22,Decide3_Go_on,249.13456473369845,complete,,,,Go_on,249.13456473369845,
Ent_A_22,Ativ_2,249.13456473369845,start,"Rec2, Rec3",3.0,0.0,,,
Ent_A_22,Ativ_2,249.13456473369845,start,"Rec2, Rec3",3.0,0.0,,,
Ent_A_22,Ativ_2,249.63456473369845,complete,"Rec2, Rec3",3.0,0.0,,,
Ent_A_22,Decide2_Route2,249.63456473369845,complete,,,,Route2,249.63456473369845,
Ent_A_22,Decide3_Return_Ativ_1,249.63456473369845,complete,,,,Return_Ativ_1,249.63456473369845,
Ent_A_22,Ativ_1,249.63456473369845,start,Rec1,3.0,,,,
Ent_A_22,Ativ_1,255.42432469867907,complete,Rec1,3.0,,,,
Ent_A_22,Decide1_It_is_Ent_A_Attrib_02,255.42432469867907,complete,,,,It_is_Ent_A_Attrib_02,255.42432469867907,
Ent_A_22,Ativ_2,255.42432469867907,start,"Rec2, Rec3",3.0,0.0,,,
Ent_A_22,Ativ_2,255.42432469867907,start,"Rec2, Rec3",3.0,0.0,,,
Ent_A_22,Ativ_2,255.92432469867907,complete,"Rec2, Rec3",3.0,0.0,,,
Ent_A_22,Decide2_Route1,255.92432469867907,complete,,,,Route1,255.92432469867907,
Ent_A_22,DisposeDecision_Dispose_No,255.92432469867907,complete,,,,Dispose_No,255.92432469867907,
Ent_A_22,Ativ3,255.92432469867907,start,"Rec2, Rec3",3.0,1.0,,,
Ent_A_22,Ativ3,255.92432469867907,start,"Rec2, Rec3",3.0,1.0,,,
Ent_A_22,Ativ3,261.85161598607425,complete,"Rec2, Rec3",3.0,1.0,,,
Ent_A_22,Discharge,261.85161598607425,complete,,,,,,21.193994174915247
Ent_A_23,Arrival,244.9527633796843,complete,,2.0,,,,
Ent_A_23,Ativ_1,244.9527633796843,start,Rec1,2.0,,,,
Ent_A_23,Ativ_1,249.9193053337628,complete,Rec1,2.0,,,,
Ent_A_23,Decide1_It_is_Ent_A_Attrib_02,249.9193053337628,complete,,,,It_is_Ent_A_Attrib_02,249.9193053337628,
Ent_A_23,Ativ_2,249.9193053337628,start,"Rec2, Rec3",2.0,0.0,,,
Ent_A_23,Ativ_2,249.9193053337628,start,"Rec2, Rec3",2.0,0.0,,,
Ent_A_23,Ativ_2,250.4193053337628,complete,"Rec2, Rec3",2.0,0.0,,,
Ent_A_23,Decide2_Route2,250.4193053337628,complete,,,,Route2,250.4193053337628,
Ent_A_23,Decide3_Go_on,250.4193053337628,complete,,,,Go_on,250.4193053337628,
Ent_A_23,Ativ_2,250.4193053337628,start,"Rec2, Rec3",2.0,0.0,,,
Ent_A_23,Ativ_2,250.4193053337628,start,"Rec2, Rec3",2.0,0.0,,,
Ent_A_23,Ativ_2,250.9193053337628,complete,"Rec2, Rec3",2.0,0.0,,,
Ent_A_23,Decide2_Route2,250.9193053337628,complete,,,,Route2,250.9193053337628,
Ent_A_23,Decide3_Go_on,250.9193053337628,complete,,,,Go_on,250.9193053337628,
Ent_A_23,Ativ_2,250.9193053337628,start,"Rec2, Rec3",2.0,0.0,,,
Ent_A_23,Ativ_2,250.9193053337628,start,"Rec2, Rec3",2.0,0.0,,,
Ent_A_23,Ativ_2,251.4193053337628,complete,"Rec2, Rec3",2.0,0.0,,,
Ent_A_23,Decide2_Route2,251.4193053337628,complete,,,,Route2,251.4193053337628,
Ent_A_23,Decide3_Return_Ativ_1,251.4193053337628,complete,,,,Return_Ativ_1,251.4193053337628,
Ent_A_23,Ativ_1,251.4193053337628,start,Rec1,2.0,,,,
Ent_A_23,Ativ_1,258.23078046810895,complete,Rec1,2.0,,,,
Ent_A_23,Decide1_It_is_Ent_A_Attrib_01,258.23078046810895,complete,,,,It_is_Ent_A_Attrib_01,258.23078046810895,
Ent_A_23,Discharge,258.23078046810895,complete,,,,,,13.278017088424633
Ent_A_24,Arrival,252.5968990126714,complete,,1.0,,,,
Ent_A_24,Ativ_1,255.42432469867907,start,Rec1,1.0,,,,
Ent_A_24,Ativ_1,260.9238269973685,complete,Rec1,1.0,,,,
Ent_A_24,Decide1_It_is_Ent_A_Attrib_02,260.9238269973685,complete,,,,It_is_Ent_A_Attrib_02,260.9238269973685,
Ent_A_24,Ativ_2,260.9238269973685,start,"Rec2, Rec3",1.0,0.0,,,
Ent_A_24,Ativ_2,260.9238269973685,start,"Rec2, Rec3",1.0,0.0,,,
Ent_A_24,Ativ_2,261.4238269973685,complete,"Rec2, Rec3",1.0,0.0,,,
Ent_A_24,Decide2_Route2,261.4238269973685,complete,,,,Route2,261.4238269973685,
Ent_A_24,Decide3_Return_Ativ_1,261.4238269973685,complete,,,,Return_Ativ_1,261.4238269973685,
Ent_A_24,Ativ_1,261.4238269973685,start,Rec1,1.0,,,,
Ent_A_24,Ativ_1,266.8670368284808,complete,Rec1,1.0,,,,
Ent_A_24,Decide1_It_is_Ent_A_Attrib_01,266.8670368284808,complete,,,,It_is_Ent_A_Attrib_01,266.8670368284808,
Ent_A_24,Discharge,266.8670368284808,complete,,,,,,14.27013781580942
Ent_A_25,Arrival,256.8172817714897,complete,,4.0,,,,
Ent_A_25,Ativ_1,258.23078046810895,start,Rec1,4.0,,,,
Ent_A_25,Ativ_1,264.32539989061326,complete,Rec1,4.0,,,,
Ent_A_25,Decide1_It_is_Ent_A_Attrib_02,264.32539989061326,complete,,,,It_is_Ent_A_Attrib_02,264.32539989061326,
Ent_A_25,Ativ_2,264.32539989061326,start,"Rec2, Rec3",4.0,0.0,,,
Ent_A_25,Ativ_2,264.32539989061326,start,"Rec2, Rec3",4.0,0.0,,,
Ent_A_25,Ativ_2,264.82539989061326,complete,"Rec2, Rec3",4.0,0.0,,,
Ent_A_25,Decide2_Route2,264.82539989061326,complete,,,,Route2,264.82539989061326,
Ent_A_25,Decide3_Go_on,264.82539989061326,complete,,,,Go_on,264.82539989061326,
Ent_A_25,Ativ_2,264.82539989061326,start,"Rec2, Rec3",4.0,0.0,,,
Ent_A_25,Ativ_2,264.82539989061326,start,"Rec2, Rec3",4.0,0.0,,,
Ent_A_25,Ativ_2,265.32539989061326,complete,"Rec2, Rec3",4.0,0.0,,,
Ent_A_25,Decide2_Route2,265.32539989061326,complete,,,,Route2,265.32539989061326,
Ent_A_25,Decide3_Go_on,265.32539989061326,complete,,,,Go_on,265.32539989061326,
Ent_A_25,Ativ_2,265.32539989061326,start,"Rec2, Rec3",4.0,0.0,,,
Ent_A_25,Ativ_2,265.32539989061326,start,"Rec2, Rec3",4.0,0.0,,,
Ent_A_25,Ativ_2,265.82539989061326,complete,"Rec2, Rec3",4.0,0.0,,,
Ent_A_25,Decide2_Route2,265.82539989061326,complete,,,,Route2,265.82539989061326,
Ent_A_25,Decide3_Go_on,265.82539989061326,complete,,,,Go_on,265.82539989061326,
Ent_A_25,Ativ_2,265.82539989061326,start,"Rec2, Rec3",4.0,0.0,,,
Ent_A_25,Ativ_2,265.82539989061326,start,"Rec2, Rec3",4.0,0.0,,,
Ent_A_25,Ativ_2,266.32539989061326,complete,"Rec2, Rec3",4.0,0.0,,,
Ent_A_25,Decide2_Route1,266.32539989061326,complete,,,,Route1,266.32539989061326,
Ent_A_25,DisposeDecision_Dispose_No,266.32539989061326,complete,,,,Dispose_No,266.32539989061326,
Ent_A_25,Ativ3,266.32539989061326,start,"Rec2, Rec3",4.0,1.0,,,
Ent_A_25,Ativ3,266.32539989061326,start,"Rec2, Rec3",4.0,1.0,,,
Ent_A_25,Ativ3,273.2385225475702,complete,"Rec2, Rec3",4.0,1.0,,,
Ent_A_25,Discharge,273.2385225475702,complete,,,,,,16.42124077608048
Ent_A_26,Arrival,266.26193877486924,complete,,1.0,,,,
Ent_A_26,Ativ_1,266.26193877486924,start,Rec1,1.0,,,,
Ent_A_26,Ativ_1,271.9567239518335,complete,Rec1,1.0,,,,
Ent_A_26,Decide1_It_is_Ent_A_Attrib_02,271.9567239518335,complete,,,,It_is_Ent_A_Attrib_02,271.9567239518335,
Ent_A_26,Ativ_2,271.9567239518335,start,"Rec2, Rec3",1.0,0.0,,,
Ent_A_26,Ativ_2,271.9567239518335,start,"Rec2, Rec3",1.0,0.0,,,
Ent_A_26,Ativ_2,272.4567239518335,complete,"Rec2, Rec3",1.0,0.0,,,
Ent_A_26,Decide2_Route2,272.4567239518335,complete,,,,Route2,272.4567239518335,
Ent_A_26,Decide3_Go_on,272.4567239518335,complete,,,,Go_on,272.4567239518335,
Ent_A_26,Ativ_2,272.4567239518335,start,"Rec2, Rec3",1.0,0.0,,,
Ent_A_26,Ativ_2,272.4567239518335,start,"Rec2, Rec3",1.0,0.0,,,
Ent_A_26,Ativ_2,272.9567239518335,complete,"Rec2, Rec3",1.0,0.0,,,
Ent_A_26,Decide2_Route2,272.9567239518335,complete,,,,Route2,272.9567239518335,
Ent_A_26,Decide3_Return_Ativ_1,272.9567239518335,complete,,,,Return_Ativ_1,272.9567239518335,
Ent_A_26,Ativ_1,272.9567239518335,start,Rec1,1.0,,,,
Ent_A_26,Ativ_1,279.76878005456643,complete,Rec1,1.0,,,,
Ent_A_26,Decide1_It_is_Ent_A_Attrib_01,279.76878005456643,complete,,,,It_is_Ent_A_Attrib_01,279.76878005456643,
Ent_A_26,Discharge,279.76878005456643,complete,,,,,,13.506841279697198
Ent_A_27,Arrival,268.9067141898245,complete,,4.0,,,,
Ent_A_27,Ativ_1,268.9067141898245,start,Rec1,4.0,,,,
Ent_A_27,Ativ_1,274.9568159775168,complete,Rec1,4.0,,,,
Ent_A_27,Decide1_It_is_Ent_A_Attrib_01,274.9568159775168,complete,,,,It_is_Ent_A_Attrib_01,274.9568159775168,
Ent_A_27,Discharge,274.9568159775168,complete,,,,,,6.050101787692256
Ent_A_28,Arrival,284.5406862968284,complete,,2.0,,,,
Ent_A_28,Ativ_1,284.5406862968284,start,Rec1,2.0,,,,
Ent_A_28,Ativ_1,292.4494569455048,complete,Rec1,2.0,,,,
Ent_A_28,Decide1_It_is_Ent_A_Attrib_02,292.4494569455048,complete,,,,It_is_Ent_A_Attrib_02,292.4494569455048,
Ent_A_28,Ativ_2,292.4494569455048,start,"Rec2, Rec3",2.0,0.0,,,
Ent_A_28,Ativ_2,292.4494569455048,start,"Rec2, Rec3",2.0,0.0,,,
Ent_A_28,Ativ_2,292.9494569455048,complete,"Rec2, Rec3",2.0,0.0,,,
Ent_A_28,Decide2_Route1,292.9494569455048,complete,,,,Route1,292.9494569455048,
Ent_A_28,DisposeDecision_Dispose_No,292.9494569455048,complete,,,,Dispose_No,292.9494569455048,
Ent_A_28,Ativ3,292.9494569455048,start,"Rec2, Rec3",2.0,1.0,,,
Ent_A_28,Ativ3,292.9494569455048,start,"Rec2, Rec3",2.0,1.0,,,
Ent_A_28,Ativ3,298.638167064814,complete,"Rec2, Rec3",2.0,1.0,,,
Ent_A_28,Discharge,298.638167064814,complete,,,,,,14.097480767985587
Ent_A_29,Arrival,289.20473600842826,complete,,2.0,,,,
Ent_A_29,Ativ_1,289.20473600842826,start,Rec1,2.0,,,,
Ent_A_29,Ativ_1,294.26164612838767,complete,Rec1,2.0,,,,
Ent_A_29,Decide1_It_is_Ent_A_Attrib_01,294.26164612838767,complete,,,,It_is_Ent_A_Attrib_01,294.26164612838767,
Ent_A_29,Discharge,294.26164612838767,complete,,,,,,5.0569101199594115
Ent_A_3,Arrival,29.295982162141165,complete,,2.0,,,,
Ent_A_3,Ativ_1,29.295982162141165,start,Rec1,2.0,,,,
Ent_A_3,Ativ_1,34.16369856298228,complete,Rec1,2.0,,,,
Ent_A_3,Decide1_It_is_Ent_A_Attrib_02,34.16369856298228,complete,,,,It_is_Ent_A_Attrib_02,34.16369856298228,
Ent_A_3,Ativ_2,34.16369856298228,start,"Rec2, Rec3",2.0,0.0,,,
Ent_A_3,Ativ_2,34.16369856298228,start,"Rec2, Rec3",2.0,0.0,,,
Ent_A_3,Ativ_2,34.66369856298228,complete,"Rec2, Rec3",2.0,0.0,,,
Ent_A_3,Decide2_Route2,34.66369856298228,complete,,,,Route2,34.66369856298228,
Ent_A_3,Decide3_Go_on,34.66369856298228,complete,,,,Go_on,34.66369856298228,
Ent_A_3,Ativ_2,34.66369856298228,start,"Rec2, Rec3",2.0,0.0,,,
Ent_A_3,Ativ_2,34.66369856298228,start,"Rec2, Rec3",2.0,0.0,,,
Ent_A_3,Ativ_2,35.16369856298228,complete,"Rec2, Rec3",2.0,0.0,,,
Ent_A_3,Decide2_Route2,35.16369856298228,complete,,,,Route2,35.16369856298228,
Ent_A_3,Decide3_Return_Ativ_1,35.16369856298228,complete,,,,Return_Ativ_1,35.16369856298228,
Ent_A_3,Ativ_1,35.16369856298228,start,Rec1,2.0,,,,
Ent_A_3,Ativ_1,40.3525438929383,complete,Rec1,2.0,,,,
Ent_A_3,Decide1_It_is_Ent_A_Attrib_02,40.3525438929383,complete,,,,It_is_Ent_A_Attrib_02,40.3525438929383,
Ent_A_3,Ativ_2,40.3525438929383,start,"Rec2, Rec3",2.0,0.0,,,
Ent_A_3,Ativ_2,40.3525438929383,start,"Rec2, Rec3",2.0,0.0,,,
Ent_A_3,Ativ_2,40.8525438929383,complete,"Rec2, Rec3",2.0,0.0,,,
Ent_A_3,Decide2_Route2,40.8525438929383,complete,,,,Route2,40.8525438929383,
Ent_A_3,Decide3_Go_on,40.8525438929383,complete,,,,Go_on,40.8525438929383,
Ent_A_3,Ativ_2,40.8525438929383,start,"Rec2, Rec3",2.0,0.0,,,
Ent_A_3,Ativ_2,40.8525438929383,start,"Rec2, Rec3",2.0,0.0,,,
Ent_A_3,Ativ_2,41.3525438929383,complete,"Rec2, Rec3",2.0,0.0,,,
Ent_A_3,Decide2_Route2,41.3525438929383,complete,,,,Route2,41.3525438929383,
Ent_A_3,Decide3_Go_on,41.3525438929383,complete,,,,Go_on,41.3525438929383,
Ent_A_3,Ativ_2,41.3525438929383,start,"Rec2, Rec3",2.0,0.0,,,
Ent_A_3,Ativ_2,41.3525438929383,start,"Rec2, Rec3",2.0,0.0,,,
Ent_A_3,Ativ_2,41.8525438929383,complete,"Rec2, Rec3",2.0,0.0,,,
Ent_A_3,Decide2_Route2,41.8525438929383,complete,,,,Route2,41.8525438929383,
Ent_A_3,Decide3_Go_on,41.8525438929383,complete,,,,Go_on,41.8525438929383,
Ent_A_3,Ativ_2,41.8525438929383,start,"Rec2, Rec3",2.0,0.0,,,
Ent_A_3,Ativ_2,41.8525438929383,start,"Rec2, Rec3",2.0,0.0,,,
Ent_A_3,Ativ_2,42.3525438929383,complete,"Rec2, Rec3",2.0,0.0,,,
Ent_A_3,Decide2_Route2,42.3525438929383,complete,,,,Route2,42.3525438929383,
Ent_A_3,Decide3_Go_on,42.3525438929383,complete,,,,Go_on,42.3525438929383,
Ent_A_3,Ativ_2,42.3525438929383,start,"Rec2, Rec3",2.0,0.0,,,
Ent_A_3,Ativ_2,42.3525438929383,start,"Rec2, Rec3",2.0,0.0,,,
Ent_A_3,Ativ_2,42.8525438929383,complete,"Rec2, Rec3",2.0,0.0,,,
Ent_A_3,Decide2_Route2,42.8525438929383,complete,,,,Route2,42.8525438929383,
Ent_A_3,Decide3_Go_on,42.8525438929383,complete,,,,Go_on,42.8525438929383,
Ent_A_3,Ativ_2,42.8525438929383,start,"Rec2, Rec3",2.0,0.0,,,
Ent_A_3,Ativ_2,42.8525438929383,start,"Rec2, Rec3",2.0,0.0,,,
Ent_A_3,Ativ_2,43.3525438929383,complete,"Rec2, Rec3",2.0,0.0,,,
Ent_A_3,Decide2_Route2,43.3525438929383,complete,,,,Route2,43.3525438929383,
Ent_A_3,Decide3_Go_on,43.3525438929383,complete,,,,Go_on,43.3525438929383,
Ent_A_3,Ativ_2,43.3525438929383,start,"Rec2, Rec3",2.0,0.0,,,
Ent_A_3,Ativ_2,43.3525438929383,start,"Rec2, Rec3",2.0,0.0,,,
Ent_A_3,Ativ_2,43.8525438929383,complete,"Rec2, Rec3",2.0,0.0,,,
Ent_A_3,Decide2_Route2,43.8525438929383,complete,,,,Route2,43.8525438929383,
Ent_A_3,Decide3_Return_Ativ_1,43.8525438929383,complete,,,,Return_Ativ_1,43.8525438929383,
Ent_A_3,Ativ_1,43.8525438929383,start,Rec1,2.0,,,,
Ent_A_3,Ativ_1,51.176466188489464,complete,Rec1,2.0,,,,
Ent_A_3,Decide1_It_is_Ent_A_Attrib_02,51.176466188489464,complete,,,,It_is_Ent_A_Attrib_02,51.176466188489464,
Ent_A_3,Ativ_2,51.176466188489464,start,"Rec2, Rec3",2.0,0.0,,,
Ent_A_3,Ativ_2,51.176466188489464,start,"Rec2, Rec3",2.0,0.0,,,
Ent_A_3,Ativ_2,51.676466188489464,complete,"Rec2, Rec3",2.0,0.0,,,
Ent_A_3,Decide2_Route1,51.676466188489464,complete,,,,Route1,51.676466188489464,
Ent_A_3,DisposeDecision_Dispose_No,51.676466188489464,complete,,,,Dispose_No,51.676466188489464,
Ent_A_3,Ativ3,51.676466188489464,start,"Rec2, Rec3",2.0,1.0,,,
Ent_A_3,Ativ3,51.676466188489464,start,"Rec2, Rec3",2.0,1.0,,,
Ent_A_3,Ativ3,58.24123850362334,complete,"Rec2, Rec3",2.0,1.0,,,
Ent_A_3,Discharge,58.24123850362334,complete,,,,,,28.945256341482178
Ent_A_30,Arrival,289.2970826051977,complete,,1.0,,,,
Ent_A_30,Ativ_1,292.4494569455048,start,Rec1,1.0,,,,
Ent_A_30,Ativ_1,297.2797111511731,complete,Rec1,1.0,,,,
Ent_A_30,Decide1_It_is_Ent_A_Attrib_02,297.2797111511731,complete,,,,It_is_Ent_A_Attrib_02,297.2797111511731,
Ent_A_30,Ativ_2,297.2797111511731,start,"Rec2, Rec3",1.0,0.0,,,
Ent_A_30,Ativ_2,297.2797111511731,start,"Rec2, Rec3",1.0,0.0,,,
Ent_A_30,Ativ_2,297.7797111511731,complete,"Rec2, Rec3",1.0,0.0,,,
Ent_A_30,Decide2_Route1,297.7797111511731,complete,,,,Route1,297.7797111511731,
Ent_A_30,DisposeDecision_Dispose_No,297.7797111511731,complete,,,,Dispose_No,297.7797111511731,
Ent_A_30,Ativ3,297.7797111511731,start,"Rec2, Rec3",1.0,1.0,,,
Ent_A_30,Ativ3,297.7797111511731,start,"Rec2, Rec3",1.0,1.0,,,
Ent_A_30,Ativ3,303.6092379283637,complete,"Rec2, Rec3",1.0,1.0,,,
Ent_A_30,Discharge,303.6092379283637,complete,,,,,,14.312155323165996
Ent_A_31,Arrival,291.6162398896902,complete,,2.0,,,,
Ent_A_31,Ativ_1,294.26164612838767,start,Rec1,2.0,,,,
Ent_A_31,Ativ_1,300.4978954749151,complete,Rec1,2.0,,,,
Ent_A_31,Decide1_It_is_Ent_A_Attrib_02,300.4978954749151,complete,,,,It_is_Ent_A_Attrib_02,300.4978954749151,
Ent_A_31,Ativ_2,300.4978954749151,start,"Rec2, Rec3",2.0,0.0,,,
Ent_A_31,Ativ_2,300.4978954749151,start,"Rec2, Rec3",2.0,0.0,,,
Ent_A_31,Ativ_2,300.9978954749151,complete,"Rec2, Rec3",2.0,0.0,,,
Ent_A_31,Decide2_Route2,300.9978954749151,complete,,,,Route2,300.9978954749151,
Ent_A_31,Decide3_Return_Ativ_1,300.9978954749151,complete,,,,Return_Ativ_1,300.9978954749151,
Ent_A_31,Ativ_1,300.9978954749151,start,Rec1,2.0,,,,
Ent_A_31,Ativ_1,306.74447176992226,complete,Rec1,2.0,,,,
Ent_A_31,Decide1_It_is_Ent_A_Attrib_02,306.74447176992226,complete,,,,It_is_Ent_A_Attrib_02,306.74447176992226,
Ent_A_31,Ativ_2,306.74447176992226,start,"Rec2, Rec3",2.0,0.0,,,
Ent_A_31,Ativ_2,306.74447176992226,start,"Rec2, Rec3",2.0,0.0,,,
Ent_A_31,Ativ_2,307.24447176992226,complete,"Rec2, Rec3",2.0,0.0,,,
Ent_A_31,Decide2_Route2,307.24447176992226,complete,,,,Route2,307.24447176992226,
Ent_A_31,Decide3_Go_on,307.24447176992226,complete,,,,Go_on,307.24447176992226,
Ent_A_31,Ativ_2,307.24447176992226,start,"Rec2, Rec3",2.0,0.0,,,
Ent_A_31,Ativ_2,307.24447176992226,start,"Rec2, Rec3",2.0,0.0,,,
Ent_A_31,Ativ_2,307.74447176992226,complete,"Rec2, Rec3",2.0,0.0,,,
Ent_A_31,Decide2_Route2,307.74447176992226,complete,,,,Route2,307.74447176992226,
Ent_A_31,Decide3_Go_on,307.74447176992226,complete,,,,Go_on,307.74447176992226,
Ent_A_31,Ativ_2,307.74447176992226,start,"Rec2, Rec3",2.0,0.0,,,
Ent_A_31,Ativ_2,307.74447176992226,start,"Rec2, Rec3",2.0,0.0,,,
Ent_A_31,Ativ_2,308.24447176992226,complete,"Rec2, Rec3",2.0,0.0,,,
Ent_A_31,Decide2_Route2,308.24447176992226,complete,,,,Route2,308.24447176992226,
Ent_A_31,Decide3_Go_on,308.24447176992226,complete,,,,Go_on,308.24447176992226,
Ent_A_31,Ativ_2,308.24447176992226,start,"Rec2, Rec3",2.0,0.0,,,
Ent_A_31,Ativ_2,308.24447176992226,start,"Rec2, Rec3",2.0,0.0,,,
Ent_A_31,Ativ_2,308.74447176992226,complete,"Rec2, Rec3",2.0,0.0,,,
Ent_A_31,Decide2_Route2,308.74447176992226,complete,,,,Route2,308.74447176992226,
Ent_A_31,Decide3_Go_on,308.74447176992226,complete,,,,Go_on,308.74447176992226,
Ent_A_31,Ativ_2,308.74447176992226,start,"Rec2, Rec3",2.0,0.0,,,
Ent_A_31,Ativ_2,308.74447176992226,start,"Rec2, Rec3",2.0,0.0,,,
Ent_A_31,Ativ_2,309.24447176992226,complete,"Rec2, Rec3",2.0,0.0,,,
Ent_A_31,Decide2_Route2,309.24447176992226,complete,,,,Route2,309.24447176992226,
Ent_A_31,Decide3_Return_Ativ_1,309.24447176992226,complete,,,,Return_Ativ_1,309.24447176992226,
Ent_A_31,Ativ_1,309.24447176992226,start,Rec1,2.0,,,,
Ent_A_31,Ativ_1,315.8812530041614,complete,Rec1,2.0,,,,
Ent_A_31,Decide1_It_is_Ent_A_Attrib_02,315.8812530041614,complete,,,,It_is_Ent_A_Attrib_02,315.8812530041614,
Ent_A_31,Ativ_2,315.8812530041614,start,"Rec2, Rec3",2.0,0.0,,,
Ent_A_31,Ativ_2,315.8812530041614,start,"Rec2, Rec3",2.0,0.0,,,
Ent_A_31,Ativ_2,316.3812530041614,complete,"Rec2, Rec3",2.0,0.0,,,
Ent_A_31,Decide2_Route2,316.3812530041614,complete,,,,Route2,316.3812530041614,
Ent_A_31,Decide3_Go_on,316.3812530041614,complete,,,,Go_on,316.3812530041614,
Ent_A_31,Ativ_2,316.3812530041614,start,"Rec2, Rec3",2.0,0.0,,,
Ent_A_31,Ativ_2,316.3812530041614,start,"Rec2, Rec3",2.0,0.0,,,
Ent_A_31,Ativ_2,316.8812530041614,complete,"Rec2, Rec3",2.0,0.0,,,
Ent_A_31,Decide2_Route2,316.8812530041614,complete,,,,Route2,316.8812530041614,
Ent_A_31,Decide3_Go_on,316.8812530041614,complete,,,,Go_on,316.8812530041614,
Ent_A_31,Ativ_2,316.8812530041614,start,"Rec2, Rec3",2.0,0.0,,,
Ent_A_31,Ativ_2,316.8812530041614,start,"Rec2, Rec3",2.0,0.0,,,
Ent_A_31,Ativ_2,317.3812530041614,complete,"Rec2, Rec3",2.0,0.0,,,
Ent_A_31,Decide2_Route2,317.3812530041614,complete,,,,Route2,317.3812530041614,
Ent_A_31,Decide3_Go_on,317.3812530041614,complete,,,,Go_on,317.3812530041614,
Ent_A_31,Ativ_2,317.3812530041614,start,"Rec2, Rec3",2.0,0.0,,,
Ent_A_31,Ativ_2,317.3812530041614,start,"Rec2, Rec3",2.0,0.0,,,
Ent_A_31,Ativ_2,317.8812530041614,complete,"Rec2, Rec3",2.0,0.0,,,
Ent_A_31,Decide2_Route2,317.8812530041614,complete,,,,Route2,317.8812530041614,
Ent_A_31,Decide3_Go_on,317.8812530041614,complete,,,,Go_on,317.8812530041614,
Ent_A_31,Ativ_2,317.8812530041614,start,"Rec2, Rec3",2.0,0.0,,,
Ent_A_31,Ativ_2,317.8812530041614,start,"Rec2, Rec3",2.0,0.0,,,
Ent_A_31,Ativ_2,318.3812530041614,complete,"Rec2, Rec3",2.0,0.0,,,
Ent_A_31,Decide2_Route2,318.3812530041614,complete,,,,Route2,318.3812530041614,
Ent_A_31,Decide3_Return_Ativ_1,318.3812530041614,complete,,,,Return_Ativ_1,318.3812530041614,
Ent_A_31,Ativ_1,318.3812530041614,start,Rec1,2.0,,,,
Ent_A_31,Ativ_1,324.0850475286376,complete,Rec1,2.0,,,,
Ent_A_31,Decide1_It_is_Ent_A_Attrib_01,324.0850475286376,complete,,,,It_is_Ent_A_Attrib_01,324.0850475286376,
Ent_A_31,Discharge,324.0850475286376,complete,,,,,,32.468807638947396
Ent_A_32,Arrival,296.26682836123007,complete,,4.0,,,,
Ent_A_32,Ativ_1,297.2797111511731,start,Rec1,4.0,,,,
Ent_A_32,Ativ_1,302.5762619276541,complete,Rec1,4.0,,,,
Ent_A_32,Decide1_It_is_Ent_A_Attrib_01,302.5762619276541,complete,,,,It_is_Ent_A_Attrib_01,302.5762619276541,
Ent_A_32,Discharge,302.5762619276541,complete,,,,,,6.3094335664240475
Ent_A_33,Arrival,306.8393533630427,complete,,1.0,,,,
Ent_A_33,Ativ_1,306.8393533630427,start,Rec1,1.0,,,,
Ent_A_33,Ativ_1,314.75184465517896,complete,Rec1,1.0,,,,
Ent_A_33,Decide1_It_is_Ent_A_Attrib_02,314.75184465517896,complete,,,,It_is_Ent_A_Attrib_02,314.75184465517896,
Ent_A_33,Ativ_2,314.75184465517896,start,"Rec2, Rec3",1.0,0.0,,,
Ent_A_33,Ativ_2,314.75184465517896,start,"Rec2, Rec3",1.0,0.0,,,
Ent_A_33,Ativ_2,315.25184465517896,complete,"Rec2, Rec3",1.0,0.0,,,
Ent_A_33,Decide2_Route2,315.25184465517896,complete,,,,Route2,315.25184465517896,
Ent_A_33,Decide3_Go_on,315.25184465517896,complete,,,,Go_on,315.25184465517896,
Ent_A_33,Ativ_2,315.25184465517896,start,"Rec2, Rec3",1.0,0.0,,,
Ent_A_33,Ativ_2,315.25184465517896,start,"Rec2, Rec3",1.0,0.0,,,
Ent_A_33,Ativ_2,315.75184465517896,complete,"Rec2, Rec3",1.0,0.0,,,
Ent_A_33,Decide2_Route2,315.75184465517896,complete,,,,Route2,315.75184465517896,
Ent_A_33,Decide3_Go_on,315.75184465517896,complete,,,,Go_on,315.75184465517896,
Ent_A_33,Ativ_2,315.75184465517896,start,"Rec2, Rec3",1.0,0.0,,,
Ent_A_33,Ativ_2,315.75184465517896,start,"Rec2, Rec3",1.0,0.0,,,
Ent_A_33,Ativ_2,316.25184465517896,complete,"Rec2, Rec3",1.0,0.0,,,
Ent_A_33,Decide2_Route2,316.25184465517896,complete,,,,Route2,316.25184465517896,
Ent_A_33,Decide3_Go_on,316.25184465517896,complete,,,,Go_on,316.25184465517896,
Ent_A_33,Ativ_2,316.25184465517896,start,"Rec2, Rec3",1.0,0.0,,,
Ent_A_33,Ativ_2,316.25184465517896,start,"Rec2, Rec3",1.0,0.0,,,
Ent_A_33,Ativ_2,316.75184465517896,complete,"Rec2, Rec3",1.0,0.0,,,
Ent_A_33,Decide2_Route2,316.75184465517896,complete,,,,Route2,316.75184465517896,
Ent_A_33,Decide3_Go_on,316.75184465517896,complete,,,,Go_on,316.75184465517896,
Ent_A_33,Ativ_2,316.75184465517896,start,"Rec2, Rec3",1.0,0.0,,,
Ent_A_33,Ativ_2,316.75184465517896,start,"Rec2, Rec3",1.0,0.0,,,
Ent_A_33,Ativ_2,317.25184465517896,complete,"Rec2, Rec3",1.0,0.0,,,
Ent_A_33,Decide2_Route2,317.25184465517896,complete,,,,Route2,317.25184465517896,
Ent_A_33,Decide3_Go_on,317.25184465517896,complete,,,,Go_on,317.25184465517896,
Ent_A_33,Ativ_2,317.25184465517896,start,"Rec2, Rec3",1.0,0.0,,,
Ent_A_33,Ativ_2,317.25184465517896,start,"Rec2, Rec3",1.0,0.0,,,
Ent_A_33,Ativ_2,317.75184465517896,complete,"Rec2, Rec3",1.0,0.0,,,
Ent_A_33,Decide2_Route2,317.75184465517896,complete,,,,Route2,317.75184465517896,
Ent_A_33,Decide3_Go_on,317.75184465517896,complete,,,,Go_on,317.75184465517896,
Ent_A_33,Ativ_2,317.75184465517896,start,"Rec2, Rec3",1.0,0.0,,,
Ent_A_33,Ativ_2,317.75184465517896,start,"Rec2, Rec3",1.0,0.0,,,
Ent_A_33,Ativ_2,318.25184465517896,complete,"Rec2, Rec3",1.0,0.0,,,
Ent_A_33,Decide2_Route2,318.25184465517896,complete,,,,Route2,318.25184465517896,
Ent_A_33,Decide3_Go_on,318.25184465517896,complete,,,,Go_on,318.25184465517896,
Ent_A_33,Ativ_2,318.25184465517896,start,"Rec2, Rec3",1.0,0.0,,,
Ent_A_33,Ativ_2,318.25184465517896,start,"Rec2, Rec3",1.0,0.0,,,
Ent_A_33,Ativ_2,318.75184465517896,complete,"Rec2, Rec3",1.0,0.0,,,
Ent_A_33,Decide2_Route2,318.75184465517896,complete,,,,Route2,318.75184465517896,
Ent_A_33,Decide3_Go_on,318.75184465517896,complete,,,,Go_on,318.75184465517896,
Ent_A_33,Ativ_2,318.75184465517896,start,"Rec2, Rec3",1.0,0.0,,,
Ent_A_33,Ativ_2,318.75184465517896,start,"Rec2, Rec3",1.0,0.0,,,
Ent_A_33,Ativ_2,319.25184465517896,complete,"Rec2, Rec3",1.0,0.0,,,
Ent_A_33,Decide2_Route2,319.25184465517896,complete,,,,Route2,319.25184465517896,
Ent_A_33,Decide3_Go_on,319.25184465517896,complete,,,,Go_on,319.25184465517896,
Ent_A_33,Ativ_2,319.25184465517896,start,"Rec2, Rec3",1.0,0.0,,,
Ent_A_33,Ativ_2,319.25184465517896,start,"Rec2, Rec3",1.0,0.0,,,
Ent_A_33,Ativ_2,319.75184465517896,complete,"Rec2, Rec3",1.0,0.0,,,
Ent_A_33,Decide2_Route2,319.75184465517896,complete,,,,Route2,319.75184465517896,
Ent_A_33,Decide3_Return_Ativ_1,319.75184465517896,complete,,,,Return_Ativ_1,319.75184465517896,
Ent_A_33,Ativ_1,319.75184465517896,start,Rec1,1.0,,,,
Ent_A_33,Ativ_1,324.45969029164974,complete,Rec1,1.0,,,,
Ent_A_33,Decide1_It_is_Ent_A_Attrib_02,324.45969029164974,complete,,,,It_is_Ent_A_Attrib_02,324.45969029164974,
Ent_A_33,Ativ_2,324.45969029164974,start,"Rec2, Rec3",1.0,0.0,,,
Ent_A_33,Ativ_2,324.45969029164974,start,"Rec2, Rec3",1.0,0.0,,,
Ent_A_33,Ativ_2,324.95969029164974,complete,"Rec2, Rec3",1.0,0.0,,,
Ent_A_33,Decide2_Route2,324.95969029164974,complete,,,,Route2,324.95969029164974,
Ent_A_33,Decide3_Return_Ativ_1,324.95969029164974,complete,,,,Return_Ativ_1,324.95969029164974,
Ent_A_33,Ativ_1,324.95969029164974,start,Rec1,1.0,,,,
Ent_A_33,Ativ_1,331.23771390773544,complete,Rec1,1.0,,,,
Ent_A_33,Decide1_It_is_Ent_A_Attrib_02,331.23771390773544,complete,,,,It_is_Ent_A_Attrib_02,331.23771390773544,
Ent_A_33,Ativ_2,331.23771390773544,start,"Rec2, Rec3",1.0,0.0,,,
Ent_A_33,Ativ_2,331.23771390773544,start,"Rec2, Rec3",1.0,0.0,,,
Ent_A_33,Ativ_2,331.73771390773544,complete,"Rec2, Rec3",1.0,0.0,,,
Ent_A_33,Decide2_Route1,331.73771390773544,complete,,,,Route1,331.73771390773544,
Ent_A_33,DisposeDecision_Dispose_No,331.73771390773544,complete,,,,Dispose_No,331.73771390773544,
Ent_A_33,Ativ3,331.73771390773544,start,"Rec2, Rec3",1.0,1.0,,,
Ent_A_33,Ativ3,331.73771390773544,start,"Rec2, Rec3",1.0,1.0,,,
Ent_A_33,Ativ3,338.72087416229607,complete,"Rec2, Rec3",1.0,1.0,,,
Ent_A_33,Discharge,338.72087416229607,complete,,,,,,31.881520799253394
Ent_A_34,Arrival,321.46969253819884,complete,,1.0,,,,
Ent_A_34,Ativ_1,324.0850475286376,start,Rec1,1.0,,,,
Ent_A_34,Ativ_1,332.4034030979371,complete,Rec1,1.0,,,,
Ent_A_34,Decide1_It_is_Ent_A_Attrib_02,332.4034030979371,complete,,,,It_is_Ent_A_Attrib_02,332.4034030979371,
Ent_A_34,Ativ_2,332.4034030979371,start,"Rec2, Rec3",1.0,0.0,,,
Ent_A_34,Ativ_2,332.4034030979371,start,"Rec2, Rec3",1.0,0.0,,,
Ent_A_34,Ativ_2,332.9034030979371,complete,"Rec2, Rec3",1.0,0.0,,,
Ent_A_34,Decide2_Route2,332.9034030979371,complete,,,,Route2,332.9034030979371,
Ent_A_34,Decide3_Go_on,332.9034030979371,complete,,,,Go_on,332.9034030979371,
Ent_A_34,Ativ_2,332.9034030979371,start,"Rec2, Rec3",1.0,0.0,,,
Ent_A_34,Ativ_2,332.9034030979371,start,"Rec2, Rec3",1.0,0.0,,,
Ent_A_34,Ativ_2,333.4034030979371,complete,"Rec2, Rec3",1.0,0.0,,,
Ent_A_34,Decide2_Route2,333.4034030979371,complete,,,,Route2,333.4034030979371,
Ent_A_34,Decide3_Go_on,333.4034030979371,complete,,,,Go_on,333.4034030979371,
Ent_A_34,Ativ_2,333.4034030979371,start,"Rec2, Rec3",1.0,0.0,,,
Ent_A_34,Ativ_2,333.4034030979371,start,"Rec2, Rec3",1.0,0.0,,,
Ent_A_34,Ativ_2,333.9034030979371,complete,"Rec2, Rec3",1.0,0.0,,,
Ent_A_34,Decide2_Route2,333.9034030979371,complete,,,,Route2,333.9034030979371,
Ent_A_34,Decide3_Go_on,333.9034030979371,complete,,,,Go_on,333.9034030979371,
Ent_A_34,Ativ_2,333.9034030979371,start,"Rec2, Rec3",1.0,0.0,,,
Ent_A_34,Ativ_2,333.9034030979371,start,"Rec2, Rec3",1.0,0.0,,,
Ent_A_34,Ativ_2,334.4034030979371,complete,"Rec2, Rec3",1.0,0.0,,,
Ent_A_34,Decide2_Route2,334.4034030979371,complete,,,,Route2,334.4034030979371,
Ent_A_34,Decide3_Go_on,334.4034030979371,complete,,,,Go_on,334.4034030979371,
Ent_A_34,Ativ_2,334.4034030979371,start,"Rec2, Rec3",1.0,0.0,,,
Ent_A_34,Ativ_2,334.4034030979371,start,"Rec2, Rec3",1.0,0.0,,,
Ent_A_34,Ativ_2,334.9034030979371,complete,"Rec2, Rec3",1.0,0.0,,,
Ent_A_34,Decide2_Route2,334.9034030979371,complete,,,,Route2,334.9034030979371,
Ent_A_34,Decide3_Go_on,334.9034030979371,complete,,,,Go_on,334.9034030979371,
Ent_A_34,Ativ_2,334.9034030979371,start,"Rec2, Rec3",1.0,0.0,,,
Ent_A_34,Ativ_2,334.9034030979371,start,"Rec2, Rec3",1.0,0.0,,,
Ent_A_34,Ativ_2,335.4034030979371,complete,"Rec2, Rec3",1.0,0.0,,,
Ent_A_34,Decide2_Route2,335.4034030979371,complete,,,,Route2,335.4034030979371,
Ent_A_34,Decide3_Go_on,335.4034030979371,complete,,,,Go_on,335.4034030979371,
Ent_A_34,Ativ_2,335.4034030979371,start,"Rec2, Rec3",1.0,0.0,,,
Ent_A_34,Ativ_2,335.4034030979371,start,"Rec2, Rec3",1.0,0.0,,,
Ent_A_34,Ativ_2,335.9034030979371,complete,"Rec2, Rec3",1.0,0.0,,,
Ent_A_34,Decide2_Route2,335.9034030979371,complete,,,,Route2,335.9034030979371,
Ent_A_34,Decide3_Go_on,335.9034030979371,complete,,,,Go_on,335.9034030979371,
Ent_A_34,Ativ_2,335.9034030979371,start,"Rec2, Rec3",1.0,0.0,,,
Ent_A_34,Ativ_2,335.9034030979371,start,"Rec2, Rec3",1.0,0.0,,,
Ent_A_34,Ativ_2,336.4034030979371,complete,"Rec2, Rec3",1.0,0.0,,,
Ent_A_34,Decide2_Route2,336.4034030979371,complete,,,,Route2,336.4034030979371,
Ent_A_34,Decide3_Go_on,336.4034030979371,complete,,,,Go_on,336.4034030979371,
Ent_A_34,Ativ_2,336.4034030979371,start,"Rec2, Rec3",1.0,0.0,,,
Ent_A_34,Ativ_2,336.4034030979371,start,"Rec2, Rec3",1.0,0.0,,,
Ent_A_34,Ativ_2,336.9034030979371,complete,"Rec2, Rec3",1.0,0.0,,,
Ent_A_34,Decide2_Route2,336.9034030979371,complete,,,,Route2,336.9034030979371,
Ent_A_34,Decide3_Return_Ativ_1,336.9034030979371,complete,,,,Return_Ativ_1,336.9034030979371,
Ent_A_34,Ativ_1,336.9034030979371,start,Rec1,1.0,,,,
Ent_A_34,Ativ_1,343.337699356164,complete,Rec1,1.0,,,,
Ent_A_34,Decide1_It_is_Ent_A_Attrib_02,343.337699356164,complete,,,,It_is_Ent_A_Attrib_02,343.337699356164,
Ent_A_34,Ativ_2,343.337699356164,start,"Rec2, Rec3",1.0,0.0,,,
Ent_A_34,Ativ_2,343.337699356164,start,"Rec2, Rec3",1.0,0.0,,,
Ent_A_34,Ativ_2,343.837699356164,complete,"Rec2, Rec3",1.0,0.0,,,
Ent_A_34,Decide2_Route2,343.837699356164,complete,,,,Route2,343.837699356164,
Ent_A_34,Decide3_Go_on,343.837699356164,complete,,,,Go_on,343.837699356164,
Ent_A_34,Ativ_2,343.837699356164,start,"Rec2, Rec3",1.0,0.0,,,
Ent_A_34,Ativ_2,343.837699356164,start,"Rec2, Rec3",1.0,0.0,,,
Ent_A_34,Ativ_2,344.337699356164,complete,"Rec2, Rec3",1.0,0.0,,,
Ent_A_34,Decide2_Route2,344.337699356164,complete,,,,Route2,344.337699356164,
Ent_A_34,Decide3_Go_on,344.337699356164,complete,,,,Go_on,344.337699356164,
Ent_A_34,Ativ_2,344.337699356164,start,"Rec2, Rec3",1.0,0.0,,,
Ent_A_34,Ativ_2,344.337699356164,start,"Rec2, Rec3",1.0,0.0,,,
Ent_A_34,Ativ_2,344.837699356164,complete,"Rec2, Rec3",1.0,0.0,,,
Ent_A_34,Decide2_Route2,344.837699356164,complete,,,,Route2,344.837699356164,
Ent_A_34,Decide3_Go_on,344.837699356164,complete,,,,Go_on,344.837699356164,
Ent_A_34,Ativ_2,344.837699356164,start,"Rec2, Rec3",1.0,0.0,,,
Ent_A_34,Ativ_2,344.837699356164,start,"Rec2, Rec3",1.0,0.0,,,
Ent_A_34,Ativ_2,345.337699356164,complete,"Rec2, Rec3",1.0,0.0,,,
Ent_A_34,Decide2_Route1,345.337699356164,complete,,,,Route1,345.337699356164,
Ent_A_34,DisposeDecision_Dispose_No,345.337699356164,complete,,,,Dispose_No,345.337699356164,
Ent_A_34,Ativ3,345.337699356164,start,"Rec2, Rec3",1.0,1.0,,,
Ent_A_34,Ativ3,345.337699356164,start,"Rec2, Rec3",1.0,1.0,,,
Ent_A_34,Ativ3,351.6236688252366,complete,"Rec2, Rec3",1.0,1.0,,,
Ent_A_34,Discharge,351.6236688252366,complete,,,,,,30.15397628703778
Ent_A_35,Arrival,331.66364909038055,complete,,1.0,,,,
Ent_A_35,Ativ_1,331.66364909038055,start,Rec1,1.0,,,,
Ent_A_35,Ativ_1,337.67947541586045,complete,Rec1,1.0,,,,
Ent_A_35,Decide1_It_is_Ent_A_Attrib_02,337.67947541586045,complete,,,,It_is_Ent_A_Attrib_02,337.67947541586045,
Ent_A_35,Ativ_2,337.67947541586045,start,"Rec2, Rec3",1.0,0.0,,,
Ent_A_35,Ativ_2,337.67947541586045,start,"Rec2, Rec3",1.0,0.0,,,
Ent_A_35,Ativ_2,338.17947541586045,complete,"Rec2, Rec3",1.0,0.0,,,
Ent_A_35,Decide2_Route2,338.17947541586045,complete,,,,Route2,338.17947541586045,
Ent_A_35,Decide3_Go_on,338.17947541586045,complete,,,,Go_on,338.17947541586045,
Ent_A_35,Ativ_2,338.17947541586045,start,"Rec2, Rec3",1.0,0.0,,,
Ent_A_35,Ativ_2,338.17947541586045,start,"Rec2, Rec3",1.0,0.0,,,
Ent_A_35,Ativ_2,338.67947541586045,complete,"Rec2, Rec3",1.0,0.0,,,
Ent_A_35,Decide2_Route2,338.67947541586045,complete,,,,Route2,338.67947541586045,
Ent_A_35,Decide3_Go_on,338.67947541586045,complete,,,,Go_on,338.67947541586045,
Ent_A_35,Ativ_2,338.67947541586045,start,"Rec2, Rec3",1.0,0.0,,,
Ent_A_35,Ativ_2,338.67947541586045,start,"Rec2, Rec3",1.0,0.0,,,
Ent_A_35,Ativ_2,339.17947541586045,complete,"Rec2, Rec3",1.0,0.0,,,
Ent_A_35,Decide2_Route2,339.17947541586045,complete,,,,Route2,339.17947541586045,
Ent_A_35,Decide3_Return_Ativ_1,339.17947541586045,complete,,,,Return_Ativ_1,339.17947541586045,
Ent_A_35,Ativ_1,339.17947541586045,start,Rec1,1.0,,,,
Ent_A_35,Ativ_1,345.8016020246327,complete,Rec1,1.0,,,,
Ent_A_35,Decide1_It_is_Ent_A_Attrib_01,345.8016020246327,complete,,,,It_is_Ent_A_Attrib_01,345.8016020246327,
Ent_A_35,Discharge,345.8016020246327,complete,,,,,,14.137952934252155
Ent_A_36,Arrival,344.96282148211736,complete,,2.0,,,,
Ent_A_36,Ativ_1,344.96282148211736,start,Rec1,2.0,,,,
Ent_A_36,Ativ_1,352.17853597080125,complete,Rec1,2.0,,,,
Ent_A_36,Decide1_It_is_Ent_A_Attrib_02,352.17853597080125,complete,,,,It_is_Ent_A_Attrib_02,352.17853597080125,
Ent_A_36,Ativ_2,352.17853597080125,start,"Rec2, Rec3",2.0,0.0,,,
Ent_A_36,Ativ_2,352.17853597080125,start,"Rec2, Rec3",2.0,0.0,,,
Ent_A_36,Ativ_2,352.67853597080125,complete,"Rec2, Rec3",2.0,0.0,,,
Ent_A_36,Decide2_Route2,352.67853597080125,complete,,,,Route2,352.67853597080125,
Ent_A_36,Decide3_Return_Ativ_1,352.67853597080125,complete,,,,Return_Ativ_1,352.67853597080125,
Ent_A_36,Ativ_1,352.67853597080125,start,Rec1,2.0,,,,
Ent_A_36,Ativ_1,359.13546133182234,complete,Rec1,2.0,,,,
Ent_A_36,Decide1_It_is_Ent_A_Attrib_02,359.13546133182234,complete,,,,It_is_Ent_A_Attrib_02,359.13546133182234,
Ent_A_36,Ativ_2,359.13546133182234,start,"Rec2, Rec3",2.0,0.0,,,
Ent_A_36,Ativ_2,359.13546133182234,start,"Rec2, Rec3",2.0,0.0,,,
Ent_A_36,Ativ_2,359.63546133182234,complete,"Rec2, Rec3",2.0,0.0,,,
Ent_A_36,Decide2_Route1,359.63546133182234,complete,,,,Route1,359.63546133182234,
Ent_A_36,DisposeDecision_Dispose_No,359.63546133182234,complete,,,,Dispose_No,359.63546133182234,
Ent_A_36,Ativ3,359.63546133182234,start,"Rec2, Rec3",2.0,1.0,,,
Ent_A_36,Ativ3,359.63546133182234,start,"Rec2, Rec3",2.0,1.0,,,
Ent_A_36,Ativ3,365.70493658375267,complete,"Rec2, Rec3",2.0,1.0,,,
Ent_A_36,Discharge,365.70493658375267,complete,,,,,,20.742115101635306
Ent_A_37,Arrival,356.01505682843907,complete,,2.0,,,,
Ent_A_37,Ativ_1,356.01505682843907,start,Rec1,2.0,,,,
Ent_A_37,Ativ_1,361.8378629034418,complete,Rec1,2.0,,,,
Ent_A_37,Decide1_It_is_Ent_A_Attrib_01,361.8378629034418,complete,,,,It_is_Ent_A_Attrib_01,361.8378629034418,
Ent_A_37,Discharge,361.8378629034418,complete,,,,,,5.822806075002745
Ent_A_38,Arrival,358.8516184681808,complete,,3.0,,,,
Ent_A_38,Ativ_1,359.13546133182234,start,Rec1,3.0,,,,
Ent_A_38,Ativ_1,363.6210013285297,complete,Rec1,3.0,,,,
Ent_A_38,Decide1_It_is_Ent_A_Attrib_01,363.6210013285297,complete,,,,It_is_Ent_A_Attrib_01,363.6210013285297,
Ent_A_38,Discharge,363.6210013285297,complete,,,,,,4.769382860348912
Ent_A_39,Arrival,361.888797001127,complete,,3.0,,,,
Ent_A_39,Ativ_1,361.888797001127,start,Rec1,3.0,,,,
Ent_A_39,Ativ_1,367.88585965416445,complete,Rec1,3.0,,,,
Ent_A_39,Decide1_It_is_Ent_A_Attrib_02,367.88585965416445,complete,,,,It_is_Ent_A_Attrib_02,367.88585965416445,
Ent_A_39,Ativ_2,367.88585965416445,start,"Rec2, Rec3",3.0,0.0,,,
Ent_A_39,Ativ_2,367.88585965416445,start,"Rec2, Rec3",3.0,0.0,,,
Ent_A_39,Ativ_2,368.38585965416445,complete,"Rec2, Rec3",3.0,0.0,,,
Ent_A_39,Decide2_Route2,368.38585965416445,complete,,,,Route2,368.38585965416445,
Ent_A_39,Decide3_Go_on,368.38585965416445,complete,,,,Go_on,368.38585965416445,
Ent_A_39,Ativ_2,368.38585965416445,start,"Rec2, Rec3",3.0,0.0,,,
Ent_A_39,Ativ_2,368.38585965416445,start,"Rec2, Rec3",3.0,0.0,,,
Ent_A_39,Ativ_2,368.88585965416445,complete,"Rec2, Rec3",3.0,0.0,,,
Ent_A_39,Decide2_Route2,368.88585965416445,complete,,,,Route2,368.88585965416445,
Ent_A_39,Decide3_Go_on,368.88585965416445,complete,,,,Go_on,368.88585965416445,
Ent_A_39,Ativ_2,368.88585965416445,start,"Rec2, Rec3",3.0,0.0,,,
Ent_A_39,Ativ_2,368.88585965416445,start,"Rec2, Rec3",3.0,0.0,,,
Ent_A_39,Ativ_2,369.38585965416445,complete,"Rec2, Rec3",3.0,0.0,,,
Ent_A_39,Decide2_Route2,369.38585965416445,complete,,,,Route2,369.38585965416445,
Ent_A_39,Decide3_Go_on,369.38585965416445,complete,,,,Go_on,369.38585965416445,
Ent_A_39,Ativ_2,369.38585965416445,start,"Rec2, Rec3",3.0,0.0,,,
Ent_A_39,Ativ_2,369.38585965416445,start,"Rec2, Rec3",3.0,0.0,,,
Ent_A_39,Ativ_2,369.88585965416445,complete,"Rec2, Rec3",3.0,0.0,,,
Ent_A_39,Decide2_Route2,369.88585965416445,complete,,,,Route2,369.88585965416445,
Ent_A_39,Decide3_Return_Ativ_1,369.88585965416445,complete,,,,Return_Ativ_1,369.88585965416445,
Ent_A_39,Ativ_1,369.88585965416445,start,Rec1,3.0,,,,
Ent_A_39,Ativ_1,377.8136788646786,complete,Rec1,3.0,,,,
Ent_A_39,Decide1_It_is_Ent_A_Attrib_01,377.8136788646786,complete,,,,It_is_Ent_A_Attrib_01,377.8136788646786,
Ent_A_39,Discharge,377.8136788646786,complete,,,,,,15.924881863551605
Ent_A_4,Arrival,40.84264223692731,complete,,2.0,,,,
Ent_A_4,Ativ_1,40.84264223692731,start,Rec1,2.0,,,,
Ent_A_4,Ativ_1,46.83083927165351,complete,Rec1,2.0,,,,
Ent_A_4,Decide1_It_is_Ent_A_Attrib_02,46.83083927165351,complete,,,,It_is_Ent_A_Attrib_02,46.83083927165351,
Ent_A_4,Ativ_2,46.83083927165351,start,"Rec2, Rec3",2.0,0.0,,,
Ent_A_4,Ativ_2,46.83083927165351,start,"Rec2, Rec3",2.0,0.0,,,
Ent_A_4,Ativ_2,47.33083927165351,complete,"Rec2, Rec3",2.0,0.0,,,
Ent_A_4,Decide2_Route1,47.33083927165351,complete,,,,Route1,47.33083927165351,
Ent_A_4,DisposeDecision_Dispose_No,47.33083927165351,complete,,,,Dispose_No,47.33083927165351,
Ent_A_4,Ativ3,47.33083927165351,start,"Rec2, Rec3",2.0,1.0,,,
Ent_A_4,Ativ3,47.33083927165351,start,"Rec2, Rec3",2.0,1.0,,,
Ent_A_4,Ativ3,55.255627970305696,complete,"Rec2, Rec3",2.0,1.0,,,
Ent_A_4,Discharge,55.255627970305696,complete,,,,,,14.412985733378385
Ent_A_40,Arrival,361.9669773160042,complete,,1.0,,,,
Ent_A_40,Ativ_1,363.6210013285297,start,Rec1,1.0,,,,
Ent_A_40,Ativ_1,368.04145541658625,complete,Rec1,1.0,,,,
Ent_A_40,Decide1_It_is_Ent_A_Attrib_02,368.04145541658625,complete,,,,It_is_Ent_A_Attrib_02,368.04145541658625,
Ent_A_40,Ativ_2,368.04145541658625,start,"Rec2, Rec3",1.0,0.0,,,
Ent_A_40,Ativ_2,368.04145541658625,start,"Rec2, Rec3",1.0,0.0,,,
Ent_A_40,Ativ_2,368.54145541658625,complete,"Rec2, Rec3",1.0,0.0,,,
Ent_A_40,Decide2_Route2,368.54145541658625,complete,,,,Route2,368.54145541658625,
Ent_A_40,Decide3_Go_on,368.54145541658625,complete,,,,Go_on,368.54145541658625,
Ent_A_40,Ativ_2,368.54145541658625,start,"Rec2, Rec3",1.0,0.0,,,
Ent_A_40,Ativ_2,368.54145541658625,start,"Rec2, Rec3",1.0,0.0,,,
Ent_A_40,Ativ_2,369.04145541658625,complete,"Rec2, Rec3",1.0,0.0,,,
Ent_A_40,Decide2_Route2,369.04145541658625,complete,,,,Route2,369.04145541658625,
Ent_A_40,Decide3_Go_on,369.04145541658625,complete,,,,Go_on,369.04145541658625,
Ent_A_40,Ativ_2,369.04145541658625,start,"Rec2, Rec3",1.0,0.0,,,
Ent_A_40,Ativ_2,369.04145541658625,start,"Rec2, Rec3",1.0,0.0,,,
Ent_A_40,Ativ_2,369.54145541658625,complete,"Rec2, Rec3",1.0,0.0,,,
Ent_A_40,Decide2_Route2,369.54145541658625,complete,,,,Route2,369.54145541658625,
Ent_A_40,Decide3_Go_on,369.54145541658625,complete,,,,Go_on,369.54145541658625,
Ent_A_40,Ativ_2,369.54145541658625,start,"Rec2, Rec3",1.0,0.0,,,
Ent_A_40,Ativ_2,369.54145541658625,start,"Rec2, Rec3",1.0,0.0,,,
Ent_A_40,Ativ_2,370.04145541658625,complete,"Rec2, Rec3",1.0,0.0,,,
Ent_A_40,Decide2_Route2,370.04145541658625,complete,,,,Route2,370.04145541658625,
Ent_A_40,Decide3_Go_on,370.04145541658625,complete,,,,Go_on,370.04145541658625,
Ent_A_40,Ativ_2,370.04145541658625,start,"Rec2, Rec3",1.0,0.0,,,
Ent_A_40,Ativ_2,370.04145541658625,start,"Rec2, Rec3",1.0,0.0,,,
Ent_A_40,Ativ_2,370.54145541658625,complete,"Rec2, Rec3",1.0,0.0,,,
Ent_A_40,Decide2_Route2,370.54145541658625,complete,,,,Route2,370.54145541658625,
Ent_A_40,Decide3_Go_on,370.54145541658625,complete,,,,Go_on,370.54145541658625,
Ent_A_40,Ativ_2,370.54145541658625,start,"Rec2, Rec3",1.0,0.0,,,
Ent_A_40,Ativ_2,370.54145541658625,start,"Rec2, Rec3",1.0,0.0,,,
Ent_A_40,Ativ_2,371.04145541658625,complete,"Rec2, Rec3",1.0,0.0,,,
Ent_A_40,Decide2_Route2,371.04145541658625,complete,,,,Route2,371.04145541658625,
Ent_A_40,Decide3_Return_Ativ_1,371.04145541658625,complete,,,,Return_Ativ_1,371.04145541658625,
Ent_A_40,Ativ_1,371.04145541658625,start,Rec1,1.0,,,,
Ent_A_40,Ativ_1,375.97256043447646,complete,Rec1,1.0,,,,
Ent_A_40,Decide1_It_is_Ent_A_Attrib_02,375.97256043447646,complete,,,,It_is_Ent_A_Attrib_02,375.97256043447646,
Ent_A_40,Ativ_2,375.97256043447646,start,"Rec2, Rec3",1.0,0.0,,,
Ent_A_40,Ativ_2,375.97256043447646,start,"Rec2, Rec3",1.0,0.0,,,
Ent_A_40,Ativ_2,376.47256043447646,complete,"Rec2, Rec3",1.0,0.0,,,
Ent_A_40,Decide2_Route2,376.47256043447646,complete,,,,Route2,376.47256043447646,
Ent_A_40,Decide3_Go_on,376.47256043447646,complete,,,,Go_on,376.47256043447646,
Ent_A_40,Ativ_2,376.47256043447646,start,"Rec2, Rec3",1.0,0.0,,,
Ent_A_40,Ativ_2,376.47256043447646,start,"Rec2, Rec3",1.0,0.0,,,
Ent_A_40,Ativ_2,376.97256043447646,complete,"Rec2, Rec3",1.0,0.0,,,
Ent_A_40,Decide2_Route1,376.97256043447646,complete,,,,Route1,376.97256043447646,
Ent_A_40,DisposeDecision_Dispose_No,376.97256043447646,complete,,,,Dispose_No,376.97256043447646,
Ent_A_40,Ativ3,376.97256043447646,start,"Rec2, Rec3",1.0,1.0,,,
Ent_A_40,Ativ3,376.97256043447646,start,"Rec2, Rec3",1.0,1.0,,,
Ent_A_40,Ativ3,384.3998633189867,complete,"Rec2, Rec3",1.0,1.0,,,
Ent_A_40,Discharge,384.3998633189867,complete,,,,,,22.432886002982514
Ent_A_41,Arrival,376.65192717597085,complete,,2.0,,,,
Ent_A_41,Ativ_1,376.65192717597085,start,Rec1,2.0,,,,
Ent_A_41,Ativ_1,383.52963007296586,complete,Rec1,2.0,,,,
Ent_A_41,Decide1_It_is_Ent_A_Attrib_02,383.52963007296586,complete,,,,It_is_Ent_A_Attrib_02,383.52963007296586,
Ent_A_41,Ativ_2,383.52963007296586,start,"Rec2, Rec3",2.0,0.0,,,
Ent_A_41,Ativ_2,383.52963007296586,start,"Rec2, Rec3",2.0,0.0,,,
Ent_A_41,Ativ_2,384.02963007296586,complete,"Rec2, Rec3",2.0,0.0,,,
Ent_A_41,Decide2_Route1,384.02963007296586,complete,,,,Route1,384.02963007296586,
Ent_A_41,DisposeDecision_Dispose_No,384.02963007296586,complete,,,,Dispose_No,384.02963007296586,
Ent_A_41,Ativ3,384.02963007296586,start,"Rec2, Rec3",2.0,1.0,,,
Ent_A_41,Ativ3,384.02963007296586,start,"Rec2, Rec3",2.0,1.0,,,
Ent_A_41,Ativ3,391.5853328524332,complete,"Rec2, Rec3",2.0,1.0,,,
Ent_A_41,Discharge,391.5853328524332,complete,,,,,,14.933405676462371
Ent_A_42,Arrival,378.96612377315256,complete,,1.0,,,,
Ent_A_42,Ativ_1,378.96612377315256,start,Rec1,1.0,,,,
Ent_A_42,Ativ_1,384.87884115006295,complete,Rec1,1.0,,,,
Ent_A_42,Decide1_It_is_Ent_A_Attrib_02,384.87884115006295,complete,,,,It_is_Ent_A_Attrib_02,384.87884115006295,
Ent_A_42,Ativ_2,384.87884115006295,start,"Rec2, Rec3",1.0,0.0,,,
Ent_A_42,Ativ_2,384.87884115006295,start,"Rec2, Rec3",1.0,0.0,,,
Ent_A_42,Ativ_2,385.37884115006295,complete,"Rec2, Rec3",1.0,0.0,,,
Ent_A_42,Decide2_Route1,385.37884115006295,complete,,,,Route1,385.37884115006295,
Ent_A_42,DisposeDecision_Dispose_No,385.37884115006295,complete,,,,Dispose_No,385.37884115006295,
Ent_A_42,Ativ3,385.37884115006295,start,"Rec2, Rec3",1.0,1.0,,,
Ent_A_42,Ativ3,385.37884115006295,start,"Rec2, Rec3",1.0,1.0,,,
Ent_A_42,Ativ3,392.0261916782907,complete,"Rec2, Rec3",1.0,1.0,,,
Ent_A_42,Discharge,392.0261916782907,complete,,,,,,13.060067905138112
Ent_A_43,Arrival,382.33709024861804,complete,,2.0,,,,
Ent_A_43,Ativ_1,383.52963007296586,start,Rec1,2.0,,,,
Ent_A_43,Ativ_1,390.82488088092606,complete,Rec1,2.0,,,,
Ent_A_43,Decide1_It_is_Ent_A_Attrib_01,390.82488088092606,complete,,,,It_is_Ent_A_Attrib_01,390.82488088092606,
Ent_A_43,Discharge,390.82488088092606,complete,,,,,,8.48779063230802
Ent_A_44,Arrival,382.48033427522773,complete,,2.0,,,,
Ent_A_44,Ativ_1,384.87884115006295,start,Rec1,2.0,,,,
Ent_A_44,Ativ_1,390.58877456003427,complete,Rec1,2.0,,,,
Ent_A_44,Decide1_It_is_Ent_A_Attrib_02,390.58877456003427,complete,,,,It_is_Ent_A_Attrib_02,390.58877456003427,
Ent_A_44,Ativ_2,390.58877456003427,start,"Rec2, Rec3",2.0,0.0,,,
Ent_A_44,Ativ_2,390.58877456003427,start,"Rec2, Rec3",2.0,0.0,,,
Ent_A_44,Ativ_2,391.08877456003427,complete,"Rec2, Rec3",2.0,0.0,,,
Ent_A_44,Decide2_Route2,391.08877456003427,complete,,,,Route2,391.08877456003427,
Ent_A_44,Decide3_Go_on,391.08877456003427,complete,,,,Go_on,391.08877456003427,
Ent_A_44,Ativ_2,391.08877456003427,start,"Rec2, Rec3",2.0,0.0,,,
Ent_A_44,Ativ_2,391.08877456003427,start,"Rec2, Rec3",2.0,0.0,,,
Ent_A_44,Ativ_2,391.58877456003427,complete,"Rec2, Rec3",2.0,0.0,,,
Ent_A_44,Decide2_Route2,391.58877456003427,complete,,,,Route2,391.58877456003427,
Ent_A_44,Decide3_Return_Ativ_1,391.58877456003427,complete,,,,Return_Ativ_1,391.58877456003427,
Ent_A_44,Ativ_1,391.58877456003427,start,Rec1,2.0,,,,
Ent_A_44,Ativ_1,398.48938712450047,complete,Rec1,2.0,,,,
Ent_A_44,Decide1_It_is_Ent_A_Attrib_02,398.48938712450047,complete,,,,It_is_Ent_A_Attrib_02,398.48938712450047,
Ent_A_44,Ativ_2,398.48938712450047,start,"Rec2, Rec3",2.0,0.0,,,
Ent_A_44,Ativ_2,398.48938712450047,start,"Rec2, Rec3",2.0,0.0,,,
Ent_A_44,Ativ_2,398.98938712450047,complete,"Rec2, Rec3",2.0,0.0,,,
Ent_A_44,Decide2_Route2,398.98938712450047,complete,,,,Route2,398.98938712450047,
Ent_A_44,Decide3_Go_on,398.98938712450047,complete,,,,Go_on,398.98938712450047,
Ent_A_44,Ativ_2,398.98938712450047,start,"Rec2, Rec3",2.0,0.0,,,
Ent_A_44,Ativ_2,398.98938712450047,start,"Rec2, Rec3",2.0,0.0,,,
Ent_A_44,Ativ_2,399.48938712450047,complete,"Rec2, Rec3",2.0,0.0,,,
Ent_A_44,Decide2_Route2,399.48938712450047,complete,,,,Route2,399.48938712450047,
Ent_A_44,Decide3_Go_on,399.48938712450047,complete,,,,Go_on,399.48938712450047,
Ent_A_44,Ativ_2,399.48938712450047,start,"Rec2, Rec3",2.0,0.0,,,
Ent_A_44,Ativ_2,399.48938712450047,start,"Rec2, Rec3",2.0,0.0,,,
Ent_A_44,Ativ_2,399.98938712450047,complete,"Rec2, Rec3",2.0,0.0,,,
Ent_A_44,Decide2_Route2,399.98938712450047,complete,,,,Route2,399.98938712450047,
Ent_A_44,Decide3_Return_Ativ_1,399.98938712450047,complete,,,,Return_Ativ_1,399.98938712450047,
Ent_A_44,Ativ_1,399.98938712450047,start,Rec1,2.0,,,,
Ent_A_44,Ativ_1,406.91078188710287,complete,Rec1,2.0,,,,
Ent_A_44,Decide1_It_is_Ent_A_Attrib_01,406.91078188710287,complete,,,,It_is_Ent_A_Attrib_01,406.91078188710287,
Ent_A_44,Discharge,406.91078188710287,complete,,,,,,24.430447611875138
Ent_A_45,Arrival,390.8836238850107,complete,,3.0,,,,
Ent_A_45,Ativ_1,390.8836238850107,start,Rec1,3.0,,,,
Ent_A_45,Ativ_1,396.8076174973681,complete,Rec1,3.0,,,,
Ent_A_45,Decide1_It_is_Ent_A_Attrib_02,396.8076174973681,complete,,,,It_is_Ent_A_Attrib_02,396.8076174973681,
Ent_A_45,Ativ_2,396.8076174973681,start,"Rec2, Rec3",3.0,0.0,,,
Ent_A_45,Ativ_2,396.8076174973681,start,"Rec2, Rec3",3.0,0.0,,,
Ent_A_45,Ativ_2,397.3076174973681,complete,"Rec2, Rec3",3.0,0.0,,,
Ent_A_45,Decide2_Route2,397.3076174973681,complete,,,,Route2,397.3076174973681,
Ent_A_45,Decide3_Go_on,397.3076174973681,complete,,,,Go_on,397.3076174973681,
Ent_A_45,Ativ_2,397.3076174973681,start,"Rec2, Rec3",3.0,0.0,,,
Ent_A_45,Ativ_2,397.3076174973681,start,"Rec2, Rec3",3.0,0.0,,,
Ent_A_45,Ativ_2,397.8076174973681,complete,"Rec2, Rec3",3.0,0.0,,,
Ent_A_45,Decide2_Route2,397.8076174973681,complete,,,,Route2,397.8076174973681,
Ent_A_45,Decide3_Go_on,397.8076174973681,complete,,,,Go_on,397.8076174973681,
Ent_A_45,Ativ_2,397.8076174973681,start,"Rec2, Rec3",3.0,0.0,,,
Ent_A_45,Ativ_2,397.8076174973681,start,"Rec2, Rec3",3.0,0.0,,,
Ent_A_45,Ativ_2,398.3076174973681,complete,"Rec2, Rec3",3.0,0.0,,,
Ent_A_45,Decide2_Route2,398.3076174973681,complete,,,,Route2,398.3076174973681,
Ent_A_45,Decide3_Go_on,398.3076174973681,complete,,,,Go_on,398.3076174973681,
Ent_A_45,Ativ_2,398.3076174973681,start,"Rec2, Rec3",3.0,0.0,,,
Ent_A_45,Ativ_2,398.3076174973681,start,"Rec2, Rec3",3.0,0.0,,,
Ent_A_45,Ativ_2,398.8076174973681,complete,"Rec2, Rec3",3.0,0.0,,,
Ent_A_45,Decide2_Route2,398.8076174973681,complete,,,,Route2,398.8076174973681,
Ent_A_45,Decide3_Go_on,398.8076174973681,complete,,,,Go_on,398.8076174973681,
Ent_A_45,Ativ_2,398.8076174973681,start,"Rec2, Rec3",3.0,0.0,,,
Ent_A_45,Ativ_2,398.8076174973681,start,"Rec2, Rec3",3.0,0.0,,,
Ent_A_45,Ativ_2,399.3076174973681,complete,"Rec2, Rec3",3.0,0.0,,,
Ent_A_45,Decide2_Route2,399.3076174973681,complete,,,,Route2,399.3076174973681,
Ent_A_45,Decide3_Go_on,399.3076174973681,complete,,,,Go_on,399.3076174973681,
Ent_A_45,Ativ_2,399.3076174973681,start,"Rec2, Rec3",3.0,0.0,,,
Ent_A_45,Ativ_2,399.3076174973681,start,"Rec2, Rec3",3.0,0.0,,,
Ent_A_45,Ativ_2,399.8076174973681,complete,"Rec2, Rec3",3.0,0.0,,,
Ent_A_45,Decide2_Route2,399.8076174973681,complete,,,,Route2,399.8076174973681,
Ent_A_45,Decide3_Go_on,399.8076174973681,complete,,,,Go_on,399.8076174973681,
Ent_A_45,Ativ_2,399.8076174973681,start,"Rec2, Rec3",3.0,0.0,,,
Ent_A_45,Ativ_2,399.8076174973681,start,"Rec2, Rec3",3.0,0.0,,,
Ent_A_45,Ativ_2,400.3076174973681,complete,"Rec2, Rec3",3.0,0.0,,,
Ent_A_45,Decide2_Route2,400.3076174973681,complete,,,,Route2,400.3076174973681,
Ent_A_45,Decide3_Go_on,400.3076174973681,complete,,,,Go_on,400.3076174973681,
Ent_A_45,Ativ_2,400.3076174973681,start,"Rec2, Rec3",3.0,0.0,,,
Ent_A_45,Ativ_2,400.3076174973681,start,"Rec2, Rec3",3.0,0.0,,,
Ent_A_45,Ativ_2,400.8076174973681,complete,"Rec2, Rec3",3.0,0.0,,,
Ent_A_45,Decide2_Route2,400.8076174973681,complete,,,,Route2,400.8076174973681,
Ent_A_45,Decide3_Go_on,400.8076174973681,complete,,,,Go_on,400.8076174973681,
Ent_A_45,Ativ_2,400.8076174973681,start,"Rec2, Rec3",3.0,0.0,,,
Ent_A_45,Ativ_2,400.8076174973681,start,"Rec2, Rec3",3.0,0.0,,,
Ent_A_45,Ativ_2,401.3076174973681,complete,"Rec2, Rec3",3.0,0.0,,,
Ent_A_45,Decide2_Route2,401.3076174973681,complete,,,,Route2,401.3076174973681,
Ent_A_45,Decide3_Go_on,401.3076174973681,complete,,,,Go_on,401.3076174973681,
Ent_A_45,Ativ_2,401.3076174973681,start,"Rec2, Rec3",3.0,0.0,,,
Ent_A_45,Ativ_2,401.3076174973681,start,"Rec2, Rec3",3.0,0.0,,,
Ent_A_45,Ativ_2,401.8076174973681,complete,"Rec2, Rec3",3.0,0.0,,,
Ent_A_45,Decide2_Route2,401.8076174973681,complete,,,,Route2,401.8076174973681,
Ent_A_45,Decide3_Return_Ativ_1,401.8076174973681,complete,,,,Return_Ativ_1,401.8076174973681,
Ent_A_45,Ativ_1,401.8076174973681,start,Rec1,3.0,,,,
Ent_A_45,Ativ_1,410.2696182091881,complete,Rec1,3.0,,,,
Ent_A_45,Decide1_It_is_Ent_A_Attrib_02,410.2696182091881,complete,,,,It_is_Ent_A_Attrib_02,410.2696182091881,
Ent_A_45,Ativ_2,410.2696182091881,start,"Rec2, Rec3",3.0,0.0,,,
Ent_A_45,Ativ_2,410.2696182091881,start,"Rec2, Rec3",3.0,0.0,,,
Ent_A_45,Ativ_2,410.7696182091881,complete,"Rec2, Rec3",3.0,0.0,,,
Ent_A_45,Decide2_Route2,410.7696182091881,complete,,,,Route2,410.7696182091881,
Ent_A_45,Decide3_Go_on,410.7696182091881,complete,,,,Go_on,410.7696182091881,
Ent_A_45,Ativ_2,410.7696182091881,start,"Rec2, Rec3",3.0,0.0,,,
Ent_A_45,Ativ_2,410.7696182091881,start,"Rec2, Rec3",3.0,0.0,,,
Ent_A_45,Ativ_2,411.2696182091881,complete,"Rec2, Rec3",3.0,0.0,,,
Ent_A_45,Decide2_Route2,411.2696182091881,complete,,,,Route2,411.2696182091881,
Ent_A_45,Decide3_Go_on,411.2696182091881,complete,,,,Go_on,411.2696182091881,
Ent_A_45,Ativ_2,411.2696182091881,start,"Rec2, Rec3",3.0,0.0,,,
Ent_A_45,Ativ_2,411.2696182091881,start,"Rec2, Rec3",3.0,0.0,,,
Ent_A_45,Ativ_2,411.7696182091881,complete,"Rec2, Rec3",3.0,0.0,,,
Ent_A_45,Decide2_Route2,411.7696182091881,complete,,,,Route2,411.7696182091881,
Ent_A_45,Decide3_Go_on,411.7696182091881,complete,,,,Go_on,411.7696182091881,
Ent_A_45,Ativ_2,411.7696182091881,start,"Rec2, Rec3",3.0,0.0,,,
Ent_A_45,Ativ_2,411.7696182091881,start,"Rec2, Rec3",3.0,0.0,,,
Ent_A_45,Ativ_2,412.2696182091881,complete,"Rec2, Rec3",3.0,0.0,,,
Ent_A_45,Decide2_Route2,412.2696182091881,complete,,,,Route2,412.2696182091881,
Ent_A_45,Decide3_Go_on,412.2696182091881,complete,,,,Go_on,412.2696182091881,
Ent_A_45,Ativ_2,412.2696182091881,start,"Rec2, Rec3",3.0,0.0,,,
Ent_A_45,Ativ_2,412.2696182091881,start,"Rec2, Rec3",3.0,0.0,,,
Ent_A_45,Ativ_2,412.7696182091881,complete,"Rec2, Rec3",3.0,0.0,,,
Ent_A_45,Decide2_Route2,412.7696182091881,complete,,,,Route2,412.7696182091881,
Ent_A_45,Decide3_Return_Ativ_1,412.7696182091881,complete,,,,Return_Ativ_1,412.7696182091881,
Ent_A_45,Ativ_1,412.7696182091881,start,Rec1,3.0,,,,
Ent_A_45,Ativ_1,419.75648144891784,complete,Rec1,3.0,,,,
Ent_A_45,Decide1_It_is_Ent_A_Attrib_01,419.75648144891784,complete,,,,It_is_Ent_A_Attrib_01,419.75648144891784,
Ent_A_45,Discharge,419.75648144891784,complete,,,,,,28.872857563907132
Ent_A_46,Arrival,414.62906754840844,complete,,1.0,,,,
Ent_A_46,Ativ_1,414.62906754840844,start,Rec1,1.0,,,,
Ent_A_46,Ativ_1,421.02105560817205,complete,Rec1,1.0,,,,
Ent_A_46,Decide1_It_is_Ent_A_Attrib_01,421.02105560817205,complete,,,,It_is_Ent_A_Attrib_01,421.02105560817205,
Ent_A_46,Discharge,421.02105560817205,complete,,,,,,6.391988059763605
Ent_A_47,Arrival,436.08265400625424,complete,,1.0,,,,
Ent_A_47,Ativ_1,436.08265400625424,start,Rec1,1.0,,,,
Ent_A_47,Ativ_1,442.39374794731515,complete,Rec1,1.0,,,,
Ent_A_47,Decide1_It_is_Ent_A_Attrib_02,442.39374794731515,complete,,,,It_is_Ent_A_Attrib_02,442.39374794731515,
Ent_A_47,Ativ_2,442.39374794731515,start,"Rec2, Rec3",1.0,0.0,,,
Ent_A_47,Ativ_2,442.39374794731515,start,"Rec2, Rec3",1.0,0.0,,,
Ent_A_47,Ativ_2,442.89374794731515,complete,"Rec2, Rec3",1.0,0.0,,,
Ent_A_47,Decide2_Route2,442.89374794731515,complete,,,,Route2,442.89374794731515,
Ent_A_47,Decide3_Go_on,442.89374794731515,complete,,,,Go_on,442.89374794731515,
Ent_A_47,Ativ_2,442.89374794731515,start,"Rec2, Rec3",1.0,0.0,,,
Ent_A_47,Ativ_2,442.89374794731515,start,"Rec2, Rec3",1.0,0.0,,,
Ent_A_47,Ativ_2,443.39374794731515,complete,"Rec2, Rec3",1.0,0.0,,,
Ent_A_47,Decide2_Route2,443.39374794731515,complete,,,,Route2,443.39374794731515,
Ent_A_47,Decide3_Go_on,443.39374794731515,complete,,,,Go_on,443.39374794731515,
Ent_A_47,Ativ_2,443.39374794731515,start,"Rec2, Rec3",1.0,0.0,,,
Ent_A_47,Ativ_2,443.39374794731515,start,"Rec2, Rec3",1.0,0.0,,,
Ent_A_47,Ativ_2,443.89374794731515,complete,"Rec2, Rec3",1.0,0.0,,,
Ent_A_47,Decide2_Route2,443.89374794731515,complete,,,,Route2,443.89374794731515,
Ent_A_47,Decide3_Go_on,443.89374794731515,complete,,,,Go_on,443.89374794731515,
Ent_A_47,Ativ_2,443.89374794731515,start,"Rec2, Rec3",1.0,0.0,,,
Ent_A_47,Ativ_2,443.89374794731515,start,"Rec2, Rec3",1.0,0.0,,,
Ent_A_47,Ativ_2,444.39374794731515,complete,"Rec2, Rec3",1.0,0.0,,,
Ent_A_47,Decide2_Route2,444.39374794731515,complete,,,,Route2,444.39374794731515,
Ent_A_47,Decide3_Go_on,444.39374794731515,complete,,,,Go_on,444.39374794731515,
Ent_A_47,Ativ_2,444.39374794731515,start,"Rec2, Rec3",1.0,0.0,,,
Ent_A_47,Ativ_2,444.39374794731515,start,"Rec2, Rec3",1.0,0.0,,,
Ent_A_47,Ativ_2,444.89374794731515,complete,"Rec2, Rec3",1.0,0.0,,,
Ent_A_47,Decide2_Route2,444.89374794731515,complete,,,,Route2,444.89374794731515,
Ent_A_47,Decide3_Go_on,444.89374794731515,complete,,,,Go_on,444.89374794731515,
Ent_A_47,Ativ_2,444.89374794731515,start,"Rec2, Rec3",1.0,0.0,,,
Ent_A_47,Ativ_2,444.89374794731515,start,"Rec2, Rec3",1.0,0.0,,,
Ent_A_47,Ativ_2,445.39374794731515,complete,"Rec2, Rec3",1.0,0.0,,,
Ent_A_47,Decide2_Route2,445.39374794731515,complete,,,,Route2,445.39374794731515,
Ent_A_47,Decide3_Go_on,445.39374794731515,complete,,,,Go_on,445.39374794731515,
Ent_A_47,Ativ_2,445.39374794731515,start,"Rec2, Rec3",1.0,0.0,,,
Ent_A_47,Ativ_2,445.39374794731515,start,"Rec2, Rec3",1.0,0.0,,,
Ent_A_47,Ativ_2,445.89374794731515,complete,"Rec2, Rec3",1.0,0.0,,,
Ent_A_47,Decide2_Route2,445.89374794731515,complete,,,,Route2,445.89374794731515,
Ent_A_47,Decide3_Go_on,445.89374794731515,complete,,,,Go_on,445.89374794731515,
Ent_A_47,Ativ_2,445.89374794731515,start,"Rec2, Rec3",1.0,0.0,,,
Ent_A_47,Ativ_2,445.89374794731515,start,"Rec2, Rec3",1.0,0.0,,,
Ent_A_47,Ativ_2,446.39374794731515,complete,"Rec2, Rec3",1.0,0.0,,,
Ent_A_47,Decide2_Route2,446.39374794731515,complete,,,,Route2,446.39374794731515,
Ent_A_47,Decide3_Go_on,446.39374794731515,complete,,,,Go_on,446.39374794731515,
Ent_A_47,Ativ_2,446.39374794731515,start,"Rec2, Rec3",1.0,0.0,,,
Ent_A_47,Ativ_2,446.39374794731515,start,"Rec2, Rec3",1.0,0.0,,,
Ent_A_47,Ativ_2,446.89374794731515,complete,"Rec2, Rec3",1.0,0.0,,,
Ent_A_47,Decide2_Route2,446.89374794731515,complete,,,,Route2,446.89374794731515,
Ent_A_47,Decide3_Return_Ativ_1,446.89374794731515,complete,,,,Return_Ativ_1,446.89374794731515,
Ent_A_47,Ativ_1,446.89374794731515,start,Rec1,1.0,,,,
Ent_A_47,Ativ_1,454.15167375329236,complete,Rec1,1.0,,,,
Ent_A_47,Decide1_It_is_Ent_A_Attrib_02,454.15167375329236,complete,,,,It_is_Ent_A_Attrib_02,454.15167375329236,
Ent_A_47,Ativ_2,454.15167375329236,start,"Rec2, Rec3",1.0,0.0,,,
Ent_A_47,Ativ_2,454.15167375329236,start,"Rec2, Rec3",1.0,0.0,,,
Ent_A_47,Ativ_2,454.65167375329236,complete,"Rec2, Rec3",1.0,0.0,,,
Ent_A_47,Decide2_Route2,454.65167375329236,complete,,,,Route2,454.65167375329236,
Ent_A_47,Decide3_Go_on,454.65167375329236,complete,,,,Go_on,454.65167375329236,
Ent_A_47,Ativ_2,454.65167375329236,start,"Rec2, Rec3",1.0,0.0,,,
Ent_A_47,Ativ_2,454.65167375329236,start,"Rec2, Rec3",1.0,0.0,,,
Ent_A_47,Ativ_2,455.15167375329236,complete,"Rec2, Rec3",1.0,0.0,,,
Ent_A_47,Decide2_Route2,455.15167375329236,complete,,,,Route2,455.15167375329236,
Ent_A_47,Decide3_Go_on,455.15167375329236,complete,,,,Go_on,455.15167375329236,
Ent_A_47,Ativ_2,455.15167375329236,start,"Rec2, Rec3",1.0,0.0,,,
Ent_A_47,Ativ_2,455.15167375329236,start,"Rec2, Rec3",1.0,0.0,,,
Ent_A_47,Ativ_2,455.65167375329236,complete,"Rec2, Rec3",1.0,0.0,,,
Ent_A_47,Decide2_Route2,455.65167375329236,complete,,,,Route2,455.65167375329236,
Ent_A_47,Decide3_Go_on,455.65167375329236,complete,,,,Go_on,455.65167375329236,
Ent_A_47,Ativ_2,455.65167375329236,start,"Rec2, Rec3",1.0,0.0,,,
Ent_A_47,Ativ_2,455.65167375329236,start,"Rec2, Rec3",1.0,0.0,,,
Ent_A_47,Ativ_2,456.15167375329236,complete,"Rec2, Rec3",1.0,0.0,,,
Ent_A_47,Decide2_Route2,456.15167375329236,complete,,,,Route2,456.15167375329236,
Ent_A_47,Decide3_Go_on,456.15167375329236,complete,,,,Go_on,456.15167375329236,
Ent_A_47,Ativ_2,456.15167375329236,start,"Rec2, Rec3",1.0,0.0,,,
Ent_A_47,Ativ_2,456.15167375329236,start,"Rec2, Rec3",1.0,0.0,,,
Ent_A_47,Ativ_2,456.65167375329236,complete,"Rec2, Rec3",1.0,0.0,,,
Ent_A_47,Decide2_Route2,456.65167375329236,complete,,,,Route2,456.65167375329236,
Ent_A_47,Decide3_Go_on,456.65167375329236,complete,,,,Go_on,456.65167375329236,
Ent_A_47,Ativ_2,456.65167375329236,start,"Rec2, Rec3",1.0,0.0,,,
Ent_A_47,Ativ_2,456.65167375329236,start,"Rec2, Rec3",1.0,0.0,,,
Ent_A_47,Ativ_2,457.15167375329236,complete,"Rec2, Rec3",1.0,0.0,,,
Ent_A_47,Decide2_Route1,457.15167375329236,complete,,,,Route1,457.15167375329236,
Ent_A_47,DisposeDecision_Dispose_Yes,457.15167375329236,complete,,,,Dispose_Yes,457.15167375329236,
Ent_A_47,Discharge,457.15167375329236,complete,,,,,,21.069019747038112
Ent_A_48,Arrival,440.4008067116982,complete,,3.0,,,,
Ent_A_48,Ativ_1,440.4008067116982,start,Rec1,3.0,,,,
Ent_A_48,Ativ_1,445.2914849061696,complete,Rec1,3.0,,,,
Ent_A_48,Decide1_It_is_Ent_A_Attrib_02,445.2914849061696,complete,,,,It_is_Ent_A_Attrib_02,445.2914849061696,
Ent_A_48,Ativ_2,445.2914849061696,start,"Rec2, Rec3",3.0,0.0,,,
Ent_A_48,Ativ_2,445.2914849061696,start,"Rec2, Rec3",3.0,0.0,,,
Ent_A_48,Ativ_2,445.7914849061696,complete,"Rec2, Rec3",3.0,0.0,,,
Ent_A_48,Decide2_Route2,445.7914849061696,complete,,,,Route2,445.7914849061696,
Ent_A_48,Decide3_Go_on,445.7914849061696,complete,,,,Go_on,445.7914849061696,
Ent_A_48,Ativ_2,445.7914849061696,start,"Rec2, Rec3",3.0,0.0,,,
Ent_A_48,Ativ_2,445.7914849061696,start,"Rec2, Rec3",3.0,0.0,,,
Ent_A_48,Ativ_2,446.2914849061696,complete,"Rec2, Rec3",3.0,0.0,,,
Ent_A_48,Decide2_Route2,446.2914849061696,complete,,,,Route2,446.2914849061696,
Ent_A_48,Decide3_Go_on,446.2914849061696,complete,,,,Go_on,446.2914849061696,
Ent_A_48,Ativ_2,446.2914849061696,start,"Rec2, Rec3",3.0,0.0,,,
Ent_A_48,Ativ_2,446.2914849061696,start,"Rec2, Rec3",3.0,0.0,,,
Ent_A_48,Ativ_2,446.7914849061696,complete,"Rec2, Rec3",3.0,0.0,,,
Ent_A_48,Decide2_Route2,446.7914849061696,complete,,,,Route2,446.7914849061696,
Ent_A_48,Decide3_Return_Ativ_1,446.7914849061696,complete,,,,Return_Ativ_1,446.7914849061696,
Ent_A_48,Ativ_1,446.7914849061696,start,Rec1,3.0,,,,
Ent_A_48,Ativ_1,451.7763323508982,complete,Rec1,3.0,,,,
Ent_A_48,Decide1_It_is_Ent_A_Attrib_02,451.7763323508982,complete,,,,It_is_Ent_A_Attrib_02,451.7763323508982,
Ent_A_48,Ativ_2,451.7763323508982,start,"Rec2, Rec3",3.0,0.0,,,
Ent_A_48,Ativ_2,451.7763323508982,start,"Rec2, Rec3",3.0,0.0,,,
Ent_A_48,Ativ_2,452.2763323508982,complete,"Rec2, Rec3",3.0,0.0,,,
Ent_A_48,Decide2_Route2,452.2763323508982,complete,,,,Route2,452.2763323508982,
Ent_A_48,Decide3_Go_on,452.2763323508982,complete,,,,Go_on,452.2763323508982,
Ent_A_48,Ativ_2,452.2763323508982,start,"Rec2, Rec3",3.0,0.0,,,
Ent_A_48,Ativ_2,452.2763323508982,start,"Rec2, Rec3",3.0,0.0,,,
Ent_A_48,Ativ_2,452.7763323508982,complete,"Rec2, Rec3",3.0,0.0,,,
Ent_A_48,Decide2_Route2,452.7763323508982,complete,,,,Route2,452.7763323508982,
Ent_A_48,Decide3_Go_on,452.7763323508982,complete,,,,Go_on,452.7763323508982,
Ent_A_48,Ativ_2,452.7763323508982,start,"Rec2, Rec3",3.0,0.0,,,
Ent_A_48,Ativ_2,452.7763323508982,start,"Rec2, Rec3",3.0,0.0,,,
Ent_A_48,Ativ_2,453.2763323508982,complete,"Rec2, Rec3",3.0,0.0,,,
Ent_A_48,Decide2_Route2,453.2763323508982,complete,,,,Route2,453.2763323508982,
Ent_A_48,Decide3_Go_on,453.2763323508982,complete,,,,Go_on,453.2763323508982,
Ent_A_48,Ativ_2,453.2763323508982,start,"Rec2, Rec3",3.0,0.0,,,
Ent_A_48,Ativ_2,453.2763323508982,start,"Rec2, Rec3",3.0,0.0,,,
Ent_A_48,Ativ_2,453.7763323508982,complete,"Rec2, Rec3",3.0,0.0,,,
Ent_A_48,Decide2_Route2,453.7763323508982,complete,,,,Route2,453.7763323508982,
Ent_A_48,Decide3_Go_on,453.7763323508982,complete,,,,Go_on,453.7763323508982,
Ent_A_48,Ativ_2,453.7763323508982,start,"Rec2, Rec3",3.0,0.0,,,
Ent_A_48,Ativ_2,453.7763323508982,start,"Rec2, Rec3",3.0,0.0,,,
Ent_A_48,Ativ_2,454.2763323508982,complete,"Rec2, Rec3",3.0,0.0,,,
Ent_A_48,Decide2_Route2,454.2763323508982,complete,,,,Route2,454.2763323508982,
Ent_A_48,Decide3_Go_on,454.2763323508982,complete,,,,Go_on,454.2763323508982,
Ent_A_48,Ativ_2,454.2763323508982,start,"Rec2, Rec3",3.0,0.0,,,
Ent_A_48,Ativ_2,454.2763323508982,start,"Rec2, Rec3",3.0,0.0,,,
Ent_A_48,Ativ_2,454.7763323508982,complete,"Rec2, Rec3",3.0,0.0,,,
Ent_A_48,Decide2_Route2,454.7763323508982,complete,,,,Route2,454.7763323508982,
Ent_A_48,Decide3_Go_on,454.7763323508982,complete,,,,Go_on,454.7763323508982,
Ent_A_48,Ativ_2,454.7763323508982,start,"Rec2, Rec3",3.0,0.0,,,
Ent_A_48,Ativ_2,454.7763323508982,start,"Rec2, Rec3",3.0,0.0,,,
Ent_A_48,Ativ_2,455.2763323508982,complete,"Rec2, Rec3",3.0,0.0,,,
Ent_A_48,Decide2_Route2,455.2763323508982,complete,,,,Route2,455.2763323508982,
Ent_A_48,Decide3_Go_on,455.2763323508982,complete,,,,Go_on,455.2763323508982,
Ent_A_48,Ativ_2,455.2763323508982,start,"Rec2, Rec3",3.0,0.0,,,
Ent_A_48,Ativ_2,455.2763323508982,start,"Rec2, Rec3",3.0,0.0,,,
Ent_A_48,Ativ_2,455.7763323508982,complete,"Rec2, Rec3",3.0,0.0,,,
Ent_A_48,Decide2_Route2,455.7763323508982,complete,,,,Route2,455.7763323508982,
Ent_A_48,Decide3_Go_on,455.7763323508982,complete,,,,Go_on,455.7763323508982,
Ent_A_48,Ativ_2,455.7763323508982,start,"Rec2, Rec3",3.0,0.0,,,
Ent_A_48,Ativ_2,455.7763323508982,start,"Rec2, Rec3",3.0,0.0,,,
Ent_A_48,Ativ_2,456.2763323508982,complete,"Rec2, Rec3",3.0,0.0,,,
Ent_A_48,Decide2_Route2,456.2763323508982,complete,,,,Route2,456.2763323508982,
Ent_A_48,Decide3_Go_on,456.2763323508982,complete,,,,Go_on,456.2763323508982,
Ent_A_48,Ativ_2,456.2763323508982,start,"Rec2, Rec3",3.0,0.0,,,
Ent_A_48,Ativ_2,456.2763323508982,start,"Rec2, Rec3",3.0,0.0,,,
Ent_A_48,Ativ_2,456.7763323508982,complete,"Rec2, Rec3",3.0,0.0,,,
Ent_A_48,Decide2_Route2,456.7763323508982,complete,,,,Route2,456.7763323508982,
Ent_A_48,Decide3_Return_Ativ_1,456.7763323508982,complete,,,,Return_Ativ_1,456.7763323508982,
Ent_A_48,Ativ_1,456.7763323508982,start,Rec1,3.0,,,,
Ent_A_48,Ativ_1,462.47303461646527,complete,Rec1,3.0,,,,
Ent_A_48,Decide1_It_is_Ent_A_Attrib_02,462.47303461646527,complete,,,,It_is_Ent_A_Attrib_02,462.47303461646527,
Ent_A_48,Ativ_2,462.47303461646527,start,"Rec2, Rec3",3.0,0.0,,,
Ent_A_48,Ativ_2,462.47303461646527,start,"Rec2, Rec3",3.0,0.0,,,
Ent_A_48,Ativ_2,462.97303461646527,complete,"Rec2, Rec3",3.0,0.0,,,
Ent_A_48,Decide2_Route2,462.97303461646527,complete,,,,Route2,462.97303461646527,
Ent_A_48,Decide3_Go_on,462.97303461646527,complete,,,,Go_on,462.97303461646527,
Ent_A_48,Ativ_2,462.97303461646527,start,"Rec2, Rec3",3.0,0.0,,,
Ent_A_48,Ativ_2,462.97303461646527,start,"Rec2, Rec3",3.0,0.0,,,
Ent_A_48,Ativ_2,463.47303461646527,complete,"Rec2, Rec3",3.0,0.0,,,
Ent_A_48,Decide2_Route2,463.47303461646527,complete,,,,Route2,463.47303461646527,
Ent_A_48,Decide3_Go_on,463.47303461646527,complete,,,,Go_on,463.47303461646527,
Ent_A_48,Ativ_2,463.47303461646527,start,"Rec2, Rec3",3.0,0.0,,,
Ent_A_48,Ativ_2,463.47303461646527,start,"Rec2, Rec3",3.0,0.0,,,
Ent_A_48,Ativ_2,463.97303461646527,complete,"Rec2, Rec3",3.0,0.0,,,
Ent_A_48,Decide2_Route2,463.97303461646527,complete,,,,Route2,463.97303461646527,
Ent_A_48,Decide3_Go_on,463.97303461646527,complete,,,,Go_on,463.97303461646527,
Ent_A_48,Ativ_2,463.97303461646527,start,"Rec2, Rec3",3.0,0.0,,,
Ent_A_48,Ativ_2,463.97303461646527,start,"Rec2, Rec3",3.0,0.0,,,
Ent_A_48,Ativ_2,464.47303461646527,complete,"Rec2, Rec3",3.0,0.0,,,
Ent_A_48,Decide2_Route2,464.47303461646527,complete,,,,Route2,464.47303461646527,
Ent_A_48,Decide3_Go_on,464.47303461646527,complete,,,,Go_on,464.47303461646527,
Ent_A_48,Ativ_2,464.47303461646527,start,"Rec2, Rec3",3.0,0.0,,,
Ent_A_48,Ativ_2,464.47303461646527,start,"Rec2, Rec3",3.0,0.0,,,
Ent_A_48,Ativ_2,464.97303461646527,complete,"Rec2, Rec3",3.0,0.0,,,
Ent_A_48,Decide2_Route2,464.97303461646527,complete,,,,Route2,464.97303461646527,
Ent_A_48,Decide3_Return_Ativ_1,464.97303461646527,complete,,,,Return_Ativ_1,464.97303461646527,
Ent_A_48,Ativ_1,464.97303461646527,start,Rec1,3.0,,,,
Ent_A_48,Ativ_1,471.43139237815313,complete,Rec1,3.0,,,,
Ent_A_48,Decide1_It_is_Ent_A_Attrib_01,471.43139237815313,complete,,,,It_is_Ent_A_Attrib_01,471.43139237815313,
Ent_A_48,Discharge,471.43139237815313,complete,,,,,,31.030585666454954
Ent_A_49,Arrival,454.0211727582782,complete,,2.0,,,,
Ent_A_49,Ativ_1,454.0211727582782,start,Rec1,2.0,,,,
Ent_A_49,Ativ_1,460.6556572487697,complete,Rec1,2.0,,,,
Ent_A_49,Decide1_It_is_Ent_A_Attrib_02,460.6556572487697,complete,,,,It_is_Ent_A_Attrib_02,460.6556572487697,
Ent_A_49,Ativ_2,460.6556572487697,start,"Rec2, Rec3",2.0,0.0,,,
Ent_A_49,Ativ_2,460.6556572487697,start,"Rec2, Rec3",2.0,0.0,,,
Ent_A_49,Ativ_2,461.1556572487697,complete,"Rec2, Rec3",2.0,0.0,,,
Ent_A_49,Decide2_Route2,461.1556572487697,complete,,,,Route2,461.1556572487697,
Ent_A_49,Decide3_Go_on,461.1556572487697,complete,,,,Go_on,461.1556572487697,
Ent_A_49,Ativ_2,461.1556572487697,start,"Rec2, Rec3",2.0,0.0,,,
Ent_A_49,Ativ_2,461.1556572487697,start,"Rec2, Rec3",2.0,0.0,,,
Ent_A_49,Ativ_2,461.6556572487697,complete,"Rec2, Rec3",2.0,0.0,,,
Ent_A_49,Decide2_Route2,461.6556572487697,complete,,,,Route2,461.6556572487697,
Ent_A_49,Decide3_Go_on,461.6556572487697,complete,,,,Go_on,461.6556572487697,
Ent_A_49,Ativ_2,461.6556572487697,start,"Rec2, Rec3",2.0,0.0,,,
Ent_A_49,Ativ_2,461.6556572487697,start,"Rec2, Rec3",2.0,0.0,,,
Ent_A_49,Ativ_2,462.1556572487697,complete,"Rec2, Rec3",2.0,0.0,,,
Ent_A_49,Decide2_Route2,462.1556572487697,complete,,,,Route2,462.1556572487697,
Ent_A_49,Decide3_Go_on,462.1556572487697,complete,,,,Go_on,462.1556572487697,
Ent_A_49,Ativ_2,462.1556572487697,start,"Rec2, Rec3",2.0,0.0,,,
Ent_A_49,Ativ_2,462.1556572487697,start,"Rec2, Rec3",2.0,0.0,,,
Ent_A_49,Ativ_2,462.6556572487697,complete,"Rec2, Rec3",2.0,0.0,,,
Ent_A_49,Decide2_Route2,462.6556572487697,complete,,,,Route2,462.6556572487697,
Ent_A_49,Decide3_Go_on,462.6556572487697,complete,,,,Go_on,462.6556572487697,
Ent_A_49,Ativ_2,462.6556572487697,start,"Rec2, Rec3",2.0,0.0,,,
Ent_A_49,Ativ_2,462.6556572487697,start,"Rec2, Rec3",2.0,0.0,,,
Ent_A_49,Ativ_2,463.1556572487697,complete,"Rec2, Rec3",2.0,0.0,,,
Ent_A_49,Decide2_Route2,463.1556572487697,complete,,,,Route2,463.1556572487697,
Ent_A_49,Decide3_Go_on,463.1556572487697,complete,,,,Go_on,463.1556572487697,
Ent_A_49,Ativ_2,463.1556572487697,start,"Rec2, Rec3",2.0,0.0,,,
Ent_A_49,Ativ_2,463.1556572487697,start,"Rec2, Rec3",2.0,0.0,,,
Ent_A_49,Ativ_2,463.6556572487697,complete,"Rec2, Rec3",2.0,0.0,,,
Ent_A_49,Decide2_Route2,463.6556572487697,complete,,,,Route2,463.6556572487697,
Ent_A_49,Decide3_Go_on,463.6556572487697,complete,,,,Go_on,463.6556572487697,
Ent_A_49,Ativ_2,463.6556572487697,start,"Rec2, Rec3",2.0,0.0,,,
Ent_A_49,Ativ_2,463.6556572487697,start,"Rec2, Rec3",2.0,0.0,,,
Ent_A_49,Ativ_2,464.1556572487697,complete,"Rec2, Rec3",2.0,0.0,,,
Ent_A_49,Decide2_Route2,464.1556572487697,complete,,,,Route2,464.1556572487697,
Ent_A_49,Decide3_Return_Ativ_1,464.1556572487697,complete,,,,Return_Ativ_1,464.1556572487697,
Ent_A_49,Ativ_1,464.1556572487697,start,Rec1,2.0,,,,
Ent_A_49,Ativ_1,470.03202209805045,complete,Rec1,2.0,,,,
Ent_A_49,Decide1_It_is_Ent_A_Attrib_01,470.03202209805045,complete,,,,It_is_Ent_A_Attrib_01,470.03202209805045,
Ent_A_49,Discharge,470.03202209805045,complete,,,,,,16.01084933977222
Ent_A_5,Arrival,46.04666982280967,complete,,3.0,,,,
Ent_A_5,Ativ_1,46.83083927165351,start,Rec1,3.0,,,,
Ent_A_5,Ativ_1,53.255888662137465,complete,Rec1,3.0,,,,
Ent_A_5,Decide1_It_is_Ent_A_Attrib_02,53.255888662137465,complete,,,,It_is_Ent_A_Attrib_02,53.255888662137465,
Ent_A_5,Ativ_2,53.255888662137465,start,"Rec2, Rec3",3.0,0.0,,,
Ent_A_5,Ativ_2,53.255888662137465,start,"Rec2, Rec3",3.0,0.0,,,
Ent_A_5,Ativ_2,53.755888662137465,complete,"Rec2, Rec3",3.0,0.0,,,
Ent_A_5,Decide2_Route2,53.755888662137465,complete,,,,Route2,53.755888662137465,
Ent_A_5,Decide3_Go_on,53.755888662137465,complete,,,,Go_on,53.755888662137465,
Ent_A_5,Ativ_2,53.755888662137465,start,"Rec2, Rec3",3.0,0.0,,,
Ent_A_5,Ativ_2,53.755888662137465,start,"Rec2, Rec3",3.0,0.0,,,
Ent_A_5,Ativ_2,54.255888662137465,complete,"Rec2, Rec3",3.0,0.0,,,
Ent_A_5,Decide2_Route2,54.255888662137465,complete,,,,Route2,54.255888662137465,
Ent_A_5,Decide3_Return_Ativ_1,54.255888662137465,complete,,,,Return_Ativ_1,54.255888662137465,
Ent_A_5,Ativ_1,54.255888662137465,start,Rec1,3.0,,,,
Ent_A_5,Ativ_1,59.69001139648236,complete,Rec1,3.0,,,,
Ent_A_5,Decide1_It_is_Ent_A_Attrib_01,59.69001139648236,complete,,,,It_is_Ent_A_Attrib_01,59.69001139648236,
Ent_A_5,Discharge,59.69001139648236,complete,,,,,,13.643341573672693
Ent_A_6,Arrival,50.700566630490584,complete,,2.0,,,,
Ent_A_6,Ativ_1,51.176466188489464,start,Rec1,2.0,,,,
Ent_A_6,Ativ_1,56.36813994505344,complete,Rec1,2.0,,,,
Ent_A_6,Decide1_It_is_Ent_A_Attrib_02,56.36813994505344,complete,,,,It_is_Ent_A_Attrib_02,56.36813994505344,
Ent_A_6,Ativ_2,56.36813994505344,start,"Rec2, Rec3",2.0,0.0,,,
Ent_A_6,Ativ_2,56.36813994505344,start,"Rec2, Rec3",2.0,0.0,,,
Ent_A_6,Ativ_2,56.86813994505344,complete,"Rec2, Rec3",2.0,0.0,,,
Ent_A_6,Decide2_Route2,56.86813994505344,complete,,,,Route2,56.86813994505344,
Ent_A_6,Decide3_Return_Ativ_1,56.86813994505344,complete,,,,Return_Ativ_1,56.86813994505344,
Ent_A_6,Ativ_1,56.86813994505344,start,Rec1,2.0,,,,
Ent_A_6,Ativ_1,62.80553589042923,complete,Rec1,2.0,,,,
Ent_A_6,Decide1_It_is_Ent_A_Attrib_01,62.80553589042923,complete,,,,It_is_Ent_A_Attrib_01,62.80553589042923,
Ent_A_6,Discharge,62.80553589042923,complete,,,,,,12.104969259938649
Ent_A_7,Arrival,66.90943087931366,complete,,3.0,,,,
Ent_A_7,Ativ_1,66.90943087931366,start,Rec1,3.0,,,,
Ent_A_7,Ativ_1,71.76963343530704,complete,Rec1,3.0,,,,
Ent_A_7,Decide1_It_is_Ent_A_Attrib_01,71.76963343530704,complete,,,,It_is_Ent_A_Attrib_01,71.76963343530704,
Ent_A_7,Discharge,71.76963343530704,complete,,,,,,4.860202555993382
Ent_A_8,Arrival,69.87802797080421,complete,,2.0,,,,
Ent_A_8,Ativ_1,69.87802797080421,start,Rec1,2.0,,,,
Ent_A_8,Ativ_1,75.94456400512551,complete,Rec1,2.0,,,,
Ent_A_8,Decide1_It_is_Ent_A_Attrib_02,75.94456400512551,complete,,,,It_is_Ent_A_Attrib_02,75.94456400512551,
Ent_A_8,Ativ_2,75.94456400512551,start,"Rec2, Rec3",2.0,0.0,,,
Ent_A_8,Ativ_2,75.94456400512551,start,"Rec2, Rec3",2.0,0.0,,,
Ent_A_8,Ativ_2,76.44456400512551,complete,"Rec2, Rec3",2.0,0.0,,,
Ent_A_8,Decide2_Route2,76.44456400512551,complete,,,,Route2,76.44456400512551,
Ent_A_8,Decide3_Go_on,76.44456400512551,complete,,,,Go_on,76.44456400512551,
Ent_A_8,Ativ_2,76.44456400512551,start,"Rec2, Rec3",2.0,0.0,,,
Ent_A_8,Ativ_2,76.44456400512551,start,"Rec2, Rec3",2.0,0.0,,,
Ent_A_8,Ativ_2,76.94456400512551,complete,"Rec2, Rec3",2.0,0.0,,,
Ent_A_8,Decide2_Route2,76.94456400512551,complete,,,,Route2,76.94456400512551,
Ent_A_8,Decide3_Go_on,76.94456400512551,complete,,,,Go_on,76.94456400512551,
Ent_A_8,Ativ_2,76.94456400512551,start,"Rec2, Rec3",2.0,0.0,,,
Ent_A_8,Ativ_2,76.94456400512551,start,"Rec2, Rec3",2.0,0.0,,,
Ent_A_8,Ativ_2,77.44456400512551,complete,"Rec2, Rec3",2.0,0.0,,,
Ent_A_8,Decide2_Route2,77.44456400512551,complete,,,,Route2,77.44456400512551,
Ent_A_8,Decide3_Go_on,77.44456400512551,complete,,,,Go_on,77.44456400512551,
Ent_A_8,Ativ_2,77.44456400512551,start,"Rec2, Rec3",2.0,0.0,,,
Ent_A_8,Ativ_2,77.44456400512551,start,"Rec2, Rec3",2.0,0.0,,,
Ent_A_8,Ativ_2,77.94456400512551,complete,"Rec2, Rec3",2.0,0.0,,,
Ent_A_8,Decide2_Route2,77.94456400512551,complete,,,,Route2,77.94456400512551,
Ent_A_8,Decide3_Go_on,77.94456400512551,complete,,,,Go_on,77.94456400512551,
Ent_A_8,Ativ_2,77.94456400512551,start,"Rec2, Rec3",2.0,0.0,,,
Ent_A_8,Ativ_2,77.94456400512551,start,"Rec2, Rec3",2.0,0.0,,,
Ent_A_8,Ativ_2,78.44456400512551,complete,"Rec2, Rec3",2.0,0.0,,,
Ent_A_8,Decide2_Route2,78.44456400512551,complete,,,,Route2,78.44456400512551,
Ent_A_8,Decide3_Return_Ativ_1,78.44456400512551,complete,,,,Return_Ativ_1,78.44456400512551,
Ent_A_8,Ativ_1,78.44456400512551,start,Rec1,2.0,,,,
Ent_A_8,Ativ_1,84.237822213475,complete,Rec1,2.0,,,,
Ent_A_8,Decide1_It_is_Ent_A_Attrib_01,84.237822213475,complete,,,,It_is_Ent_A_Attrib_01,84.237822213475,
Ent_A_8,Discharge,84.237822213475,complete,,,,,,14.359794242670787
Ent_A_9,Arrival,79.28772788343177,complete,,3.0,,,,
Ent_A_9,Ativ_1,79.28772788343177,start,Rec1,3.0,,,,
Ent_A_9,Ativ_1,86.3579291529189,complete,Rec1,3.0,,,,
Ent_A_9,Decide1_It_is_Ent_A_Attrib_02,86.3579291529189,complete,,,,It_is_Ent_A_Attrib_02,86.3579291529189,
Ent_A_9,Ativ_2,86.3579291529189,start,"Rec2, Rec3",3.0,0.0,,,
Ent_A_9,Ativ_2,86.3579291529189,start,"Rec2, Rec3",3.0,0.0,,,
Ent_A_9,Ativ_2,86.8579291529189,complete,"Rec2, Rec3",3.0,0.0,,,
Ent_A_9,Decide2_Route2,86.8579291529189,complete,,,,Route2,86.8579291529189,
Ent_A_9,Decide3_Go_on,86.8579291529189,complete,,,,Go_on,86.8579291529189,
Ent_A_9,Ativ_2,86.8579291529189,start,"Rec2, Rec3",3.0,0.0,,,
Ent_A_9,Ativ_2,86.8579291529189,start,"Rec2, Rec3",3.0,0.0,,,
Ent_A_9,Ativ_2,87.3579291529189,complete,"Rec2, Rec3",3.0,0.0,,,
Ent_A_9,Decide2_Route2,87.3579291529189,complete,,,,Route2,87.3579291529189,
Ent_A_9,Decide3_Go_on,87.3579291529189,complete,,,,Go_on,87.3579291529189,
Ent_A_9,Ativ_2,87.3579291529189,start,"Rec2, Rec3",3.0,0.0,,,
Ent_A_9,Ativ_2,87.3579291529189,start,"Rec2, Rec3",3.0,0.0,,,
Ent_A_9,Ativ_2,87.8579291529189,complete,"Rec2, Rec3",3.0,0.0,,,
Ent_A_9,Decide2_Route2,87.8579291529189,complete,,,,Route2,87.8579291529189,
Ent_A_9,Decide3_Go_on,87.8579291529189,complete,,,,Go_on,87.8579291529189,
Ent_A_9,Ativ_2,87.8579291529189,start,"Rec2, Rec3",3.0,0.0,,,
Ent_A_9,Ativ_2,87.8579291529189,start,"Rec2, Rec3",3.0,0.0,,,
Ent_A_9,Ativ_2,88.3579291529189,complete,"Rec2, Rec3",3.0,0.0,,,
Ent_A_9,Decide2_Route2,88.3579291529189,complete,,,,Route2,88.3579291529189,
Ent_A_9,Decide3_Go_on,88.3579291529189,complete,,,,Go_on,88.3579291529189,
Ent_A_9,Ativ_2,88.3579291529189,start,"Rec2, Rec3",3.0,0.0,,,
Ent_A_9,Ativ_2,88.3579291529189,start,"Rec2, Rec3",3.0,0.0,,,
Ent_A_9,Ativ_2,88.8579291529189,complete,"Rec2, Rec3",3.0,0.0,,,
Ent_A_9,Decide2_Route2,88.8579291529189,complete,,,,Route2,88.8579291529189,
Ent_A_9,Decide3_Return_Ativ_1,88.8579291529189,complete,,,,Return_Ativ_1,88.8579291529189,
Ent_A_9,Ativ_1,88.8579291529189,start,Rec1,3.0,,,,
Ent_A_9,Ativ_1,95.8564146235257,complete,Rec1,3.0,,,,
Ent_A_9,Decide1_It_is_Ent_A_Attrib_01,95.8564146235257,complete,,,,It_is_Ent_A_Attrib_01,95.8564146235257,
Ent_A_9,Discharge,95.8564146235257,complete,,,,,,16.568686740093924
Ent_B_1,Arrival,0.0,complete,,0.0,,,,
Ent_B_1,Ativ_2,0.0,start,"Rec2, Rec3",0.0,0.0,,,
Ent_B_1,Ativ_2,0.0,start,"Rec2, Rec3",0.0,0.0,,,
Ent_B_1,Ativ_2,0.5,complete,"Rec2, Rec3",0.0,0.0,,,
Ent_B_1,Decide2_Route2,0.5,complete,,,,Route2,0.5,
Ent_B_1,Decide3_Go_on,0.5,complete,,,,Go_on,0.5,
Ent_B_1,Ativ_2,0.5,start,"Rec2, Rec3",0.0,0.0,,,
Ent_B_1,Ativ_2,0.5,start,"Rec2, Rec3",0.0,0.0,,,
Ent_B_1,Ativ_2,1.0,complete,"Rec2, Rec3",0.0,0.0,,,
Ent_B_1,Decide2_Route2,1.0,complete,,,,Route2,1.0,
Ent_B_1,Decide3_Return_Ativ_1,1.0,complete,,,,Return_Ativ_1,1.0,
Ent_B_1,Ativ_1,1.0,start,Rec1,0.0,,,,
Ent_B_1,Ativ_1,7.0800072845021145,complete,Rec1,0.0,,,,
Ent_B_1,Decide1_It_is_Ent_A_Attrib_01,7.0800072845021145,complete,,,,It_is_Ent_A_Attrib_01,7.0800072845021145,
Ent_B_1,Discharge,7.0800072845021145,complete,,,,,,7.0800072845021145
