case_id,activity,timestamp,lifecycle,resource,priority,activity_priority,decision,decision_time,system_time
Cliente_0,Arrival,0.0,complete,,0.0,,,,
Cliente_0,Servir,0.0,start,"Garcons, Copos",0.0,0.0,,,
Cliente_0,Servir,5.823678896428724,complete,"Garcons, Copos",0.0,0.0,,,
Cliente_0,Decide1_Cliente,5.823678896428724,complete,,,,Cliente,5.823678896428724,
Cliente_0,Beber,5.823678896428724,start,Copos,0.0,,,,
Cliente_0,Beber,10.84346401711246,complete,Copos,0.0,,,,
Cliente_0,Decide2_Satisfeito,10.84346401711246,complete,,,,Satisfeito,10.84346401711246,
Cliente_0,Discharge,10.84346401711246,complete,,,,,,10.84346401711246
Cliente_1,Arrival,3.1153383248830413,complete,,0.0,,,,
Cliente_1,Servir,11.150967975972527,start,"Garcons, Copos",0.0,0.0,,,
Cliente_1,Servir,17.84270572647131,complete,"Garcons, Copos",0.0,0.0,,,
Cliente_1,Decide1_Cliente,17.84270572647131,complete,,,,Cliente,17.84270572647131,
Cliente_1,Beber,17.84270572647131,start,Copos,0.0,,,,
Cliente_1,Beber,24.66941330504297,complete,Copos,0.0,,,,
Cliente_1,Decide2_Beber_mais,24.66941330504297,complete,,,,Beber_mais,24.66941330504297,
Cliente_1,Servir,40.56163390319575,start,"Garcons, Copos",0.0,0.0,,,
Cliente_1,Servir,49.35151300666365,complete,"Garcons, Copos",0.0,0.0,,,
Cliente_1,Decide1_Cliente,49.35151300666365,complete,,,,Cliente,49.35151300666365,
Cliente_1,Beber,49.35151300666365,start,Copos,0.0,,,,
Cliente_1,Beber,55.16730256364391,complete,Copos,0.0,,,,
Cliente_1,Decide2_Beber_mais,55.16730256364391,complete,,,,Beber_mais,55.16730256364391,
Cliente_1,Servir,83.99161703295532,start,"Garcons, Copos",0.0,0.0,,,
Cliente_1,Servir,91.46710124207797,complete,"Garcons, Copos",0.0,0.0,,,
Cliente_1,Decide1_Cliente,91.46710124207797,complete,,,,Cliente,91.46710124207797,
Cliente_1,Beber,91.46710124207797,start,Copos,0.0,,,,
Cliente_1,Beber,98.03187355721185,complete,Copos,0.0,,,,
Cliente_1,Decide2_Satisfeito,98.03187355721185,complete,,,,Satisfeito,98.03187355721185,
Cliente_1,Discharge,98.03187355721185,complete,,,,,,94.91653523232881
Cliente_10,Arrival,98.3421486556963,complete,,0.0,,,,
Cliente_10,Servir,135.18774089991356,start,"Garcons, Copos",0.0,0.0,,,
Cliente_10,Servir,143.03038797925407,complete,"Garcons, Copos",0.0,0.0,,,
Cliente_10,Decide1_Cliente,143.03038797925407,complete,,,,Cliente,143.03038797925407,
Cliente_10,Beber,143.03038797925407,start,Copos,0.0,,,,
Cliente_10,Beber,149.9708954905738,complete,Copos,0.0,,,,
Cliente_10,Decide2_Satisfeito,149.9708954905738,complete,,,,Satisfeito,149.9708954905738,
Cliente_10,Discharge,149.9708954905738,complete,,,,,,51.628746834877504
Cliente_100,Arrival,1048.7818780544333,complete,,0.0,,,,
Cliente_100,Servir,1305.9306755921166,start,"Garcons, Copos",0.0,0.0,,,
Cliente_100,Servir,1312.6544319700538,complete,"Garcons, Copos",0.0,0.0,,,
Cliente_100,Decide1_Cliente,1312.6544319700538,complete,,,,Cliente,1312.6544319700538,
Cliente_100,Beber,1312.6544319700538,start,Copos,0.0,,,,
Cliente_100,Beber,1319.49347154136,complete,Copos,0.0,,,,
Cliente_100,Decide2_Beber_mais,1319.49347154136,complete,,,,Beber_mais,1319.49347154136,
Cliente_101,Arrival,1069.0546566867213,complete,,0.0,,,,
Cliente_101,Servir,1319.8217340948415,start,"Garcons, Copos",0.0,0.0,,,
Cliente_101,Servir,1326.053757718203,complete,"Garcons, Copos",0.0,0.0,,,
Cliente_101,Decide1_Cliente,1326.053757718203,complete,,,,Cliente,1326.053757718203,
Cliente_101,Beber,1326.053757718203,start,Copos,0.0,,,,
Cliente_101,Beber,1332.9016961177965,complete,Copos,0.0,,,,
Cliente_101,Decide2_Beber_mais,1332.9016961177965,complete,,,,Beber_mais,1332.9016961177965,
Cliente_102,Arrival,1070.6186905125858,complete,,0.0,,,,
Cliente_102,Servir,1326.053757718203,start,"Garcons, Copos",0.0,0.0,,,
Cliente_102,Servir,1330.506655820271,complete,"Garcons, Copos",0.0,0.0,,,
Cliente_102,Decide1_Cliente,1330.506655820271,complete,,,,Cliente,1330.506655820271,
Cliente_102,Beber,1330.506655820271,start,Copos,0.0,,,,
Cliente_102,Beber,1336.619838923502,complete,Copos,0.0,,,,
Cliente_102,Decide2_Satisfeito,1336.619838923502,complete,,,,Satisfeito,1336.619838923502,
Cliente_102,Discharge,1336.619838923502,complete,,,,,,266.00114841091613
Cliente_103,Arrival,1091.0808955078298,complete,,0.0,,,,
Cliente_103,Servir,1352.7549796261521,start,"Garcons, Copos",0.0,0.0,,,
Cliente_103,Servir,1359.086349981258,complete,"Garcons, Copos",0.0,0.0,,,
Cliente_103,Decide1_Cliente,1359.086349981258,complete,,,,Cliente,1359.086349981258,
Cliente_103,Beber,1359.086349981258,start,Copos,0.0,,,,
Cliente_103,Beber,1366.955479885981,complete,Copos,0.0,,,,
Cliente_103,Decide2_Beber_mais,1366.955479885981,complete,,,,Beber_mais,1366.955479885981,
Cliente_104,Arrival,1093.6424266135953,complete,,0.0,,,,
Cliente_104,Servir,1359.086349981258,start,"Garcons, Copos",0.0,0.0,,,
Cliente_104,Servir,1365.845400059607,complete,"Garcons, Copos",0.0,0.0,,,
Cliente_104,Decide1_Cliente,1365.845400059607,complete,,,,Cliente,1365.845400059607,
Cliente_104,Beber,1365.845400059607,start,Copos,0.0,,,,
Cliente_104,Beber,1372.4035486540156,complete,Copos,0.0,,,,
Cliente_104,Decide2_Beber_mais,1372.4035486540156,complete,,,,Beber_mais,1372.4035486540156,
Cliente_105,Arrival,1133.0991157259725,complete,,0.0,,,,
Cliente_105,Servir,1391.2179907156592,start,"Garcons, Copos",0.0,0.0,,,
Cliente_105,Servir,1397.688822203589,complete,"Garcons, Copos",0.0,0.0,,,
Cliente_105,Decide1_Cliente,1397.688822203589,complete,,,,Cliente,1397.688822203589,
Cliente_105,Beber,1397.688822203589,start,Copos,0.0,,,,
Cliente_105,Beber,1403.7652236028946,complete,Copos,0.0,,,,
Cliente_105,Decide2_Beber_mais,1403.7652236028946,complete,,,,Beber_mais,1403.7652236028946,
Cliente_106,Arrival,1146.3263637156047,complete,,0.0,,,,
Cliente_106,Servir,1403.1847595654665,start,"Garcons, Copos",0.0,0.0,,,
Cliente_106,Servir,1409.2044672657246,complete,"Garcons, Copos",0.0,0.0,,,
Cliente_106,Decide1_Cliente,1409.2044672657246,complete,,,,Cliente,1409.2044672657246,
Cliente_106,Beber,1409.2044672657246,start,Copos,0.0,,,,
Cliente_106,Beber,1414.2459779753692,complete,Copos,0.0,,,,
Cliente_106,Decide2_Satisfeito,1414.2459779753692,complete,,,,Satisfeito,1414.2459779753692,
Cliente_106,Discharge,1414.2459779753692,complete,,,,,,267.91961425976456
Cliente_107,Arrival,1147.4648383109848,complete,,0.0,,,,
Cliente_107,Servir,1409.2044672657246,start,"Garcons, Copos",0.0,0.0,,,
Cliente_107,Servir,1415.6777311065816,complete,"Garcons, Copos",0.0,0.0,,,
Cliente_107,Decide1_Cliente,1415.6777311065816,complete,,,,Cliente,1415.6777311065816,
Cliente_107,Beber,1415.6777311065816,start,Copos,0.0,,,,
Cliente_107,Beber,1423.53884456907,complete,Copos,0.0,,,,
Cliente_107,Decide2_Beber_mais,1423.53884456907,complete,,,,Beber_mais,1423.53884456907,
Cliente_108,Arrival,1161.7111978422895,complete,,0.0,,,,
Cliente_108,Servir,1421.5814178369612,start,"Garcons, Copos",0.0,0.0,,,
Cliente_108,Servir,1428.3499863915247,complete,"Garcons, Copos",0.0,0.0,,,
Cliente_108,Decide1_Cliente,1428.3499863915247,complete,,,,Cliente,1428.3499863915247,
Cliente_108,Beber,1428.3499863915247,start,Copos,0.0,,,,
Cliente_108,Beber,1434.2621023556762,complete,Copos,0.0,,,,
Cliente_108,Decide2_Beber_mais,1434.2621023556762,complete,,,,Beber_mais,1434.2621023556762,
Cliente_109,Arrival,1181.6085349767595,complete,,0.0,,,,
Cliente_11,Arrival,129.60660617064505,complete,,0.0,,,,
Cliente_11,Servir,158.36729232874632,start,"Garcons, Copos",0.0,0.0,,,
Cliente_11,Servir,163.4582624709935,complete,"Garcons, Copos",0.0,0.0,,,
Cliente_11,Decide1_Cliente,163.4582624709935,complete,,,,Cliente,163.4582624709935,
Cliente_11,Beber,163.4582624709935,start,Copos,0.0,,,,
Cliente_11,Beber,168.59812568495246,complete,Copos,0.0,,,,
Cliente_11,Decide2_Beber_mais,168.59812568495246,complete,,,,Beber_mais,168.59812568495246,
Cliente_11,Servir,210.36606916684823,start,"Garcons, Copos",0.0,0.0,,,
Cliente_11,Servir,216.71464704188455,complete,"Garcons, Copos",0.0,0.0,,,
Cliente_11,Decide1_Cliente,216.71464704188455,complete,,,,Cliente,216.71464704188455,
Cliente_11,Beber,216.71464704188455,start,Copos,0.0,,,,
Cliente_11,Beber,224.3029672525794,complete,Copos,0.0,,,,
Cliente_11,Decide2_Satisfeito,224.3029672525794,complete,,,,Satisfeito,224.3029672525794,
Cliente_11,Discharge,224.3029672525794,complete,,,,,,94.69636108193436
Cliente_110,Arrival,1192.4637941976664,complete,,0.0,,,,
Cliente_111,Arrival,1196.8318079225771,complete,,0.0,,,,
Cliente_112,Arrival,1202.1503848770199,complete,,0.0,,,,
Cliente_113,Arrival,1203.956363725875,complete,,0.0,,,,
Cliente_114,Arrival,1222.340772985794,complete,,0.0,,,,
Cliente_115,Arrival,1239.9143033472649,complete,,0.0,,,,
Cliente_116,Arrival,1255.9107034256378,complete,,0.0,,,,
Cliente_117,Arrival,1256.9086613318375,complete,,0.0,,,,
Cliente_118,Arrival,1259.5523881859906,complete,,0.0,,,,
Cliente_119,Arrival,1265.9711942273711,complete,,0.0,,,,
Cliente_12,Arrival,144.3158069704564,complete,,0.0,,,,
Cliente_12,Servir,188.33354555061786,start,"Garcons, Copos",0.0,0.0,,,
Cliente_12,Servir,194.16863907502568,complete,"Garcons, Copos",0.0,0.0,,,
Cliente_12,Decide1_Cliente,194.16863907502568,complete,,,,Cliente,194.16863907502568,
Cliente_12,Beber,194.16863907502568,start,Copos,0.0,,,,
Cliente_12,Beber,199.80467240548472,complete,Copos,0.0,,,,
Cliente_12,Decide2_Beber_mais,199.80467240548472,complete,,,,Beber_mais,199.80467240548472,
Cliente_12,Servir,248.94719010656843,start,"Garcons, Copos",0.0,0.0,,,
Cliente_12,Servir,254.962391968375,complete,"Garcons, Copos",0.0,0.0,,,
Cliente_12,Decide1_Cliente,254.962391968375,complete,,,,Cliente,254.962391968375,
Cliente_12,Beber,254.962391968375,start,Copos,0.0,,,,
Cliente_12,Beber,261.1596073757519,complete,Copos,0.0,,,,
Cliente_12,Decide2_Beber_mais,261.1596073757519,complete,,,,Beber_mais,261.1596073757519,
Cliente_12,Servir,320.7966900422918,start,"Garcons, Copos",0.0,0.0,,,
Cliente_12,Servir,327.1365245814316,complete,"Garcons, Copos",0.0,0.0,,,
Cliente_12,Decide1_Cliente,327.1365245814316,complete,,,,Cliente,327.1365245814316,
Cliente_12,Beber,327.1365245814316,start,Copos,0.0,,,,
Cliente_12,Beber,334.24044379017954,complete,Copos,0.0,,,,
Cliente_12,Decide2_Satisfeito,334.24044379017954,complete,,,,Satisfeito,334.24044379017954,
Cliente_12,Discharge,334.24044379017954,complete,,,,,,189.92463681972313
Cliente_120,Arrival,1278.782062203192,complete,,0.0,,,,
Cliente_121,Arrival,1281.1788513762483,complete,,0.0,,,,
Cliente_122,Arrival,1287.757091711453,complete,,0.0,,,,
Cliente_123,Arrival,1296.7271123731066,complete,,0.0,,,,
Cliente_124,Arrival,1312.5427956637045,complete,,0.0,,,,
Cliente_125,Arrival,1315.2864123055588,complete,,0.0,,,,
Cliente_126,Arrival,1370.5154782966765,complete,,0.0,,,,
Cliente_127,Arrival,1379.2111909943976,complete,,0.0,,,,
Cliente_128,Arrival,1403.4251620809925,complete,,0.0,,,,
Cliente_129,Arrival,1411.6402765537173,complete,,0.0,,,,
Cliente_13,Arrival,147.1714941630007,complete,,0.0,,,,
Cliente_13,Servir,194.16863907502568,start,"Garcons, Copos",0.0,0.0,,,
Cliente_13,Servir,199.7972047283841,complete,"Garcons, Copos",0.0,0.0,,,
Cliente_13,Decide1_Cliente,199.7972047283841,complete,,,,Cliente,199.7972047283841,
Cliente_13,Beber,199.7972047283841,start,Copos,0.0,,,,
Cliente_13,Beber,206.10101435755632,complete,Copos,0.0,,,,
Cliente_13,Decide2_Beber_mais,206.10101435755632,complete,,,,Beber_mais,206.10101435755632,
Cliente_13,Servir,254.962391968375,start,"Garcons, Copos",0.0,0.0,,,
Cliente_13,Servir,260.6292643741274,complete,"Garcons, Copos",0.0,0.0,,,
Cliente_13,Decide1_Cliente,260.6292643741274,complete,,,,Cliente,260.6292643741274,
Cliente_13,Beber,260.6292643741274,start,Copos,0.0,,,,
Cliente_13,Beber,267.815426459164,complete,Copos,0.0,,,,
Cliente_13,Decide2_Beber_mais,267.815426459164,complete,,,,Beber_mais,267.815426459164,
Cliente_13,Servir,327.1365245814316,start,"Garcons, Copos",0.0,0.0,,,
Cliente_13,Servir,335.05374110260715,complete,"Garcons, Copos",0.0,0.0,,,
Cliente_13,Decide1_Cliente,335.05374110260715,complete,,,,Cliente,335.05374110260715,
Cliente_13,Beber,335.05374110260715,start,Copos,0.0,,,,
Cliente_13,Beber,342.247469003059,complete,Copos,0.0,,,,
Cliente_13,Decide2_Satisfeito,342.247469003059,complete,,,,Satisfeito,342.247469003059,
Cliente_13,Discharge,342.247469003059,complete,,,,,,195.0759748400583
Cliente_130,Arrival,1412.8957043498785,complete,,0.0,,,,
Cliente_131,Arrival,1438.4180904088507,complete,,0.0,,,,
Cliente_14,Arrival,151.28398699577173,complete,,0.0,,,,
Cliente_14,Servir,199.7972047283841,start,"Garcons, Copos",0.0,0.0,,,
Cliente_14,Servir,203.58581393245552,complete,"Garcons, Copos",0.0,0.0,,,
Cliente_14,Decide1_Cliente,203.58581393245552,complete,,,,Cliente,203.58581393245552,
Cliente_14,Beber,203.58581393245552,start,Copos,0.0,,,,
Cliente_14,Beber,210.77947649513428,complete,Copos,0.0,,,,
Cliente_14,Decide2_Beber_mais,210.77947649513428,complete,,,,Beber_mais,210.77947649513428,
Cliente_14,Servir,267.84308300313,start,"Garcons, Copos",0.0,0.0,,,
Cliente_14,Servir,273.57230318815203,complete,"Garcons, Copos",0.0,0.0,,,
Cliente_14,Decide1_Cliente,273.57230318815203,complete,,,,Cliente,273.57230318815203,
Cliente_14,Beber,273.57230318815203,start,Copos,0.0,,,,
Cliente_14,Beber,278.9625767200972,complete,Copos,0.0,,,,
Cliente_14,Decide2_Beber_mais,278.9625767200972,complete,,,,Beber_mais,278.9625767200972,
Cliente_14,Servir,339.9531133815993,start,"Garcons, Copos",0.0,0.0,,,
Cliente_14,Servir,346.26311874519496,complete,"Garcons, Copos",0.0,0.0,,,
Cliente_14,Decide1_Cliente,346.26311874519496,complete,,,,Cliente,346.26311874519496,
Cliente_14,Beber,346.26311874519496,start,Copos,0.0,,,,
Cliente_14,Beber,352.7934386911741,complete,Copos,0.0,,,,
Cliente_14,Decide2_Satisfeito,352.7934386911741,complete,,,,Satisfeito,352.7934386911741,
Cliente_14,Discharge,352.7934386911741,complete,,,,,,201.5094516954024
Cliente_15,Arrival,173.49704581630363,complete,,0.0,,,,
Cliente_15,Servir,216.71464704188455,start,"Garcons, Copos",0.0,0.0,,,
Cliente_15,Servir,222.9595103497299,complete,"Garcons, Copos",0.0,0.0,,,
Cliente_15,Decide1_Cliente,222.9595103497299,complete,,,,Cliente,222.9595103497299,
Cliente_15,Beber,222.9595103497299,start,Copos,0.0,,,,
Cliente_15,Beber,228.56197346834205,complete,Copos,0.0,,,,
Cliente_15,Decide2_Beber_mais,228.56197346834205,complete,,,,Beber_mais,228.56197346834205,
Cliente_15,Servir,288.1276215267261,start,"Garcons, Copos",0.0,0.0,,,
Cliente_15,Servir,294.147125370245,complete,"Garcons, Copos",0.0,0.0,,,
Cliente_15,Decide1_Cliente,294.147125370245,complete,,,,Cliente,294.147125370245,
Cliente_15,Beber,294.147125370245,start,Copos,0.0,,,,
Cliente_15,Beber,301.6313281345529,complete,Copos,0.0,,,,
Cliente_15,Decide2_Satisfeito,301.6313281345529,complete,,,,Satisfeito,301.6313281345529,
Cliente_15,Discharge,301.6313281345529,complete,,,,,,128.1342823182493
Cliente_16,Arrival,180.85146864530847,complete,,0.0,,,,
Cliente_16,Servir,229.63045902701384,start,"Garcons, Copos",0.0,0.0,,,
Cliente_16,Servir,234.7381603019697,complete,"Garcons, Copos",0.0,0.0,,,
Cliente_16,Decide1_Cliente,234.7381603019697,complete,,,,Cliente,234.7381603019697,
Cliente_16,Beber,234.7381603019697,start,Copos,0.0,,,,
Cliente_16,Beber,240.44157985601956,complete,Copos,0.0,,,,
Cliente_16,Decide2_Satisfeito,240.44157985601956,complete,,,,Satisfeito,240.44157985601956,
Cliente_16,Discharge,240.44157985601956,complete,,,,,,59.590111210711086
Cliente_17,Arrival,183.65494674366687,complete,,0.0,,,,
Cliente_17,Servir,234.7381603019697,start,"Garcons, Copos",0.0,0.0,,,
Cliente_17,Servir,242.81749882953648,complete,"Garcons, Copos",0.0,0.0,,,
Cliente_17,Decide1_Cliente,242.81749882953648,complete,,,,Cliente,242.81749882953648,
Cliente_17,Beber,242.81749882953648,start,Copos,0.0,,,,
Cliente_17,Beber,248.68548541212536,complete,Copos,0.0,,,,
Cliente_17,Decide2_Beber_mais,248.68548541212536,complete,,,,Beber_mais,248.68548541212536,
Cliente_17,Servir,306.9985370620955,start,"Garcons, Copos",0.0,0.0,,,
Cliente_17,Servir,313.80898272130156,complete,"Garcons, Copos",0.0,0.0,,,
Cliente_17,Decide1_Cliente,313.80898272130156,complete,,,,Cliente,313.80898272130156,
Cliente_17,Beber,313.80898272130156,start,Copos,0.0,,,,
Cliente_17,Beber,321.29685020471027,complete,Copos,0.0,,,,
Cliente_17,Decide2_Beber_mais,321.29685020471027,complete,,,,Beber_mais,321.29685020471027,
Cliente_17,Servir,367.3524093592027,start,"Garcons, Copos",0.0,0.0,,,
Cliente_17,Servir,374.32967333283403,complete,"Garcons, Copos",0.0,0.0,,,
Cliente_17,Decide1_Cliente,374.32967333283403,complete,,,,Cliente,374.32967333283403,
Cliente_17,Beber,374.32967333283403,start,Copos,0.0,,,,
Cliente_17,Beber,381.1438373819743,complete,Copos,0.0,,,,
Cliente_17,Decide2_Beber_mais,381.1438373819743,complete,,,,Beber_mais,381.1438373819743,
Cliente_17,Servir,426.9743775491064,start,"Garcons, Copos",0.0,0.0,,,
Cliente_17,Servir,432.36713357924737,complete,"Garcons, Copos",0.0,0.0,,,
Cliente_17,Decide1_Cliente,432.36713357924737,complete,,,,Cliente,432.36713357924737,
Cliente_17,Beber,432.36713357924737,start,Copos,0.0,,,,
Cliente_17,Beber,440.15441130899086,complete,Copos,0.0,,,,
Cliente_17,Decide2_Satisfeito,440.15441130899086,complete,,,,Satisfeito,440.15441130899086,
Cliente_17,Discharge,440.15441130899086,complete,,,,,,256.499464565324
Cliente_18,Arrival,209.8468436095771,complete,,0.0,,,,
Cliente_18,Servir,260.6292643741274,start,"Garcons, Copos",0.0,0.0,,,
Cliente_18,Servir,267.84308300313,complete,"Garcons, Copos",0.0,0.0,,,
Cliente_18,Decide1_Cliente,267.84308300313,complete,,,,Cliente,267.84308300313,
Cliente_18,Beber,267.84308300313,start,Copos,0.0,,,,
Cliente_18,Beber,275.8428230236387,complete,Copos,0.0,,,,
Cliente_18,Decide2_Satisfeito,275.8428230236387,complete,,,,Satisfeito,275.8428230236387,
Cliente_18,Discharge,275.8428230236387,complete,,,,,,65.9959794140616
Cliente_19,Arrival,215.73527891234448,complete,,0.0,,,,
Cliente_19,Servir,273.57230318815203,start,"Garcons, Copos",0.0,0.0,,,
Cliente_19,Servir,278.69545782817596,complete,"Garcons, Copos",0.0,0.0,,,
Cliente_19,Decide1_Cliente,278.69545782817596,complete,,,,Cliente,278.69545782817596,
Cliente_19,Beber,278.69545782817596,start,Copos,0.0,,,,
Cliente_19,Beber,284.6206942866453,complete,Copos,0.0,,,,
Cliente_19,Decide2_Satisfeito,284.6206942866453,complete,,,,Satisfeito,284.6206942866453,
Cliente_19,Discharge,284.6206942866453,complete,,,,,,68.8854153743008
Cliente_2,Arrival,15.211551900147821,complete,,0.0,,,,
Cliente_2,Servir,18.34270572647131,start,"Garcons, Copos",0.0,0.0,,,
Cliente_2,Servir,23.444569840777437,complete,"Garcons, Copos",0.0,0.0,,,
Cliente_2,Decide1_Cliente,23.444569840777437,complete,,,,Cliente,23.444569840777437,
Cliente_2,Beber,23.444569840777437,start,Copos,0.0,,,,
Cliente_2,Beber,28.6923991345421,complete,Copos,0.0,,,,
Cliente_2,Decide2_Beber_mais,28.6923991345421,complete,,,,Beber_mais,28.6923991345421,
Cliente_2,Servir,56.282367284205286,start,"Garcons, Copos",0.0,0.0,,,
Cliente_2,Servir,62.62300565589812,complete,"Garcons, Copos",0.0,0.0,,,
Cliente_2,Decide1_Cliente,62.62300565589812,complete,,,,Cliente,62.62300565589812,
Cliente_2,Beber,62.62300565589812,start,Copos,0.0,,,,
Cliente_2,Beber,69.04053787711925,complete,Copos,0.0,,,,
Cliente_2,Decide2_Beber_mais,69.04053787711925,complete,,,,Beber_mais,69.04053787711925,
Cliente_2,Servir,96.92578645744818,start,"Garcons, Copos",0.0,0.0,,,
Cliente_2,Servir,103.01437496158883,complete,"Garcons, Copos",0.0,0.0,,,
Cliente_2,Decide1_Cliente,103.01437496158883,complete,,,,Cliente,103.01437496158883,
Cliente_2,Beber,103.01437496158883,start,Copos,0.0,,,,
Cliente_2,Beber,108.70715904191017,complete,Copos,0.0,,,,
Cliente_2,Decide2_Beber_mais,108.70715904191017,complete,,,,Beber_mais,108.70715904191017,
Cliente_2,Servir,143.03038797925407,start,"Garcons, Copos",0.0,0.0,,,
Cliente_2,Servir,148.82691375794155,complete,"Garcons, Copos",0.0,0.0,,,
Cliente_2,Decide1_Cliente,148.82691375794155,complete,,,,Cliente,148.82691375794155,
Cliente_2,Beber,148.82691375794155,start,Copos,0.0,,,,
Cliente_2,Beber,155.43223080762579,complete,Copos,0.0,,,,
Cliente_2,Decide2_Satisfeito,155.43223080762579,complete,,,,Satisfeito,155.43223080762579,
Cliente_2,Discharge,155.43223080762579,complete,,,,,,140.22067890747797
Cliente_20,Arrival,230.899780850259,complete,,0.0,,,,
Cliente_20,Servir,294.147125370245,start,"Garcons, Copos",0.0,0.0,,,
Cliente_20,Servir,301.9540561140845,complete,"Garcons, Copos",0.0,0.0,,,
Cliente_20,Decide1_Cliente,301.9540561140845,complete,,,,Cliente,301.9540561140845,
Cliente_20,Beber,301.9540561140845,start,Copos,0.0,,,,
Cliente_20,Beber,307.51804230095456,complete,Copos,0.0,,,,
Cliente_20,Decide2_Beber_mais,307.51804230095456,complete,,,,Beber_mais,307.51804230095456,
Cliente_20,Servir,357.59769873939183,start,"Garcons, Copos",0.0,0.0,,,
Cliente_20,Servir,362.34901692472937,complete,"Garcons, Copos",0.0,0.0,,,
Cliente_20,Decide1_Cliente,362.34901692472937,complete,,,,Cliente,362.34901692472937,
Cliente_20,Beber,362.34901692472937,start,Copos,0.0,,,,
Cliente_20,Beber,367.85656481079576,complete,Copos,0.0,,,,
Cliente_20,Decide2_Beber_mais,367.85656481079576,complete,,,,Beber_mais,367.85656481079576,
Cliente_20,Servir,409.40859857097416,start,"Garcons, Copos",0.0,0.0,,,
Cliente_20,Servir,413.2851800090077,complete,"Garcons, Copos",0.0,0.0,,,
Cliente_20,Decide1_Cliente,413.2851800090077,complete,,,,Cliente,413.2851800090077,
Cliente_20,Beber,413.2851800090077,start,Copos,0.0,,,,
Cliente_20,Beber,418.89217883592187,complete,Copos,0.0,,,,
Cliente_20,Decide2_Beber_mais,418.89217883592187,complete,,,,Beber_mais,418.89217883592187,
Cliente_20,Servir,471.37671447144334,start,"Garcons, Copos",0.0,0.0,,,
Cliente_20,Servir,477.922632382425,complete,"Garcons, Copos",0.0,0.0,,,
Cliente_20,Decide1_Cliente,477.922632382425,complete,,,,Cliente,477.922632382425,
Cliente_20,Beber,477.922632382425,start,Copos,0.0,,,,
Cliente_20,Beber,483.4980613587919,complete,Copos,0.0,,,,
Cliente_20,Decide2_Satisfeito,483.4980613587919,complete,,,,Satisfeito,483.4980613587919,
Cliente_20,Discharge,483.4980613587919,complete,,,,,,252.59828050853292
Cliente_21,Arrival,235.13945710926134,complete,,0.0,,,,
Cliente_21,Servir,301.9540561140845,start,"Garcons, Copos",0.0,0.0,,,
Cliente_21,Servir,306.9985370620955,complete,"Garcons, Copos",0.0,0.0,,,
Cliente_21,Decide1_Cliente,306.9985370620955,complete,,,,Cliente,306.9985370620955,
Cliente_21,Beber,306.9985370620955,start,Copos,0.0,,,,
Cliente_21,Beber,312.1334374328436,complete,Copos,0.0,,,,
Cliente_21,Decide2_Beber_mais,312.1334374328436,complete,,,,Beber_mais,312.1334374328436,
Cliente_21,Servir,362.34901692472937,start,"Garcons, Copos",0.0,0.0,,,
Cliente_21,Servir,367.3524093592027,complete,"Garcons, Copos",0.0,0.0,,,
Cliente_21,Decide1_Cliente,367.3524093592027,complete,,,,Cliente,367.3524093592027,
Cliente_21,Beber,367.3524093592027,start,Copos,0.0,,,,
Cliente_21,Beber,372.75979691026777,complete,Copos,0.0,,,,
Cliente_21,Decide2_Beber_mais,372.75979691026777,complete,,,,Beber_mais,372.75979691026777,
Cliente_21,Servir,413.2851800090077,start,"Garcons, Copos",0.0,0.0,,,
Cliente_21,Servir,420.61987812485614,complete,"Garcons, Copos",0.0,0.0,,,
Cliente_21,Decide1_Cliente,420.61987812485614,complete,,,,Cliente,420.61987812485614,
Cliente_21,Beber,420.61987812485614,start,Copos,0.0,,,,
Cliente_21,Beber,427.17116209555604,complete,Copos,0.0,,,,
Cliente_21,Decide2_Satisfeito,427.17116209555604,complete,,,,Satisfeito,427.17116209555604,
Cliente_21,Discharge,427.17116209555604,complete,,,,,,192.0317049862947
Cliente_22,Arrival,259.92819183643786,complete,,0.0,,,,
Cliente_22,Servir,313.80898272130156,start,"Garcons, Copos",0.0,0.0,,,
Cliente_22,Servir,320.7966900422918,complete,"Garcons, Copos",0.0,0.0,,,
Cliente_22,Decide1_Cliente,320.7966900422918,complete,,,,Cliente,320.7966900422918,
Cliente_22,Beber,320.7966900422918,start,Copos,0.0,,,,
Cliente_22,Beber,328.6134630999864,complete,Copos,0.0,,,,
Cliente_22,Decide2_Beber_mais,328.6134630999864,complete,,,,Beber_mais,328.6134630999864,
Cliente_22,Servir,374.32967333283403,start,"Garcons, Copos",0.0,0.0,,,
Cliente_22,Servir,380.8013860576722,complete,"Garcons, Copos",0.0,0.0,,,
Cliente_22,Decide1_Cliente,380.8013860576722,complete,,,,Cliente,380.8013860576722,
Cliente_22,Beber,380.8013860576722,start,Copos,0.0,,,,
Cliente_22,Beber,386.3307524667492,complete,Copos,0.0,,,,
Cliente_22,Decide2_Beber_mais,386.3307524667492,complete,,,,Beber_mais,386.3307524667492,
Cliente_22,Servir,432.36713357924737,start,"Garcons, Copos",0.0,0.0,,,
Cliente_22,Servir,436.58211187109987,complete,"Garcons, Copos",0.0,0.0,,,
Cliente_22,Decide1_Cliente,436.58211187109987,complete,,,,Cliente,436.58211187109987,
Cliente_22,Beber,436.58211187109987,start,Copos,0.0,,,,
Cliente_22,Beber,442.7598484002808,complete,Copos,0.0,,,,
Cliente_22,Decide2_Beber_mais,442.7598484002808,complete,,,,Beber_mais,442.7598484002808,
Cliente_22,Servir,525.20224904488,start,"Garcons, Copos",0.0,0.0,,,
Cliente_22,Servir,530.9790774690897,complete,"Garcons, Copos",0.0,0.0,,,
Cliente_22,Decide1_Cliente,530.9790774690897,complete,,,,Cliente,530.9790774690897,
Cliente_22,Beber,530.9790774690897,start,Copos,0.0,,,,
Cliente_22,Beber,538.416104500611,complete,Copos,0.0,,,,
Cliente_22,Decide2_Satisfeito,538.416104500611,complete,,,,Satisfeito,538.416104500611,
Cliente_22,Discharge,538.416104500611,complete,,,,,,278.48791266417317
Cliente_23,Arrival,274.9798985139219,complete,,0.0,,,,
Cliente_23,Servir,335.05374110260715,start,"Garcons, Copos",0.0,0.0,,,
Cliente_23,Servir,339.9531133815993,complete,"Garcons, Copos",0.0,0.0,,,
Cliente_23,Decide1_Cliente,339.9531133815993,complete,,,,Cliente,339.9531133815993,
Cliente_23,Beber,339.9531133815993,start,Copos,0.0,,,,
Cliente_23,Beber,346.9940593087409,complete,Copos,0.0,,,,
Cliente_23,Decide2_Satisfeito,346.9940593087409,complete,,,,Satisfeito,346.9940593087409,
Cliente_23,Discharge,346.9940593087409,complete,,,,,,72.01416079481896
Cliente_24,Arrival,285.95295645025544,complete,,0.0,,,,
Cliente_24,Servir,346.26311874519496,start,"Garcons, Copos",0.0,0.0,,,
Cliente_24,Servir,351.8579150684767,complete,"Garcons, Copos",0.0,0.0,,,
Cliente_24,Decide1_Cliente,351.8579150684767,complete,,,,Cliente,351.8579150684767,
Cliente_24,Beber,351.8579150684767,start,Copos,0.0,,,,
Cliente_24,Beber,359.42251645835506,complete,Copos,0.0,,,,
Cliente_24,Decide2_Beber_mais,359.42251645835506,complete,,,,Beber_mais,359.42251645835506,
Cliente_24,Servir,392.40485709788106,start,"Garcons, Copos",0.0,0.0,,,
Cliente_24,Servir,397.47694983590134,complete,"Garcons, Copos",0.0,0.0,,,
Cliente_24,Decide1_Cliente,397.47694983590134,complete,,,,Cliente,397.47694983590134,
Cliente_24,Beber,397.47694983590134,start,Copos,0.0,,,,
Cliente_24,Beber,404.48277102679293,complete,Copos,0.0,,,,
Cliente_24,Decide2_Satisfeito,404.48277102679293,complete,,,,Satisfeito,404.48277102679293,
Cliente_24,Discharge,404.48277102679293,complete,,,,,,118.52981457653749
Cliente_25,Arrival,303.1165059026046,complete,,0.0,,,,
Cliente_25,Servir,352.3579150684767,start,"Garcons, Copos",0.0,0.0,,,
Cliente_25,Servir,357.59769873939183,complete,"Garcons, Copos",0.0,0.0,,,
Cliente_25,Decide1_Cliente,357.59769873939183,complete,,,,Cliente,357.59769873939183,
Cliente_25,Beber,357.59769873939183,start,Copos,0.0,,,,
Cliente_25,Beber,364.541370012239,complete,Copos,0.0,,,,
Cliente_25,Decide2_Beber_mais,364.541370012239,complete,,,,Beber_mais,364.541370012239,
Cliente_25,Servir,402.33435897979507,start,"Garcons, Copos",0.0,0.0,,,
Cliente_25,Servir,409.40859857097416,complete,"Garcons, Copos",0.0,0.0,,,
Cliente_25,Decide1_Cliente,409.40859857097416,complete,,,,Cliente,409.40859857097416,
Cliente_25,Beber,409.40859857097416,start,Copos,0.0,,,,
Cliente_25,Beber,415.83691270685694,complete,Copos,0.0,,,,
Cliente_25,Decide2_Beber_mais,415.83691270685694,complete,,,,Beber_mais,415.83691270685694,
Cliente_25,Servir,467.58711989732313,start,"Garcons, Copos",0.0,0.0,,,
Cliente_25,Servir,471.37671447144334,complete,"Garcons, Copos",0.0,0.0,,,
Cliente_25,Decide1_Cliente,471.37671447144334,complete,,,,Cliente,471.37671447144334,
Cliente_25,Beber,471.37671447144334,start,Copos,0.0,,,,
Cliente_25,Beber,477.7392648999879,complete,Copos,0.0,,,,
Cliente_25,Decide2_Satisfeito,477.7392648999879,complete,,,,Satisfeito,477.7392648999879,
Cliente_25,Discharge,477.7392648999879,complete,,,,,,174.6227589973833
Cliente_26,Arrival,352.8292147500997,complete,,0.0,,,,
Cliente_26,Servir,386.72506494145244,start,"Garcons, Copos",0.0,0.0,,,
Cliente_26,Servir,392.40485709788106,complete,"Garcons, Copos",0.0,0.0,,,
Cliente_26,Decide1_Cliente,392.40485709788106,complete,,,,Cliente,392.40485709788106,
Cliente_26,Beber,392.40485709788106,start,Copos,0.0,,,,
Cliente_26,Beber,399.83261429055597,complete,Copos,0.0,,,,
Cliente_26,Decide2_Beber_mais,399.83261429055597,complete,,,,Beber_mais,399.83261429055597,
Cliente_26,Servir,437.08211187109987,start,"Garcons, Copos",0.0,0.0,,,
Cliente_26,Servir,443.63720583022064,complete,"Garcons, Copos",0.0,0.0,,,
Cliente_26,Decide1_Cliente,443.63720583022064,complete,,,,Cliente,443.63720583022064,
Cliente_26,Beber,443.63720583022064,start,Copos,0.0,,,,
Cliente_26,Beber,450.48410755554806,complete,Copos,0.0,,,,
Cliente_26,Decide2_Satisfeito,450.48410755554806,complete,,,,Satisfeito,450.48410755554806,
Cliente_26,Discharge,450.48410755554806,complete,,,,,,97.65489280544836
Cliente_27,Arrival,362.68886611313496,complete,,0.0,,,,
Cliente_27,Servir,397.47694983590134,start,"Garcons, Copos",0.0,0.0,,,
Cliente_27,Servir,402.33435897979507,complete,"Garcons, Copos",0.0,0.0,,,
Cliente_27,Decide1_Cliente,402.33435897979507,complete,,,,Cliente,402.33435897979507,
Cliente_27,Beber,402.33435897979507,start,Copos,0.0,,,,
Cliente_27,Beber,409.92872990558897,complete,Copos,0.0,,,,
Cliente_27,Decide2_Beber_mais,409.92872990558897,complete,,,,Beber_mais,409.92872990558897,
Cliente_27,Servir,454.94003907299526,start,"Garcons, Copos",0.0,0.0,,,
Cliente_27,Servir,461.0366441855814,complete,"Garcons, Copos",0.0,0.0,,,
Cliente_27,Decide1_Cliente,461.0366441855814,complete,,,,Cliente,461.0366441855814,
Cliente_27,Beber,461.0366441855814,start,Copos,0.0,,,,
Cliente_27,Beber,467.8588371950264,complete,Copos,0.0,,,,
Cliente_27,Decide2_Beber_mais,467.8588371950264,complete,,,,Beber_mais,467.8588371950264,
Cliente_27,Servir,554.0073492194703,start,"Garcons, Copos",0.0,0.0,,,
Cliente_27,Servir,559.6569604506151,complete,"Garcons, Copos",0.0,0.0,,,
Cliente_27,Decide1_Cliente,559.6569604506151,complete,,,,Cliente,559.6569604506151,
Cliente_27,Beber,559.6569604506151,start,Copos,0.0,,,,
Cliente_27,Beber,564.7255192834584,complete,Copos,0.0,,,,
Cliente_27,Decide2_Beber_mais,564.7255192834584,complete,,,,Beber_mais,564.7255192834584,
Cliente_27,Servir,664.8970779968739,start,"Garcons, Copos",0.0,0.0,,,
Cliente_27,Servir,670.7903040320697,complete,"Garcons, Copos",0.0,0.0,,,
Cliente_27,Decide1_Cliente,670.7903040320697,complete,,,,Cliente,670.7903040320697,
Cliente_27,Beber,670.7903040320697,start,Copos,0.0,,,,
Cliente_27,Beber,677.4576096611718,complete,Copos,0.0,,,,
Cliente_27,Decide2_Satisfeito,677.4576096611718,complete,,,,Satisfeito,677.4576096611718,
Cliente_27,Discharge,677.4576096611718,complete,,,,,,314.7687435480368
Cliente_28,Arrival,373.57443815111674,complete,,0.0,,,,
Cliente_28,Servir,420.61987812485614,start,"Garcons, Copos",0.0,0.0,,,
Cliente_28,Servir,426.9743775491064,complete,"Garcons, Copos",0.0,0.0,,,
Cliente_28,Decide1_Cliente,426.9743775491064,complete,,,,Cliente,426.9743775491064,
Cliente_28,Beber,426.9743775491064,start,Copos,0.0,,,,
Cliente_28,Beber,432.66103292139275,complete,Copos,0.0,,,,
Cliente_28,Decide2_Beber_mais,432.66103292139275,complete,,,,Beber_mais,432.66103292139275,
Cliente_28,Servir,500.73262941837476,start,"Garcons, Copos",0.0,0.0,,,
Cliente_28,Servir,508.06053825584047,complete,"Garcons, Copos",0.0,0.0,,,
Cliente_28,Decide1_Cliente,508.06053825584047,complete,,,,Cliente,508.06053825584047,
Cliente_28,Beber,508.06053825584047,start,Copos,0.0,,,,
Cliente_28,Beber,514.9416756625001,complete,Copos,0.0,,,,
Cliente_28,Decide2_Beber_mais,514.9416756625001,complete,,,,Beber_mais,514.9416756625001,
Cliente_28,Servir,592.1774774872322,start,"Garcons, Copos",0.0,0.0,,,
Cliente_28,Servir,598.0993990082287,complete,"Garcons, Copos",0.0,0.0,,,
Cliente_28,Decide1_Cliente,598.0993990082287,complete,,,,Cliente,598.0993990082287,
Cliente_28,Beber,598.0993990082287,start,Copos,0.0,,,,
Cliente_28,Beber,604.648538633559,complete,Copos,0.0,,,,
Cliente_28,Decide2_Beber_mais,604.648538633559,complete,,,,Beber_mais,604.648538633559,
Cliente_28,Servir,716.5127438057174,start,"Garcons, Copos",0.0,0.0,,,
Cliente_28,Servir,721.0175569218819,complete,"Garcons, Copos",0.0,0.0,,,
Cliente_28,Decide1_Cliente,721.0175569218819,complete,,,,Cliente,721.0175569218819,
Cliente_28,Beber,721.0175569218819,start,Copos,0.0,,,,
Cliente_28,Beber,726.7617831640107,complete,Copos,0.0,,,,
Cliente_28,Decide2_Satisfeito,726.7617831640107,complete,,,,Satisfeito,726.7617831640107,
Cliente_28,Discharge,726.7617831640107,complete,,,,,,353.18734501289396
Cliente_29,Arrival,400.62563871458565,complete,,0.0,,,,
Cliente_29,Servir,443.63720583022064,start,"Garcons, Copos",0.0,0.0,,,
Cliente_29,Servir,449.830833665558,complete,"Garcons, Copos",0.0,0.0,,,
Cliente_29,Decide1_Cliente,449.830833665558,complete,,,,Cliente,449.830833665558,
Cliente_29,Beber,449.830833665558,start,Copos,0.0,,,,
Cliente_29,Beber,457.16051628757333,complete,Copos,0.0,,,,
Cliente_29,Decide2_Beber_mais,457.16051628757333,complete,,,,Beber_mais,457.16051628757333,
Cliente_29,Servir,537.2732007776164,start,"Garcons, Copos",0.0,0.0,,,
Cliente_29,Servir,542.5196849518425,complete,"Garcons, Copos",0.0,0.0,,,
Cliente_29,Decide1_Cliente,542.5196849518425,complete,,,,Cliente,542.5196849518425,
Cliente_29,Beber,542.5196849518425,start,Copos,0.0,,,,
Cliente_29,Beber,549.7871223087833,complete,Copos,0.0,,,,
Cliente_29,Decide2_Beber_mais,549.7871223087833,complete,,,,Beber_mais,549.7871223087833,
Cliente_29,Servir,638.2563085381805,start,"Garcons, Copos",0.0,0.0,,,
Cliente_29,Servir,645.3036007464443,complete,"Garcons, Copos",0.0,0.0,,,
Cliente_29,Decide1_Cliente,645.3036007464443,complete,,,,Cliente,645.3036007464443,
Cliente_29,Beber,645.3036007464443,start,Copos,0.0,,,,
Cliente_29,Beber,652.5198656865842,complete,Copos,0.0,,,,
Cliente_29,Decide2_Beber_mais,652.5198656865842,complete,,,,Beber_mais,652.5198656865842,
Cliente_29,Servir,790.7779600117955,start,"Garcons, Copos",0.0,0.0,,,
Cliente_29,Servir,796.5824497506968,complete,"Garcons, Copos",0.0,0.0,,,
Cliente_29,Decide1_Cliente,796.5824497506968,complete,,,,Cliente,796.5824497506968,
Cliente_29,Beber,796.5824497506968,start,Copos,0.0,,,,
Cliente_29,Beber,803.9358315181131,complete,Copos,0.0,,,,
Cliente_29,Decide2_Satisfeito,803.9358315181131,complete,,,,Satisfeito,803.9358315181131,
Cliente_29,Discharge,803.9358315181131,complete,,,,,,403.31019280352746
Cliente_3,Arrival,18.294777598335827,complete,,0.0,,,,
Cliente_3,Servir,23.444569840777437,start,"Garcons, Copos",0.0,0.0,,,
Cliente_3,Servir,29.37717819296352,complete,"Garcons, Copos",0.0,0.0,,,
Cliente_3,Decide1_Cliente,29.37717819296352,complete,,,,Cliente,29.37717819296352,
Cliente_3,Beber,29.37717819296352,start,Copos,0.0,,,,
Cliente_3,Beber,35.46772423497734,complete,Copos,0.0,,,,
Cliente_3,Decide2_Beber_mais,35.46772423497734,complete,,,,Beber_mais,35.46772423497734,
Cliente_3,Servir,63.12300565589812,start,"Garcons, Copos",0.0,0.0,,,
Cliente_3,Servir,71.16063216371505,complete,"Garcons, Copos",0.0,0.0,,,
Cliente_3,Decide1_Cliente,71.16063216371505,complete,,,,Cliente,71.16063216371505,
Cliente_3,Beber,71.16063216371505,start,Copos,0.0,,,,
Cliente_3,Beber,77.27696102160097,complete,Copos,0.0,,,,
Cliente_3,Decide2_Beber_mais,77.27696102160097,complete,,,,Beber_mais,77.27696102160097,
Cliente_3,Servir,109.09942506947617,start,"Garcons, Copos",0.0,0.0,,,
Cliente_3,Servir,113.61292755224754,complete,"Garcons, Copos",0.0,0.0,,,
Cliente_3,Decide1_Cliente,113.61292755224754,complete,,,,Cliente,113.61292755224754,
Cliente_3,Beber,113.61292755224754,start,Copos,0.0,,,,
Cliente_3,Beber,121.21438259593864,complete,Copos,0.0,,,,
Cliente_3,Decide2_Satisfeito,121.21438259593864,complete,,,,Satisfeito,121.21438259593864,
Cliente_3,Discharge,121.21438259593864,complete,,,,,,102.91960499760282
Cliente_30,Arrival,403.1720246115479,complete,,0.0,,,,
Cliente_30,Servir,449.830833665558,start,"Garcons, Copos",0.0,0.0,,,
Cliente_30,Servir,454.94003907299526,complete,"Garcons, Copos",0.0,0.0,,,
Cliente_30,Decide1_Cliente,454.94003907299526,complete,,,,Cliente,454.94003907299526,
Cliente_30,Beber,454.94003907299526,start,Copos,0.0,,,,
Cliente_30,Beber,462.5546736452022,complete,Copos,0.0,,,,
Cliente_30,Decide2_Satisfeito,462.5546736452022,complete,,,,Satisfeito,462.5546736452022,
Cliente_30,Discharge,462.5546736452022,complete,,,,,,59.382649033654275
Cliente_31,Arrival,415.6789242845875,complete,,0.0,,,,
Cliente_31,Servir,461.0366441855814,start,"Garcons, Copos",0.0,0.0,,,
Cliente_31,Servir,467.58711989732313,complete,"Garcons, Copos",0.0,0.0,,,
Cliente_31,Decide1_Cliente,467.58711989732313,complete,,,,Cliente,467.58711989732313,
Cliente_31,Beber,467.58711989732313,start,Copos,0.0,,,,
Cliente_31,Beber,475.55257494886973,complete,Copos,0.0,,,,
Cliente_31,Decide2_Satisfeito,475.55257494886973,complete,,,,Satisfeito,475.55257494886973,
Cliente_31,Discharge,475.55257494886973,complete,,,,,,59.87365066428225
Cliente_32,Arrival,419.95893024275597,complete,,0.0,,,,
Cliente_32,Servir,477.922632382425,start,"Garcons, Copos",0.0,0.0,,,
Cliente_32,Servir,486.0272054701048,complete,"Garcons, Copos",0.0,0.0,,,
Cliente_32,Decide1_Cliente,486.0272054701048,complete,,,,Cliente,486.0272054701048,
Cliente_32,Beber,486.0272054701048,start,Copos,0.0,,,,
Cliente_32,Beber,492.4127001664938,complete,Copos,0.0,,,,
Cliente_32,Decide2_Beber_mais,492.4127001664938,complete,,,,Beber_mais,492.4127001664938,
Cliente_32,Servir,571.3369868595477,start,"Garcons, Copos",0.0,0.0,,,
Cliente_32,Servir,577.0922074623389,complete,"Garcons, Copos",0.0,0.0,,,
Cliente_32,Decide1_Cliente,577.0922074623389,complete,,,,Cliente,577.0922074623389,
Cliente_32,Beber,577.0922074623389,start,Copos,0.0,,,,
Cliente_32,Beber,582.9987348078163,complete,Copos,0.0,,,,
Cliente_32,Decide2_Beber_mais,582.9987348078163,complete,,,,Beber_mais,582.9987348078163,
Cliente_32,Servir,682.7030634331734,start,"Garcons, Copos",0.0,0.0,,,
Cliente_32,Servir,688.5985118649078,complete,"Garcons, Copos",0.0,0.0,,,
Cliente_32,Decide1_Cliente,688.5985118649078,complete,,,,Cliente,688.5985118649078,
Cliente_32,Beber,688.5985118649078,start,Copos,0.0,,,,
Cliente_32,Beber,693.9223817884285,complete,Copos,0.0,,,,
Cliente_32,Decide2_Satisfeito,693.9223817884285,complete,,,,Satisfeito,693.9223817884285,
Cliente_32,Discharge,693.9223817884285,complete,,,,,,273.96345154567257
Cliente_33,Arrival,427.8201683601954,complete,,0.0,,,,
Cliente_33,Servir,486.0272054701048,start,"Garcons, Copos",0.0,0.0,,,
Cliente_33,Servir,493.2374019690395,complete,"Garcons, Copos",0.0,0.0,,,
Cliente_33,Decide1_Cliente,493.2374019690395,complete,,,,Cliente,493.2374019690395,
Cliente_33,Beber,493.2374019690395,start,Copos,0.0,,,,
Cliente_33,Beber,499.9831039236008,complete,Copos,0.0,,,,
Cliente_33,Decide2_Satisfeito,499.9831039236008,complete,,,,Satisfeito,499.9831039236008,
Cliente_33,Discharge,499.9831039236008,complete,,,,,,72.16293556340543
Cliente_34,Arrival,432.2685922586844,complete,,0.0,,,,
Cliente_34,Servir,493.2374019690395,start,"Garcons, Copos",0.0,0.0,,,
Cliente_34,Servir,500.73262941837476,complete,"Garcons, Copos",0.0,0.0,,,
Cliente_34,Decide1_Cliente,500.73262941837476,complete,,,,Cliente,500.73262941837476,
Cliente_34,Beber,500.73262941837476,start,Copos,0.0,,,,
Cliente_34,Beber,508.104460480238,complete,Copos,0.0,,,,
Cliente_34,Decide2_Satisfeito,508.104460480238,complete,,,,Satisfeito,508.104460480238,
Cliente_34,Discharge,508.104460480238,complete,,,,,,75.8358682215536
Cliente_35,Arrival,436.8602387729235,complete,,0.0,,,,
Cliente_35,Servir,508.06053825584047,start,"Garcons, Copos",0.0,0.0,,,
Cliente_35,Servir,514.2275633178909,complete,"Garcons, Copos",0.0,0.0,,,
Cliente_35,Decide1_Cliente,514.2275633178909,complete,,,,Cliente,514.2275633178909,
Cliente_35,Beber,514.2275633178909,start,Copos,0.0,,,,
Cliente_35,Beber,519.4615505551934,complete,Copos,0.0,,,,
Cliente_35,Decide2_Beber_mais,519.4615505551934,complete,,,,Beber_mais,519.4615505551934,
Cliente_35,Servir,598.0993990082287,start,"Garcons, Copos",0.0,0.0,,,
Cliente_35,Servir,602.7406467865624,complete,"Garcons, Copos",0.0,0.0,,,
Cliente_35,Decide1_Cliente,602.7406467865624,complete,,,,Cliente,602.7406467865624,
Cliente_35,Beber,602.7406467865624,start,Copos,0.0,,,,
Cliente_35,Beber,608.579566013257,complete,Copos,0.0,,,,
Cliente_35,Decide2_Beber_mais,608.579566013257,complete,,,,Beber_mais,608.579566013257,
Cliente_35,Servir,721.0175569218819,start,"Garcons, Copos",0.0,0.0,,,
Cliente_35,Servir,728.1492841292003,complete,"Garcons, Copos",0.0,0.0,,,
Cliente_35,Decide1_Cliente,728.1492841292003,complete,,,,Cliente,728.1492841292003,
Cliente_35,Beber,728.1492841292003,start,Copos,0.0,,,,
Cliente_35,Beber,735.7825731731843,complete,Copos,0.0,,,,
Cliente_35,Decide2_Satisfeito,735.7825731731843,complete,,,,Satisfeito,735.7825731731843,
Cliente_35,Discharge,735.7825731731843,complete,,,,,,298.92233440026087
Cliente_36,Arrival,441.1553803414488,complete,,0.0,,,,
Cliente_36,Servir,519.4993894720694,start,"Garcons, Copos",0.0,0.0,,,
Cliente_36,Servir,525.20224904488,complete,"Garcons, Copos",0.0,0.0,,,
Cliente_36,Decide1_Cliente,525.20224904488,complete,,,,Cliente,525.20224904488,
Cliente_36,Beber,525.20224904488,start,Copos,0.0,,,,
Cliente_36,Beber,530.4152606565542,complete,Copos,0.0,,,,
Cliente_36,Decide2_Beber_mais,530.4152606565542,complete,,,,Beber_mais,530.4152606565542,
Cliente_36,Servir,609.2475283698963,start,"Garcons, Copos",0.0,0.0,,,
Cliente_36,Servir,615.1996880611073,complete,"Garcons, Copos",0.0,0.0,,,
Cliente_36,Decide1_Cliente,615.1996880611073,complete,,,,Cliente,615.1996880611073,
Cliente_36,Beber,615.1996880611073,start,Copos,0.0,,,,
Cliente_36,Beber,622.0690155330506,complete,Copos,0.0,,,,
Cliente_36,Decide2_Beber_mais,622.0690155330506,complete,,,,Beber_mais,622.0690155330506,
Cliente_36,Servir,738.8700747490802,start,"Garcons, Copos",0.0,0.0,,,
Cliente_36,Servir,746.3647833226502,complete,"Garcons, Copos",0.0,0.0,,,
Cliente_36,Decide1_Cliente,746.3647833226502,complete,,,,Cliente,746.3647833226502,
Cliente_36,Beber,746.3647833226502,start,Copos,0.0,,,,
Cliente_36,Beber,753.9870279020005,complete,Copos,0.0,,,,
Cliente_36,Decide2_Satisfeito,753.9870279020005,complete,,,,Satisfeito,753.9870279020005,
Cliente_36,Discharge,753.9870279020005,complete,,,,,,312.8316475605517
Cliente_37,Arrival,453.29318859203363,complete,,0.0,,,,
Cliente_37,Servir,530.9790774690897,start,"Garcons, Copos",0.0,0.0,,,
Cliente_37,Servir,537.2732007776164,complete,"Garcons, Copos",0.0,0.0,,,
Cliente_37,Decide1_Cliente,537.2732007776164,complete,,,,Cliente,537.2732007776164,
Cliente_37,Beber,537.2732007776164,start,Copos,0.0,,,,
Cliente_37,Beber,543.8543534944677,complete,Copos,0.0,,,,
Cliente_37,Decide2_Beber_mais,543.8543534944677,complete,,,,Beber_mais,543.8543534944677,
Cliente_37,Servir,628.6657141992021,start,"Garcons, Copos",0.0,0.0,,,
Cliente_37,Servir,632.6990896926885,complete,"Garcons, Copos",0.0,0.0,,,
Cliente_37,Decide1_Cliente,632.6990896926885,complete,,,,Cliente,632.6990896926885,
Cliente_37,Beber,632.6990896926885,start,Copos,0.0,,,,
Cliente_37,Beber,639.0037659290582,complete,Copos,0.0,,,,
Cliente_37,Decide2_Beber_mais,639.0037659290582,complete,,,,Beber_mais,639.0037659290582,
Cliente_37,Servir,764.8026467697113,start,"Garcons, Copos",0.0,0.0,,,
Cliente_37,Servir,770.7069109151206,complete,"Garcons, Copos",0.0,0.0,,,
Cliente_37,Decide1_Cliente,770.7069109151206,complete,,,,Cliente,770.7069109151206,
Cliente_37,Beber,770.7069109151206,start,Copos,0.0,,,,
Cliente_37,Beber,776.1341524761297,complete,Copos,0.0,,,,
Cliente_37,Decide2_Satisfeito,776.1341524761297,complete,,,,Satisfeito,776.1341524761297,
Cliente_37,Discharge,776.1341524761297,complete,,,,,,322.840963884096
Cliente_38,Arrival,459.0265435573664,complete,,0.0,,,,
Cliente_38,Servir,542.5196849518425,start,"Garcons, Copos",0.0,0.0,,,
Cliente_38,Servir,548.1813210065452,complete,"Garcons, Copos",0.0,0.0,,,
Cliente_38,Decide1_Cliente,548.1813210065452,complete,,,,Cliente,548.1813210065452,
Cliente_38,Beber,548.1813210065452,start,Copos,0.0,,,,
Cliente_38,Beber,555.2886929872307,complete,Copos,0.0,,,,
Cliente_38,Decide2_Beber_mais,555.2886929872307,complete,,,,Beber_mais,555.2886929872307,
Cliente_38,Servir,652.6360033767235,start,"Garcons, Copos",0.0,0.0,,,
Cliente_38,Servir,659.2404050054524,complete,"Garcons, Copos",0.0,0.0,,,
Cliente_38,Decide1_Cliente,659.2404050054524,complete,,,,Cliente,659.2404050054524,
Cliente_38,Beber,659.2404050054524,start,Copos,0.0,,,,
Cliente_38,Beber,665.7335082418243,complete,Copos,0.0,,,,
Cliente_38,Decide2_Satisfeito,665.7335082418243,complete,,,,Satisfeito,665.7335082418243,
Cliente_38,Discharge,665.7335082418243,complete,,,,,,206.70696468445794
Cliente_39,Arrival,461.6811633549253,complete,,0.0,,,,
Cliente_39,Servir,548.1813210065452,start,"Garcons, Copos",0.0,0.0,,,
Cliente_39,Servir,554.0073492194703,complete,"Garcons, Copos",0.0,0.0,,,
Cliente_39,Decide1_Cliente,554.0073492194703,complete,,,,Cliente,554.0073492194703,
Cliente_39,Beber,554.0073492194703,start,Copos,0.0,,,,
Cliente_39,Beber,561.1471232725271,complete,Copos,0.0,,,,
Cliente_39,Decide2_Beber_mais,561.1471232725271,complete,,,,Beber_mais,561.1471232725271,
Cliente_39,Servir,659.2404050054524,start,"Garcons, Copos",0.0,0.0,,,
Cliente_39,Servir,664.8970779968739,complete,"Garcons, Copos",0.0,0.0,,,
Cliente_39,Decide1_Cliente,664.8970779968739,complete,,,,Cliente,664.8970779968739,
Cliente_39,Beber,664.8970779968739,start,Copos,0.0,,,,
Cliente_39,Beber,671.555052265472,complete,Copos,0.0,,,,
Cliente_39,Decide2_Beber_mais,671.555052265472,complete,,,,Beber_mais,671.555052265472,
Cliente_39,Servir,841.6306718214825,start,"Garcons, Copos",0.0,0.0,,,
Cliente_39,Servir,848.4285630248254,complete,"Garcons, Copos",0.0,0.0,,,
Cliente_39,Decide1_Cliente,848.4285630248254,complete,,,,Cliente,848.4285630248254,
Cliente_39,Beber,848.4285630248254,start,Copos,0.0,,,,
Cliente_39,Beber,855.0263640313846,complete,Copos,0.0,,,,
Cliente_39,Decide2_Beber_mais,855.0263640313846,complete,,,,Beber_mais,855.0263640313846,
Cliente_39,Servir,1052.3257317167643,start,"Garcons, Copos",0.0,0.0,,,
Cliente_39,Servir,1057.9565020623945,complete,"Garcons, Copos",0.0,0.0,,,
Cliente_39,Decide1_Cliente,1057.9565020623945,complete,,,,Cliente,1057.9565020623945,
Cliente_39,Beber,1057.9565020623945,start,Copos,0.0,,,,
Cliente_39,Beber,1063.7772461744817,complete,Copos,0.0,,,,
Cliente_39,Decide2_Satisfeito,1063.7772461744817,complete,,,,Satisfeito,1063.7772461744817,
Cliente_39,Discharge,1063.7772461744817,complete,,,,,,602.0960828195564
Cliente_4,Arrival,18.421052439802974,complete,,0.0,,,,
Cliente_4,Servir,34.40409308126611,start,"Garcons, Copos",0.0,0.0,,,
Cliente_4,Servir,40.56163390319575,complete,"Garcons, Copos",0.0,0.0,,,
Cliente_4,Decide1_Cliente,40.56163390319575,complete,,,,Cliente,40.56163390319575,
Cliente_4,Beber,40.56163390319575,start,Copos,0.0,,,,
Cliente_4,Beber,46.89513366364297,complete,Copos,0.0,,,,
Cliente_4,Decide2_Beber_mais,46.89513366364297,complete,,,,Beber_mais,46.89513366364297,
Cliente_4,Servir,78.9713187670937,start,"Garcons, Copos",0.0,0.0,,,
Cliente_4,Servir,83.99161703295532,complete,"Garcons, Copos",0.0,0.0,,,
Cliente_4,Decide1_Cliente,83.99161703295532,complete,,,,Cliente,83.99161703295532,
Cliente_4,Beber,83.99161703295532,start,Copos,0.0,,,,
Cliente_4,Beber,91.60484865624234,complete,Copos,0.0,,,,
Cliente_4,Decide2_Beber_mais,91.60484865624234,complete,,,,Beber_mais,91.60484865624234,
Cliente_4,Servir,123.71479501474514,start,"Garcons, Copos",0.0,0.0,,,
Cliente_4,Servir,130.56825689105963,complete,"Garcons, Copos",0.0,0.0,,,
Cliente_4,Decide1_Cliente,130.56825689105963,complete,,,,Cliente,130.56825689105963,
Cliente_4,Beber,130.56825689105963,start,Copos,0.0,,,,
Cliente_4,Beber,135.75558346035513,complete,Copos,0.0,,,,
Cliente_4,Decide2_Beber_mais,135.75558346035513,complete,,,,Beber_mais,135.75558346035513,
Cliente_4,Servir,174.4826825062645,start,"Garcons, Copos",0.0,0.0,,,
Cliente_4,Servir,180.80525944380216,complete,"Garcons, Copos",0.0,0.0,,,
Cliente_4,Decide1_Cliente,180.80525944380216,complete,,,,Cliente,180.80525944380216,
Cliente_4,Beber,180.80525944380216,start,Copos,0.0,,,,
Cliente_4,Beber,187.35713388820787,complete,Copos,0.0,,,,
Cliente_4,Decide2_Satisfeito,187.35713388820787,complete,,,,Satisfeito,187.35713388820787,
Cliente_4,Discharge,187.35713388820787,complete,,,,,,168.9360814484049
Cliente_40,Arrival,478.1838464427281,complete,,0.0,,,,
Cliente_40,Servir,559.6569604506151,start,"Garcons, Copos",0.0,0.0,,,
Cliente_40,Servir,565.50492181171,complete,"Garcons, Copos",0.0,0.0,,,
Cliente_40,Decide1_Cliente,565.50492181171,complete,,,,Cliente,565.50492181171,
Cliente_40,Beber,565.50492181171,start,Copos,0.0,,,,
Cliente_40,Beber,572.0969918128941,complete,Copos,0.0,,,,
Cliente_40,Decide2_Beber_mais,572.0969918128941,complete,,,,Beber_mais,572.0969918128941,
Cliente_40,Servir,670.7903040320697,start,"Garcons, Copos",0.0,0.0,,,
Cliente_40,Servir,676.8028880771247,complete,"Garcons, Copos",0.0,0.0,,,
Cliente_40,Decide1_Cliente,676.8028880771247,complete,,,,Cliente,676.8028880771247,
Cliente_40,Beber,676.8028880771247,start,Copos,0.0,,,,
Cliente_40,Beber,682.5293783415476,complete,Copos,0.0,,,,
Cliente_40,Decide2_Beber_mais,682.5293783415476,complete,,,,Beber_mais,682.5293783415476,
Cliente_40,Servir,848.4285630248254,start,"Garcons, Copos",0.0,0.0,,,
Cliente_40,Servir,854.7356331207175,complete,"Garcons, Copos",0.0,0.0,,,
Cliente_40,Decide1_Cliente,854.7356331207175,complete,,,,Cliente,854.7356331207175,
Cliente_40,Beber,854.7356331207175,start,Copos,0.0,,,,
Cliente_40,Beber,862.3870171465863,complete,Copos,0.0,,,,
Cliente_40,Decide2_Satisfeito,862.3870171465863,complete,,,,Satisfeito,862.3870171465863,
Cliente_40,Discharge,862.3870171465863,complete,,,,,,384.20317070385823
Cliente_41,Arrival,487.92966771228333,complete,,0.0,,,,
Cliente_41,Servir,565.50492181171,start,"Garcons, Copos",0.0,0.0,,,
Cliente_41,Servir,571.3369868595477,complete,"Garcons, Copos",0.0,0.0,,,
Cliente_41,Decide1_Cliente,571.3369868595477,complete,,,,Cliente,571.3369868595477,
Cliente_41,Beber,571.3369868595477,start,Copos,0.0,,,,
Cliente_41,Beber,579.2580013424028,complete,Copos,0.0,,,,
Cliente_41,Decide2_Beber_mais,579.2580013424028,complete,,,,Beber_mais,579.2580013424028,
Cliente_41,Servir,676.8028880771247,start,"Garcons, Copos",0.0,0.0,,,
Cliente_41,Servir,682.7030634331734,complete,"Garcons, Copos",0.0,0.0,,,
Cliente_41,Decide1_Cliente,682.7030634331734,complete,,,,Cliente,682.7030634331734,
Cliente_41,Beber,682.7030634331734,start,Copos,0.0,,,,
Cliente_41,Beber,690.1138614179998,complete,Copos,0.0,,,,
Cliente_41,Decide2_Satisfeito,690.1138614179998,complete,,,,Satisfeito,690.1138614179998,
Cliente_41,Discharge,690.1138614179998,complete,,,,,,202.1841937057165
Cliente_42,Arrival,498.55626616399474,complete,,0.0,,,,
Cliente_42,Servir,577.0922074623389,start,"Garcons, Copos",0.0,0.0,,,
Cliente_42,Servir,581.3662162563403,complete,"Garcons, Copos",0.0,0.0,,,
Cliente_42,Decide1_Cliente,581.3662162563403,complete,,,,Cliente,581.3662162563403,
Cliente_42,Beber,581.3662162563403,start,Copos,0.0,,,,
Cliente_42,Beber,587.8102376069136,complete,Copos,0.0,,,,
Cliente_42,Decide2_Beber_mais,587.8102376069136,complete,,,,Beber_mais,587.8102376069136,
Cliente_42,Servir,688.5985118649078,start,"Garcons, Copos",0.0,0.0,,,
Cliente_42,Servir,693.6568686125611,complete,"Garcons, Copos",0.0,0.0,,,
Cliente_42,Decide1_Cliente,693.6568686125611,complete,,,,Cliente,693.6568686125611,
Cliente_42,Beber,693.6568686125611,start,Copos,0.0,,,,
Cliente_42,Beber,700.6471602423746,complete,Copos,0.0,,,,
Cliente_42,Decide2_Beber_mais,700.6471602423746,complete,,,,Beber_mais,700.6471602423746,
Cliente_42,Servir,866.7200284903466,start,"Garcons, Copos",0.0,0.0,,,
Cliente_42,Servir,871.8127360564278,complete,"Garcons, Copos",0.0,0.0,,,
Cliente_42,Decide1_Cliente,871.8127360564278,complete,,,,Cliente,871.8127360564278,
Cliente_42,Beber,871.8127360564278,start,Copos,0.0,,,,
Cliente_42,Beber,878.9185709279918,complete,Copos,0.0,,,,
Cliente_42,Decide2_Beber_mais,878.9185709279918,complete,,,,Beber_mais,878.9185709279918,
Cliente_42,Servir,1091.3742897738546,start,"Garcons, Copos",0.0,0.0,,,
Cliente_42,Servir,1099.4510124962526,complete,"Garcons, Copos",0.0,0.0,,,
Cliente_42,Decide1_Cliente,1099.4510124962526,complete,,,,Cliente,1099.4510124962526,
Cliente_42,Beber,1099.4510124962526,start,Copos,0.0,,,,
Cliente_42,Beber,1106.0954634931209,complete,Copos,0.0,,,,
Cliente_42,Decide2_Satisfeito,1106.0954634931209,complete,,,,Satisfeito,1106.0954634931209,
Cliente_42,Discharge,1106.0954634931209,complete,,,,,,607.5391973291262
Cliente_43,Arrival,502.28014729648464,complete,,0.0,,,,
Cliente_43,Servir,581.3662162563403,start,"Garcons, Copos",0.0,0.0,,,
Cliente_43,Servir,587.4421836627897,complete,"Garcons, Copos",0.0,0.0,,,
Cliente_43,Decide1_Cliente,587.4421836627897,complete,,,,Cliente,587.4421836627897,
Cliente_43,Beber,587.4421836627897,start,Copos,0.0,,,,
Cliente_43,Beber,595.1707194980474,complete,Copos,0.0,,,,
Cliente_43,Decide2_Beber_mais,595.1707194980474,complete,,,,Beber_mais,595.1707194980474,
Cliente_43,Servir,699.5764314312232,start,"Garcons, Copos",0.0,0.0,,,
Cliente_43,Servir,705.7975271097478,complete,"Garcons, Copos",0.0,0.0,,,
Cliente_43,Decide1_Cliente,705.7975271097478,complete,,,,Cliente,705.7975271097478,
Cliente_43,Beber,705.7975271097478,start,Copos,0.0,,,,
Cliente_43,Beber,711.6209763157477,complete,Copos,0.0,,,,
Cliente_43,Decide2_Satisfeito,711.6209763157477,complete,,,,Satisfeito,711.6209763157477,
Cliente_43,Discharge,711.6209763157477,complete,,,,,,209.34082901926308
Cliente_44,Arrival,504.01009336442263,complete,,0.0,,,,
Cliente_44,Servir,587.4421836627897,start,"Garcons, Copos",0.0,0.0,,,
Cliente_44,Servir,592.1774774872322,complete,"Garcons, Copos",0.0,0.0,,,
Cliente_44,Decide1_Cliente,592.1774774872322,complete,,,,Cliente,592.1774774872322,
Cliente_44,Beber,592.1774774872322,start,Copos,0.0,,,,
Cliente_44,Beber,598.7900620176433,complete,Copos,0.0,,,,
Cliente_44,Decide2_Beber_mais,598.7900620176433,complete,,,,Beber_mais,598.7900620176433,
Cliente_44,Servir,705.7975271097478,start,"Garcons, Copos",0.0,0.0,,,
Cliente_44,Servir,711.6875357264194,complete,"Garcons, Copos",0.0,0.0,,,
Cliente_44,Decide1_Cliente,711.6875357264194,complete,,,,Cliente,711.6875357264194,
Cliente_44,Beber,711.6875357264194,start,Copos,0.0,,,,
Cliente_44,Beber,718.5383027795473,complete,Copos,0.0,,,,
Cliente_44,Decide2_Beber_mais,718.5383027795473,complete,,,,Beber_mais,718.5383027795473,
Cliente_44,Servir,890.4978650242267,start,"Garcons, Copos",0.0,0.0,,,
Cliente_44,Servir,896.255710868385,complete,"Garcons, Copos",0.0,0.0,,,
Cliente_44,Decide1_Cliente,896.255710868385,complete,,,,Cliente,896.255710868385,
Cliente_44,Beber,896.255710868385,start,Copos,0.0,,,,
Cliente_44,Beber,902.5676636778693,complete,Copos,0.0,,,,
Cliente_44,Decide2_Beber_mais,902.5676636778693,complete,,,,Beber_mais,902.5676636778693,
Cliente_44,Servir,1122.5037172797863,start,"Garcons, Copos",0.0,0.0,,,
Cliente_44,Servir,1130.774863886433,complete,"Garcons, Copos",0.0,0.0,,,
Cliente_44,Decide1_Cliente,1130.774863886433,complete,,,,Cliente,1130.774863886433,
Cliente_44,Beber,1130.774863886433,start,Copos,0.0,,,,
Cliente_44,Beber,1137.5996945508105,complete,Copos,0.0,,,,
Cliente_44,Decide2_Satisfeito,1137.5996945508105,complete,,,,Satisfeito,1137.5996945508105,
Cliente_44,Discharge,1137.5996945508105,complete,,,,,,633.5896011863879
Cliente_45,Arrival,526.6590350544907,complete,,0.0,,,,
Cliente_45,Servir,603.2406467865624,start,"Garcons, Copos",0.0,0.0,,,
Cliente_45,Servir,609.2475283698963,complete,"Garcons, Copos",0.0,0.0,,,
Cliente_45,Decide1_Cliente,609.2475283698963,complete,,,,Cliente,609.2475283698963,
Cliente_45,Beber,609.2475283698963,start,Copos,0.0,,,,
Cliente_45,Beber,616.0983546133123,complete,Copos,0.0,,,,
Cliente_45,Decide2_Beber_mais,616.0983546133123,complete,,,,Beber_mais,616.0983546133123,
Cliente_45,Servir,728.1492841292003,start,"Garcons, Copos",0.0,0.0,,,
Cliente_45,Servir,733.3690006422221,complete,"Garcons, Copos",0.0,0.0,,,
Cliente_45,Decide1_Cliente,733.3690006422221,complete,,,,Cliente,733.3690006422221,
Cliente_45,Beber,733.3690006422221,start,Copos,0.0,,,,
Cliente_45,Beber,741.027161271241,complete,Copos,0.0,,,,
Cliente_45,Decide2_Beber_mais,741.027161271241,complete,,,,Beber_mais,741.027161271241,
Cliente_45,Servir,901.7209032231759,start,"Garcons, Copos",0.0,0.0,,,
Cliente_45,Servir,907.9808121331663,complete,"Garcons, Copos",0.0,0.0,,,
Cliente_45,Decide1_Cliente,907.9808121331663,complete,,,,Cliente,907.9808121331663,
Cliente_45,Beber,907.9808121331663,start,Copos,0.0,,,,
Cliente_45,Beber,914.1242648671814,complete,Copos,0.0,,,,
Cliente_45,Decide2_Beber_mais,914.1242648671814,complete,,,,Beber_mais,914.1242648671814,
Cliente_45,Servir,1144.5892350607157,start,"Garcons, Copos",0.0,0.0,,,
Cliente_45,Servir,1150.2643082387372,complete,"Garcons, Copos",0.0,0.0,,,
Cliente_45,Decide1_Cliente,1150.2643082387372,complete,,,,Cliente,1150.2643082387372,
Cliente_45,Beber,1150.2643082387372,start,Copos,0.0,,,,
Cliente_45,Beber,1155.6072779656288,complete,Copos,0.0,,,,
Cliente_45,Decide2_Satisfeito,1155.6072779656288,complete,,,,Satisfeito,1155.6072779656288,
Cliente_45,Discharge,1155.6072779656288,complete,,,,,,628.9482429111381
Cliente_46,Arrival,534.5234777426448,complete,,0.0,,,,
Cliente_46,Servir,615.1996880611073,start,"Garcons, Copos",0.0,0.0,,,
Cliente_46,Servir,621.3338908234814,complete,"Garcons, Copos",0.0,0.0,,,
Cliente_46,Decide1_Cliente,621.3338908234814,complete,,,,Cliente,621.3338908234814,
Cliente_46,Beber,621.3338908234814,start,Copos,0.0,,,,
Cliente_46,Beber,627.2646511520129,complete,Copos,0.0,,,,
Cliente_46,Decide2_Beber_mais,627.2646511520129,complete,,,,Beber_mais,627.2646511520129,
Cliente_46,Servir,746.3647833226502,start,"Garcons, Copos",0.0,0.0,,,
Cliente_46,Servir,753.1229845720795,complete,"Garcons, Copos",0.0,0.0,,,
Cliente_46,Decide1_Cliente,753.1229845720795,complete,,,,Cliente,753.1229845720795,
Cliente_46,Beber,753.1229845720795,start,Copos,0.0,,,,
Cliente_46,Beber,760.7171099252781,complete,Copos,0.0,,,,
Cliente_46,Decide2_Beber_mais,760.7171099252781,complete,,,,Beber_mais,760.7171099252781,
Cliente_46,Servir,931.6402544511905,start,"Garcons, Copos",0.0,0.0,,,
Cliente_46,Servir,938.4910712208718,complete,"Garcons, Copos",0.0,0.0,,,
Cliente_46,Decide1_Cliente,938.4910712208718,complete,,,,Cliente,938.4910712208718,
Cliente_46,Beber,938.4910712208718,start,Copos,0.0,,,,
Cliente_46,Beber,944.3062937048446,complete,Copos,0.0,,,,
Cliente_46,Decide2_Satisfeito,944.3062937048446,complete,,,,Satisfeito,944.3062937048446,
Cliente_46,Discharge,944.3062937048446,complete,,,,,,409.78281596219983
Cliente_47,Arrival,539.1875274542446,complete,,0.0,,,,
Cliente_47,Servir,621.3338908234814,start,"Garcons, Copos",0.0,0.0,,,
Cliente_47,Servir,628.6657141992021,complete,"Garcons, Copos",0.0,0.0,,,
Cliente_47,Decide1_Cliente,628.6657141992021,complete,,,,Cliente,628.6657141992021,
Cliente_47,Beber,628.6657141992021,start,Copos,0.0,,,,
Cliente_47,Beber,635.1224083782848,complete,Copos,0.0,,,,
Cliente_47,Decide2_Beber_mais,635.1224083782848,complete,,,,Beber_mais,635.1224083782848,
Cliente_47,Servir,753.1229845720795,start,"Garcons, Copos",0.0,0.0,,,
Cliente_47,Servir,758.8055841166738,complete,"Garcons, Copos",0.0,0.0,,,
Cliente_47,Decide1_Cliente,758.8055841166738,complete,,,,Cliente,758.8055841166738,
Cliente_47,Beber,758.8055841166738,start,Copos,0.0,,,,
Cliente_47,Beber,765.954140987386,complete,Copos,0.0,,,,
Cliente_47,Decide2_Beber_mais,765.954140987386,complete,,,,Beber_mais,765.954140987386,
Cliente_47,Servir,938.4910712208718,start,"Garcons, Copos",0.0,0.0,,,
Cliente_47,Servir,943.3710476525669,complete,"Garcons, Copos",0.0,0.0,,,
Cliente_47,Decide1_Cliente,943.3710476525669,complete,,,,Cliente,943.3710476525669,
Cliente_47,Beber,943.3710476525669,start,Copos,0.0,,,,
Cliente_47,Beber,949.9405211191964,complete,Copos,0.0,,,,
Cliente_47,Decide2_Beber_mais,949.9405211191964,complete,,,,Beber_mais,949.9405211191964,
Cliente_47,Servir,1184.524525720692,start,"Garcons, Copos",0.0,0.0,,,
Cliente_47,Servir,1192.244403016303,complete,"Garcons, Copos",0.0,0.0,,,
Cliente_47,Decide1_Cliente,1192.244403016303,complete,,,,Cliente,1192.244403016303,
Cliente_47,Beber,1192.244403016303,start,Copos,0.0,,,,
Cliente_47,Beber,1199.1481898318689,complete,Copos,0.0,,,,
Cliente_47,Decide2_Satisfeito,1199.1481898318689,complete,,,,Satisfeito,1199.1481898318689,
Cliente_47,Discharge,1199.1481898318689,complete,,,,,,659.9606623776243
Cliente_48,Arrival,545.1193525544207,complete,,0.0,,,,
Cliente_48,Servir,632.6990896926885,start,"Garcons, Copos",0.0,0.0,,,
Cliente_48,Servir,638.2563085381805,complete,"Garcons, Copos",0.0,0.0,,,
Cliente_48,Decide1_Cliente,638.2563085381805,complete,,,,Cliente,638.2563085381805,
Cliente_48,Beber,638.2563085381805,start,Copos,0.0,,,,
Cliente_48,Beber,644.0425997704577,complete,Copos,0.0,,,,
Cliente_48,Decide2_Beber_mais,644.0425997704577,complete,,,,Beber_mais,644.0425997704577,
Cliente_48,Servir,770.7069109151206,start,"Garcons, Copos",0.0,0.0,,,
Cliente_48,Servir,778.1539449990901,complete,"Garcons, Copos",0.0,0.0,,,
Cliente_48,Decide1_Cliente,778.1539449990901,complete,,,,Cliente,778.1539449990901,
Cliente_48,Beber,778.1539449990901,start,Copos,0.0,,,,
Cliente_48,Beber,783.6589692166538,complete,Copos,0.0,,,,
Cliente_48,Decide2_Beber_mais,783.6589692166538,complete,,,,Beber_mais,783.6589692166538,
Cliente_48,Servir,949.6623790028849,start,"Garcons, Copos",0.0,0.0,,,
Cliente_48,Servir,955.7947875925579,complete,"Garcons, Copos",0.0,0.0,,,
Cliente_48,Decide1_Cliente,955.7947875925579,complete,,,,Cliente,955.7947875925579,
Cliente_48,Beber,955.7947875925579,start,Copos,0.0,,,,
Cliente_48,Beber,961.348245116028,complete,Copos,0.0,,,,
Cliente_48,Decide2_Satisfeito,961.348245116028,complete,,,,Satisfeito,961.348245116028,
Cliente_48,Discharge,961.348245116028,complete,,,,,,416.22889256160727
Cliente_49,Arrival,549.8610476123002,complete,,0.0,,,,
Cliente_49,Servir,645.3036007464443,start,"Garcons, Copos",0.0,0.0,,,
Cliente_49,Servir,652.6360033767235,complete,"Garcons, Copos",0.0,0.0,,,
Cliente_49,Decide1_Cliente,652.6360033767235,complete,,,,Cliente,652.6360033767235,
Cliente_49,Beber,652.6360033767235,start,Copos,0.0,,,,
Cliente_49,Beber,659.5816474150698,complete,Copos,0.0,,,,
Cliente_49,Decide2_Beber_mais,659.5816474150698,complete,,,,Beber_mais,659.5816474150698,
Cliente_49,Servir,810.0986879681213,start,"Garcons, Copos",0.0,0.0,,,
Cliente_49,Servir,817.2254526910834,complete,"Garcons, Copos",0.0,0.0,,,
Cliente_49,Decide1_Cliente,817.2254526910834,complete,,,,Cliente,817.2254526910834,
Cliente_49,Beber,817.2254526910834,start,Copos,0.0,,,,
Cliente_49,Beber,824.1867806653631,complete,Copos,0.0,,,,
Cliente_49,Decide2_Satisfeito,824.1867806653631,complete,,,,Satisfeito,824.1867806653631,
Cliente_49,Discharge,824.1867806653631,complete,,,,,,274.3257330530629
Cliente_5,Arrival,25.773439825644267,complete,,0.0,,,,
Cliente_5,Servir,49.35151300666365,start,"Garcons, Copos",0.0,0.0,,,
Cliente_5,Servir,56.282367284205286,complete,"Garcons, Copos",0.0,0.0,,,
Cliente_5,Decide1_Cliente,56.282367284205286,complete,,,,Cliente,56.282367284205286,
Cliente_5,Beber,56.282367284205286,start,Copos,0.0,,,,
Cliente_5,Beber,62.58196822583677,complete,Copos,0.0,,,,
Cliente_5,Decide2_Satisfeito,62.58196822583677,complete,,,,Satisfeito,62.58196822583677,
Cliente_5,Discharge,62.58196822583677,complete,,,,,,36.8085284001925
Cliente_50,Arrival,591.0618791631226,complete,,0.0,,,,
Cliente_50,Servir,693.6568686125611,start,"Garcons, Copos",0.0,0.0,,,
Cliente_50,Servir,699.5764314312232,complete,"Garcons, Copos",0.0,0.0,,,
Cliente_50,Decide1_Cliente,699.5764314312232,complete,,,,Cliente,699.5764314312232,
Cliente_50,Beber,699.5764314312232,start,Copos,0.0,,,,
Cliente_50,Beber,706.3137718511348,complete,Copos,0.0,,,,
Cliente_50,Decide2_Beber_mais,706.3137718511348,complete,,,,Beber_mais,706.3137718511348,
Cliente_50,Servir,871.8127360564278,start,"Garcons, Copos",0.0,0.0,,,
Cliente_50,Servir,877.7357122457134,complete,"Garcons, Copos",0.0,0.0,,,
Cliente_50,Decide1_Cliente,877.7357122457134,complete,,,,Cliente,877.7357122457134,
Cliente_50,Beber,877.7357122457134,start,Copos,0.0,,,,
Cliente_50,Beber,885.3726569846002,complete,Copos,0.0,,,,
Cliente_50,Decide2_Satisfeito,885.3726569846002,complete,,,,Satisfeito,885.3726569846002,
Cliente_50,Discharge,885.3726569846002,complete,,,,,,294.3107778214776
Cliente_51,Arrival,620.5925337379323,complete,,0.0,,,,
Cliente_51,Servir,733.3690006422221,start,"Garcons, Copos",0.0,0.0,,,
Cliente_51,Servir,738.8700747490802,complete,"Garcons, Copos",0.0,0.0,,,
Cliente_51,Decide1_Cliente,738.8700747490802,complete,,,,Cliente,738.8700747490802,
Cliente_51,Beber,738.8700747490802,start,Copos,0.0,,,,
Cliente_51,Beber,745.6223780126107,complete,Copos,0.0,,,,
Cliente_51,Decide2_Beber_mais,745.6223780126107,complete,,,,Beber_mais,745.6223780126107,
Cliente_51,Servir,907.9808121331663,start,"Garcons, Copos",0.0,0.0,,,
Cliente_51,Servir,914.9925329489311,complete,"Garcons, Copos",0.0,0.0,,,
Cliente_51,Decide1_Cliente,914.9925329489311,complete,,,,Cliente,914.9925329489311,
Cliente_51,Beber,914.9925329489311,start,Copos,0.0,,,,
Cliente_51,Beber,921.8257965667066,complete,Copos,0.0,,,,
Cliente_51,Decide2_Satisfeito,921.8257965667066,complete,,,,Satisfeito,921.8257965667066,
Cliente_51,Discharge,921.8257965667066,complete,,,,,,301.2332628287743
Cliente_52,Arrival,637.9388998662198,complete,,0.0,,,,
Cliente_52,Servir,758.8055841166738,start,"Garcons, Copos",0.0,0.0,,,
Cliente_52,Servir,764.8026467697113,complete,"Garcons, Copos",0.0,0.0,,,
Cliente_52,Decide1_Cliente,764.8026467697113,complete,,,,Cliente,764.8026467697113,
Cliente_52,Beber,764.8026467697113,start,Copos,0.0,,,,
Cliente_52,Beber,772.4864188248323,complete,Copos,0.0,,,,
Cliente_52,Decide2_Beber_mais,772.4864188248323,complete,,,,Beber_mais,772.4864188248323,
Cliente_52,Servir,943.3710476525669,start,"Garcons, Copos",0.0,0.0,,,
Cliente_52,Servir,949.6623790028849,complete,"Garcons, Copos",0.0,0.0,,,
Cliente_52,Decide1_Cliente,949.6623790028849,complete,,,,Cliente,949.6623790028849,
Cliente_52,Beber,949.6623790028849,start,Copos,0.0,,,,
Cliente_52,Beber,955.7940226129001,complete,Copos,0.0,,,,
Cliente_52,Decide2_Beber_mais,955.7940226129001,complete,,,,Beber_mais,955.7940226129001,
Cliente_52,Servir,1197.8582816292308,start,"Garcons, Copos",0.0,0.0,,,
Cliente_52,Servir,1203.8452854974587,complete,"Garcons, Copos",0.0,0.0,,,
Cliente_52,Decide1_Cliente,1203.8452854974587,complete,,,,Cliente,1203.8452854974587,
Cliente_52,Beber,1203.8452854974587,start,Copos,0.0,,,,
Cliente_52,Beber,1211.0758228750628,complete,Copos,0.0,,,,
Cliente_52,Decide2_Beber_mais,1211.0758228750628,complete,,,,Beber_mais,1211.0758228750628,
Cliente_53,Arrival,648.2689912901799,complete,,0.0,,,,
Cliente_53,Servir,778.1539449990901,start,"Garcons, Copos",0.0,0.0,,,
Cliente_53,Servir,785.194180047838,complete,"Garcons, Copos",0.0,0.0,,,
Cliente_53,Decide1_Cliente,785.194180047838,complete,,,,Cliente,785.194180047838,
Cliente_53,Beber,785.194180047838,start,Copos,0.0,,,,
Cliente_53,Beber,791.7967839044138,complete,Copos,0.0,,,,
Cliente_53,Decide2_Beber_mais,791.7967839044138,complete,,,,Beber_mais,791.7967839044138,
Cliente_53,Servir,979.1287203626977,start,"Garcons, Copos",0.0,0.0,,,
Cliente_53,Servir,984.553826051737,complete,"Garcons, Copos",0.0,0.0,,,
Cliente_53,Decide1_Cliente,984.553826051737,complete,,,,Cliente,984.553826051737,
Cliente_53,Beber,984.553826051737,start,Copos,0.0,,,,
Cliente_53,Beber,990.3562640989256,complete,Copos,0.0,,,,
Cliente_53,Decide2_Satisfeito,990.3562640989256,complete,,,,Satisfeito,990.3562640989256,
Cliente_53,Discharge,990.3562640989256,complete,,,,,,342.08727280874575
Cliente_54,Arrival,651.1041789323632,complete,,0.0,,,,
Cliente_54,Servir,785.194180047838,start,"Garcons, Copos",0.0,0.0,,,
Cliente_54,Servir,790.7779600117955,complete,"Garcons, Copos",0.0,0.0,,,
Cliente_54,Decide1_Cliente,790.7779600117955,complete,,,,Cliente,790.7779600117955,
Cliente_54,Beber,790.7779600117955,start,Copos,0.0,,,,
Cliente_54,Beber,797.5794316243546,complete,Copos,0.0,,,,
Cliente_54,Decide2_Beber_mais,797.5794316243546,complete,,,,Beber_mais,797.5794316243546,
Cliente_54,Servir,984.553826051737,start,"Garcons, Copos",0.0,0.0,,,
Cliente_54,Servir,991.7405115788906,complete,"Garcons, Copos",0.0,0.0,,,
Cliente_54,Decide1_Cliente,991.7405115788906,complete,,,,Cliente,991.7405115788906,
Cliente_54,Beber,991.7405115788906,start,Copos,0.0,,,,
Cliente_54,Beber,997.8714001705662,complete,Copos,0.0,,,,
Cliente_54,Decide2_Beber_mais,997.8714001705662,complete,,,,Beber_mais,997.8714001705662,
Cliente_54,Servir,1250.5447687445705,start,"Garcons, Copos",0.0,0.0,,,
Cliente_54,Servir,1256.4056848781959,complete,"Garcons, Copos",0.0,0.0,,,
Cliente_54,Decide1_Cliente,1256.4056848781959,complete,,,,Cliente,1256.4056848781959,
Cliente_54,Beber,1256.4056848781959,start,Copos,0.0,,,,
Cliente_54,Beber,1262.3826447691606,complete,Copos,0.0,,,,
Cliente_54,Decide2_Satisfeito,1262.3826447691606,complete,,,,Satisfeito,1262.3826447691606,
Cliente_54,Discharge,1262.3826447691606,complete,,,,,,611.2784658367974
Cliente_55,Arrival,655.2211932632276,complete,,0.0,,,,
Cliente_55,Servir,796.5824497506968,start,"Garcons, Copos",0.0,0.0,,,
Cliente_55,Servir,803.6354802271679,complete,"Garcons, Copos",0.0,0.0,,,
Cliente_55,Decide1_Cliente,803.6354802271679,complete,,,,Cliente,803.6354802271679,
Cliente_55,Beber,803.6354802271679,start,Copos,0.0,,,,
Cliente_55,Beber,810.3897643364576,complete,Copos,0.0,,,,
Cliente_55,Decide2_Beber_mais,810.3897643364576,complete,,,,Beber_mais,810.3897643364576,
Cliente_55,Servir,991.7405115788906,start,"Garcons, Copos",0.0,0.0,,,
Cliente_55,Servir,998.1740769943755,complete,"Garcons, Copos",0.0,0.0,,,
Cliente_55,Decide1_Cliente,998.1740769943755,complete,,,,Cliente,998.1740769943755,
Cliente_55,Beber,998.1740769943755,start,Copos,0.0,,,,
Cliente_55,Beber,1005.7018737090324,complete,Copos,0.0,,,,
Cliente_55,Decide2_Satisfeito,1005.7018737090324,complete,,,,Satisfeito,1005.7018737090324,
Cliente_55,Discharge,1005.7018737090324,complete,,,,,,350.48068044580475
Cliente_56,Arrival,659.1856138277794,complete,,0.0,,,,
Cliente_56,Servir,803.6354802271679,start,"Garcons, Copos",0.0,0.0,,,
Cliente_56,Servir,810.0986879681213,complete,"Garcons, Copos",0.0,0.0,,,
Cliente_56,Decide1_Cliente,810.0986879681213,complete,,,,Cliente,810.0986879681213,
Cliente_56,Beber,810.0986879681213,start,Copos,0.0,,,,
Cliente_56,Beber,817.9891843188062,complete,Copos,0.0,,,,
Cliente_56,Decide2_Satisfeito,817.9891843188062,complete,,,,Satisfeito,817.9891843188062,
Cliente_56,Discharge,817.9891843188062,complete,,,,,,158.8035704910268
Cliente_57,Arrival,661.2325664343779,complete,,0.0,,,,
Cliente_57,Servir,817.2254526910834,start,"Garcons, Copos",0.0,0.0,,,
Cliente_57,Servir,823.5569730734662,complete,"Garcons, Copos",0.0,0.0,,,
Cliente_57,Decide1_Cliente,823.5569730734662,complete,,,,Cliente,823.5569730734662,
Cliente_57,Beber,823.5569730734662,start,Copos,0.0,,,,
Cliente_57,Beber,829.7329040296261,complete,Copos,0.0,,,,
Cliente_57,Decide2_Satisfeito,829.7329040296261,complete,,,,Satisfeito,829.7329040296261,
Cliente_57,Discharge,829.7329040296261,complete,,,,,,168.5003375952482
Cliente_58,Arrival,662.6521911860839,complete,,0.0,,,,
Cliente_58,Servir,823.5569730734662,start,"Garcons, Copos",0.0,0.0,,,
Cliente_58,Servir,830.556690167028,complete,"Garcons, Copos",0.0,0.0,,,
Cliente_58,Decide1_Cliente,830.556690167028,complete,,,,Cliente,830.556690167028,
Cliente_58,Beber,830.556690167028,start,Copos,0.0,,,,
Cliente_58,Beber,836.0142836742971,complete,Copos,0.0,,,,
Cliente_58,Decide2_Beber_mais,836.0142836742971,complete,,,,Beber_mais,836.0142836742971,
Cliente_58,Servir,1021.671410045333,start,"Garcons, Copos",0.0,0.0,,,
Cliente_58,Servir,1026.8310539625063,complete,"Garcons, Copos",0.0,0.0,,,
Cliente_58,Decide1_Cliente,1026.8310539625063,complete,,,,Cliente,1026.8310539625063,
Cliente_58,Beber,1026.8310539625063,start,Copos,0.0,,,,
Cliente_58,Beber,1033.426752192346,complete,Copos,0.0,,,,
Cliente_58,Decide2_Beber_mais,1033.426752192346,complete,,,,Beber_mais,1033.426752192346,
Cliente_58,Servir,1300.1614451177968,start,"Garcons, Copos",0.0,0.0,,,
Cliente_58,Servir,1305.9306755921166,complete,"Garcons, Copos",0.0,0.0,,,
Cliente_58,Decide1_Cliente,1305.9306755921166,complete,,,,Cliente,1305.9306755921166,
Cliente_58,Beber,1305.9306755921166,start,Copos,0.0,,,,
Cliente_58,Beber,1312.279705045046,complete,Copos,0.0,,,,
Cliente_58,Decide2_Satisfeito,1312.279705045046,complete,,,,Satisfeito,1312.279705045046,
Cliente_58,Discharge,1312.279705045046,complete,,,,,,649.6275138589622
Cliente_59,Arrival,665.4234602797587,complete,,0.0,,,,
Cliente_59,Servir,830.556690167028,start,"Garcons, Copos",0.0,0.0,,,
Cliente_59,Servir,836.7416963334173,complete,"Garcons, Copos",0.0,0.0,,,
Cliente_59,Decide1_Cliente,836.7416963334173,complete,,,,Cliente,836.7416963334173,
Cliente_59,Beber,836.7416963334173,start,Copos,0.0,,,,
Cliente_59,Beber,842.0443915158689,complete,Copos,0.0,,,,
Cliente_59,Decide2_Beber_mais,842.0443915158689,complete,,,,Beber_mais,842.0443915158689,
Cliente_59,Servir,1032.7335485189308,start,"Garcons, Copos",0.0,0.0,,,
Cliente_59,Servir,1038.5344667983932,complete,"Garcons, Copos",0.0,0.0,,,
Cliente_59,Decide1_Cliente,1038.5344667983932,complete,,,,Cliente,1038.5344667983932,
Cliente_59,Beber,1038.5344667983932,start,Copos,0.0,,,,
Cliente_59,Beber,1045.3019422220198,complete,Copos,0.0,,,,
Cliente_59,Decide2_Satisfeito,1045.3019422220198,complete,,,,Satisfeito,1045.3019422220198,
Cliente_59,Discharge,1045.3019422220198,complete,,,,,,379.87848194226103
Cliente_6,Arrival,38.61490951599489,complete,,0.0,,,,
Cliente_6,Servir,71.16063216371505,start,"Garcons, Copos",0.0,0.0,,,
Cliente_6,Servir,78.9713187670937,complete,"Garcons, Copos",0.0,0.0,,,
Cliente_6,Decide1_Cliente,78.9713187670937,complete,,,,Cliente,78.9713187670937,
Cliente_6,Beber,78.9713187670937,start,Copos,0.0,,,,
Cliente_6,Beber,84.35072864359498,complete,Copos,0.0,,,,
Cliente_6,Decide2_Beber_mais,84.35072864359498,complete,,,,Beber_mais,84.35072864359498,
Cliente_6,Servir,117.78436396330169,start,"Garcons, Copos",0.0,0.0,,,
Cliente_6,Servir,123.71479501474514,complete,"Garcons, Copos",0.0,0.0,,,
Cliente_6,Decide1_Cliente,123.71479501474514,complete,,,,Cliente,123.71479501474514,
Cliente_6,Beber,123.71479501474514,start,Copos,0.0,,,,
Cliente_6,Beber,131.58784495943533,complete,Copos,0.0,,,,
Cliente_6,Decide2_Beber_mais,131.58784495943533,complete,,,,Beber_mais,131.58784495943533,
Cliente_6,Servir,163.4582624709935,start,"Garcons, Copos",0.0,0.0,,,
Cliente_6,Servir,169.65715170240597,complete,"Garcons, Copos",0.0,0.0,,,
Cliente_6,Decide1_Cliente,169.65715170240597,complete,,,,Cliente,169.65715170240597,
Cliente_6,Beber,169.65715170240597,start,Copos,0.0,,,,
Cliente_6,Beber,175.50449278974304,complete,Copos,0.0,,,,
Cliente_6,Decide2_Beber_mais,175.50449278974304,complete,,,,Beber_mais,175.50449278974304,
Cliente_6,Servir,223.4595103497299,start,"Garcons, Copos",0.0,0.0,,,
Cliente_6,Servir,229.63045902701384,complete,"Garcons, Copos",0.0,0.0,,,
Cliente_6,Decide1_Cliente,229.63045902701384,complete,,,,Cliente,229.63045902701384,
Cliente_6,Beber,229.63045902701384,start,Copos,0.0,,,,
Cliente_6,Beber,235.05947858446163,complete,Copos,0.0,,,,
Cliente_6,Decide2_Satisfeito,235.05947858446163,complete,,,,Satisfeito,235.05947858446163,
Cliente_6,Discharge,235.05947858446163,complete,,,,,,196.44456906846673
Cliente_60,Arrival,666.6447388171597,complete,,0.0,,,,
Cliente_60,Servir,836.7416963334173,start,"Garcons, Copos",0.0,0.0,,,
Cliente_60,Servir,841.6306718214825,complete,"Garcons, Copos",0.0,0.0,,,
Cliente_60,Decide1_Cliente,841.6306718214825,complete,,,,Cliente,841.6306718214825,
Cliente_60,Beber,841.6306718214825,start,Copos,0.0,,,,
Cliente_60,Beber,848.0613416134279,complete,Copos,0.0,,,,
Cliente_60,Decide2_Beber_mais,848.0613416134279,complete,,,,Beber_mais,848.0613416134279,
Cliente_60,Servir,1038.5344667983932,start,"Garcons, Copos",0.0,0.0,,,
Cliente_60,Servir,1045.337520978247,complete,"Garcons, Copos",0.0,0.0,,,
Cliente_60,Decide1_Cliente,1045.337520978247,complete,,,,Cliente,1045.337520978247,
Cliente_60,Beber,1045.337520978247,start,Copos,0.0,,,,
Cliente_60,Beber,1052.9905080306178,complete,Copos,0.0,,,,
Cliente_60,Decide2_Beber_mais,1052.9905080306178,complete,,,,Beber_mais,1052.9905080306178,
Cliente_60,Servir,1312.6544319700538,start,"Garcons, Copos",0.0,0.0,,,
Cliente_60,Servir,1319.8217340948415,complete,"Garcons, Copos",0.0,0.0,,,
Cliente_60,Decide1_Cliente,1319.8217340948415,complete,,,,Cliente,1319.8217340948415,
Cliente_60,Beber,1319.8217340948415,start,Copos,0.0,,,,
Cliente_60,Beber,1325.3489517384523,complete,Copos,0.0,,,,
Cliente_60,Decide2_Satisfeito,1325.3489517384523,complete,,,,Satisfeito,1325.3489517384523,
Cliente_60,Discharge,1325.3489517384523,complete,,,,,,658.7042129212927
Cliente_61,Arrival,685.4409642817037,complete,,0.0,,,,
Cliente_61,Servir,854.7356331207175,start,"Garcons, Copos",0.0,0.0,,,
Cliente_61,Servir,860.9621692769274,complete,"Garcons, Copos",0.0,0.0,,,
Cliente_61,Decide1_Cliente,860.9621692769274,complete,,,,Cliente,860.9621692769274,
Cliente_61,Beber,860.9621692769274,start,Copos,0.0,,,,
Cliente_61,Beber,866.4690960054587,complete,Copos,0.0,,,,
Cliente_61,Decide2_Beber_mais,866.4690960054587,complete,,,,Beber_mais,866.4690960054587,
Cliente_61,Servir,1070.7040797804814,start,"Garcons, Copos",0.0,0.0,,,
Cliente_61,Servir,1073.6500901335191,complete,"Garcons, Copos",0.0,0.0,,,
Cliente_61,Decide1_Cliente,1073.6500901335191,complete,,,,Cliente,1073.6500901335191,
Cliente_61,Beber,1073.6500901335191,start,Copos,0.0,,,,
Cliente_61,Beber,1081.2695170396842,complete,Copos,0.0,,,,
Cliente_61,Decide2_Beber_mais,1081.2695170396842,complete,,,,Beber_mais,1081.2695170396842,
Cliente_61,Servir,1336.4333904395348,start,"Garcons, Copos",0.0,0.0,,,
Cliente_61,Servir,1342.973172928183,complete,"Garcons, Copos",0.0,0.0,,,
Cliente_61,Decide1_Cliente,1342.973172928183,complete,,,,Cliente,1342.973172928183,
Cliente_61,Beber,1342.973172928183,start,Copos,0.0,,,,
Cliente_61,Beber,1349.7553393914409,complete,Copos,0.0,,,,
Cliente_61,Decide2_Beber_mais,1349.7553393914409,complete,,,,Beber_mais,1349.7553393914409,
Cliente_62,Arrival,688.254421733288,complete,,0.0,,,,
Cliente_62,Servir,860.9621692769274,start,"Garcons, Copos",0.0,0.0,,,
Cliente_62,Servir,866.7200284903466,complete,"Garcons, Copos",0.0,0.0,,,
Cliente_62,Decide1_Cliente,866.7200284903466,complete,,,,Cliente,866.7200284903466,
Cliente_62,Beber,866.7200284903466,start,Copos,0.0,,,,
Cliente_62,Beber,871.8605490879504,complete,Copos,0.0,,,,
Cliente_62,Decide2_Beber_mais,871.8605490879504,complete,,,,Beber_mais,871.8605490879504,
Cliente_62,Servir,1079.014568761989,start,"Garcons, Copos",0.0,0.0,,,
Cliente_62,Servir,1084.5902934435264,complete,"Garcons, Copos",0.0,0.0,,,
Cliente_62,Decide1_Cliente,1084.5902934435264,complete,,,,Cliente,1084.5902934435264,
Cliente_62,Beber,1084.5902934435264,start,Copos,0.0,,,,
Cliente_62,Beber,1090.1198595400751,complete,Copos,0.0,,,,
Cliente_62,Decide2_Beber_mais,1090.1198595400751,complete,,,,Beber_mais,1090.1198595400751,
Cliente_62,Servir,1347.7966981330187,start,"Garcons, Copos",0.0,0.0,,,
Cliente_62,Servir,1352.7549796261521,complete,"Garcons, Copos",0.0,0.0,,,
Cliente_62,Decide1_Cliente,1352.7549796261521,complete,,,,Cliente,1352.7549796261521,
Cliente_62,Beber,1352.7549796261521,start,Copos,0.0,,,,
Cliente_62,Beber,1359.6689918265386,complete,Copos,0.0,,,,
Cliente_62,Decide2_Beber_mais,1359.6689918265386,complete,,,,Beber_mais,1359.6689918265386,
Cliente_63,Arrival,707.9301516037079,complete,,0.0,,,,
Cliente_63,Servir,877.7357122457134,start,"Garcons, Copos",0.0,0.0,,,
Cliente_63,Servir,885.0526191225142,complete,"Garcons, Copos",0.0,0.0,,,
Cliente_63,Decide1_Cliente,885.0526191225142,complete,,,,Cliente,885.0526191225142,
Cliente_63,Beber,885.0526191225142,start,Copos,0.0,,,,
Cliente_63,Beber,891.9864913998324,complete,Copos,0.0,,,,
Cliente_63,Decide2_Beber_mais,891.9864913998324,complete,,,,Beber_mais,891.9864913998324,
Cliente_63,Servir,1103.4416544634607,start,"Garcons, Copos",0.0,0.0,,,
Cliente_63,Servir,1109.9500787728252,complete,"Garcons, Copos",0.0,0.0,,,
Cliente_63,Decide1_Cliente,1109.9500787728252,complete,,,,Cliente,1109.9500787728252,
Cliente_63,Beber,1109.9500787728252,start,Copos,0.0,,,,
Cliente_63,Beber,1115.8240276796246,complete,Copos,0.0,,,,
Cliente_63,Decide2_Beber_mais,1115.8240276796246,complete,,,,Beber_mais,1115.8240276796246,
Cliente_63,Servir,1372.6163791378167,start,"Garcons, Copos",0.0,0.0,,,
Cliente_63,Servir,1378.256107237235,complete,"Garcons, Copos",0.0,0.0,,,
Cliente_63,Decide1_Cliente,1378.256107237235,complete,,,,Cliente,1378.256107237235,
Cliente_63,Beber,1378.256107237235,start,Copos,0.0,,,,
Cliente_63,Beber,1385.8848416636924,complete,Copos,0.0,,,,
Cliente_63,Decide2_Beber_mais,1385.8848416636924,complete,,,,Beber_mais,1385.8848416636924,
Cliente_64,Arrival,712.0642554449728,complete,,0.0,,,,
Cliente_64,Servir,885.0526191225142,start,"Garcons, Copos",0.0,0.0,,,
Cliente_64,Servir,889.9978650242267,complete,"Garcons, Copos",0.0,0.0,,,
Cliente_64,Decide1_Cliente,889.9978650242267,complete,,,,Cliente,889.9978650242267,
Cliente_64,Beber,889.9978650242267,start,Copos,0.0,,,,
Cliente_64,Beber,895.3512975854799,complete,Copos,0.0,,,,
Cliente_64,Decide2_Beber_mais,895.3512975854799,complete,,,,Beber_mais,895.3512975854799,
Cliente_64,Servir,1109.9500787728252,start,"Garcons, Copos",0.0,0.0,,,
Cliente_64,Servir,1116.3998384562274,complete,"Garcons, Copos",0.0,0.0,,,
Cliente_64,Decide1_Cliente,1116.3998384562274,complete,,,,Cliente,1116.3998384562274,
Cliente_64,Beber,1116.3998384562274,start,Copos,0.0,,,,
Cliente_64,Beber,1122.993115551651,complete,Copos,0.0,,,,
Cliente_64,Decide2_Beber_mais,1122.993115551651,complete,,,,Beber_mais,1122.993115551651,
Cliente_64,Servir,1378.256107237235,start,"Garcons, Copos",0.0,0.0,,,
Cliente_64,Servir,1385.4711468249495,complete,"Garcons, Copos",0.0,0.0,,,
Cliente_64,Decide1_Cliente,1385.4711468249495,complete,,,,Cliente,1385.4711468249495,
Cliente_64,Beber,1385.4711468249495,start,Copos,0.0,,,,
Cliente_64,Beber,1393.3437974501912,complete,Copos,0.0,,,,
Cliente_64,Decide2_Satisfeito,1393.3437974501912,complete,,,,Satisfeito,1393.3437974501912,
Cliente_64,Discharge,1393.3437974501912,complete,,,,,,681.2795420052184
Cliente_65,Arrival,733.6047540846187,complete,,0.0,,,,
Cliente_65,Servir,896.255710868385,start,"Garcons, Copos",0.0,0.0,,,
Cliente_65,Servir,901.7209032231759,complete,"Garcons, Copos",0.0,0.0,,,
Cliente_65,Decide1_Cliente,901.7209032231759,complete,,,,Cliente,901.7209032231759,
Cliente_65,Beber,901.7209032231759,start,Copos,0.0,,,,
Cliente_65,Beber,908.7887300009668,complete,Copos,0.0,,,,
Cliente_65,Decide2_Beber_mais,908.7887300009668,complete,,,,Beber_mais,908.7887300009668,
Cliente_65,Servir,1136.6820768286884,start,"Garcons, Copos",0.0,0.0,,,
Cliente_65,Servir,1144.5892350607157,complete,"Garcons, Copos",0.0,0.0,,,
Cliente_65,Decide1_Cliente,1144.5892350607157,complete,,,,Cliente,1144.5892350607157,
Cliente_65,Beber,1144.5892350607157,start,Copos,0.0,,,,
Cliente_65,Beber,1152.1595371492579,complete,Copos,0.0,,,,
Cliente_65,Decide2_Beber_mais,1152.1595371492579,complete,,,,Beber_mais,1152.1595371492579,
Cliente_65,Servir,1415.6777311065816,start,"Garcons, Copos",0.0,0.0,,,
Cliente_65,Servir,1421.5814178369612,complete,"Garcons, Copos",0.0,0.0,,,
Cliente_65,Decide1_Cliente,1421.5814178369612,complete,,,,Cliente,1421.5814178369612,
Cliente_65,Beber,1421.5814178369612,start,Copos,0.0,,,,
Cliente_65,Beber,1429.2189725068586,complete,Copos,0.0,,,,
Cliente_65,Decide2_Beber_mais,1429.2189725068586,complete,,,,Beber_mais,1429.2189725068586,
Cliente_66,Arrival,746.431533832172,complete,,0.0,,,,
Cliente_66,Servir,914.9925329489311,start,"Garcons, Copos",0.0,0.0,,,
Cliente_66,Servir,920.1684652445454,complete,"Garcons, Copos",0.0,0.0,,,
Cliente_66,Decide1_Cliente,920.1684652445454,complete,,,,Cliente,920.1684652445454,
Cliente_66,Beber,920.1684652445454,start,Copos,0.0,,,,
Cliente_66,Beber,925.6314342946058,complete,Copos,0.0,,,,
Cliente_66,Decide2_Satisfeito,925.6314342946058,complete,,,,Satisfeito,925.6314342946058,
Cliente_66,Discharge,925.6314342946058,complete,,,,,,179.1999004624338
Cliente_67,Arrival,749.4687123651182,complete,,0.0,,,,
Cliente_67,Servir,920.1684652445454,start,"Garcons, Copos",0.0,0.0,,,
Cliente_67,Servir,925.6961610172211,complete,"Garcons, Copos",0.0,0.0,,,
Cliente_67,Decide1_Cliente,925.6961610172211,complete,,,,Cliente,925.6961610172211,
Cliente_67,Beber,925.6961610172211,start,Copos,0.0,,,,
Cliente_67,Beber,932.153606893761,complete,Copos,0.0,,,,
Cliente_67,Decide2_Beber_mais,932.153606893761,complete,,,,Beber_mais,932.153606893761,
Cliente_67,Servir,1166.779789196499,start,"Garcons, Copos",0.0,0.0,,,
Cliente_67,Servir,1172.1215966041937,complete,"Garcons, Copos",0.0,0.0,,,
Cliente_67,Decide1_Cliente,1172.1215966041937,complete,,,,Cliente,1172.1215966041937,
Cliente_67,Beber,1172.1215966041937,start,Copos,0.0,,,,
Cliente_67,Beber,1178.5691832301593,complete,Copos,0.0,,,,
Cliente_67,Decide2_Beber_mais,1178.5691832301593,complete,,,,Beber_mais,1178.5691832301593,
Cliente_67,Servir,1434.0153572881316,start,"Garcons, Copos",0.0,0.0,,,
Cliente_68,Arrival,755.6624600161256,complete,,0.0,,,,
Cliente_68,Servir,925.6961610172211,start,"Garcons, Copos",0.0,0.0,,,
Cliente_68,Servir,931.6402544511905,complete,"Garcons, Copos",0.0,0.0,,,
Cliente_68,Decide1_Cliente,931.6402544511905,complete,,,,Cliente,931.6402544511905,
Cliente_68,Beber,931.6402544511905,start,Copos,0.0,,,,
Cliente_68,Beber,937.0402806762048,complete,Copos,0.0,,,,
Cliente_68,Decide2_Beber_mais,937.0402806762048,complete,,,,Beber_mais,937.0402806762048,
Cliente_68,Servir,1172.1215966041937,start,"Garcons, Copos",0.0,0.0,,,
Cliente_68,Servir,1178.3019359494635,complete,"Garcons, Copos",0.0,0.0,,,
Cliente_68,Decide1_Cliente,1178.3019359494635,complete,,,,Cliente,1178.3019359494635,
Cliente_68,Beber,1178.3019359494635,start,Copos,0.0,,,,
Cliente_68,Beber,1185.2259478829073,complete,Copos,0.0,,,,
Cliente_68,Decide2_Beber_mais,1185.2259478829073,complete,,,,Beber_mais,1185.2259478829073,
Cliente_69,Arrival,785.828506035439,complete,,0.0,,,,
Cliente_69,Servir,955.7947875925579,start,"Garcons, Copos",0.0,0.0,,,
Cliente_69,Servir,960.670334587785,complete,"Garcons, Copos",0.0,0.0,,,
Cliente_69,Decide1_Cliente,960.670334587785,complete,,,,Cliente,960.670334587785,
Cliente_69,Beber,960.670334587785,start,Copos,0.0,,,,
Cliente_69,Beber,966.7497987023073,complete,Copos,0.0,,,,
Cliente_69,Decide2_Satisfeito,966.7497987023073,complete,,,,Satisfeito,966.7497987023073,
Cliente_69,Discharge,966.7497987023073,complete,,,,,,180.92129266686834
Cliente_7,Arrival,71.87372319549323,complete,,0.0,,,,
Cliente_7,Servir,103.01437496158883,start,"Garcons, Copos",0.0,0.0,,,
Cliente_7,Servir,109.09942506947617,complete,"Garcons, Copos",0.0,0.0,,,
Cliente_7,Decide1_Cliente,109.09942506947617,complete,,,,Cliente,109.09942506947617,
Cliente_7,Beber,109.09942506947617,start,Copos,0.0,,,,
Cliente_7,Beber,114.5057630336998,complete,Copos,0.0,,,,
Cliente_7,Decide2_Beber_mais,114.5057630336998,complete,,,,Beber_mais,114.5057630336998,
Cliente_7,Servir,148.82691375794155,start,"Garcons, Copos",0.0,0.0,,,
Cliente_7,Servir,154.8387485945615,complete,"Garcons, Copos",0.0,0.0,,,
Cliente_7,Decide1_Cliente,154.8387485945615,complete,,,,Cliente,154.8387485945615,
Cliente_7,Beber,154.8387485945615,start,Copos,0.0,,,,
Cliente_7,Beber,162.161640931379,complete,Copos,0.0,,,,
Cliente_7,Decide2_Beber_mais,162.161640931379,complete,,,,Beber_mais,162.161640931379,
Cliente_7,Servir,203.58581393245552,start,"Garcons, Copos",0.0,0.0,,,
Cliente_7,Servir,210.36606916684823,complete,"Garcons, Copos",0.0,0.0,,,
Cliente_7,Decide1_Cliente,210.36606916684823,complete,,,,Cliente,210.36606916684823,
Cliente_7,Beber,210.36606916684823,start,Copos,0.0,,,,
Cliente_7,Beber,218.02163881156036,complete,Copos,0.0,,,,
Cliente_7,Decide2_Beber_mais,218.02163881156036,complete,,,,Beber_mais,218.02163881156036,
Cliente_7,Servir,278.69545782817596,start,"Garcons, Copos",0.0,0.0,,,
Cliente_7,Servir,282.57267584273376,complete,"Garcons, Copos",0.0,0.0,,,
Cliente_7,Decide1_Cliente,282.57267584273376,complete,,,,Cliente,282.57267584273376,
Cliente_7,Beber,282.57267584273376,start,Copos,0.0,,,,
Cliente_7,Beber,288.7374479915579,complete,Copos,0.0,,,,
Cliente_7,Decide2_Satisfeito,288.7374479915579,complete,,,,Satisfeito,288.7374479915579,
Cliente_7,Discharge,288.7374479915579,complete,,,,,,216.86372479606464
Cliente_70,Arrival,788.6019470903433,complete,,0.0,,,,
Cliente_70,Servir,960.670334587785,start,"Garcons, Copos",0.0,0.0,,,
Cliente_70,Servir,967.7281272317796,complete,"Garcons, Copos",0.0,0.0,,,
Cliente_70,Decide1_Cliente,967.7281272317796,complete,,,,Cliente,967.7281272317796,
Cliente_70,Beber,967.7281272317796,start,Copos,0.0,,,,
Cliente_70,Beber,973.6045964455858,complete,Copos,0.0,,,,
Cliente_70,Decide2_Beber_mais,973.6045964455858,complete,,,,Beber_mais,973.6045964455858,
Cliente_70,Servir,1229.0201428671235,start,"Garcons, Copos",0.0,0.0,,,
Cliente_70,Servir,1233.1333694750801,complete,"Garcons, Copos",0.0,0.0,,,
Cliente_70,Decide1_Cliente,1233.1333694750801,complete,,,,Cliente,1233.1333694750801,
Cliente_70,Beber,1233.1333694750801,start,Copos,0.0,,,,
Cliente_70,Beber,1240.5596888622779,complete,Copos,0.0,,,,
Cliente_70,Decide2_Beber_mais,1240.5596888622779,complete,,,,Beber_mais,1240.5596888622779,
Cliente_71,Arrival,790.6092017490985,complete,,0.0,,,,
Cliente_71,Servir,967.7281272317796,start,"Garcons, Copos",0.0,0.0,,,
Cliente_71,Servir,973.0593501491225,complete,"Garcons, Copos",0.0,0.0,,,
Cliente_71,Decide1_Cliente,973.0593501491225,complete,,,,Cliente,973.0593501491225,
Cliente_71,Beber,973.0593501491225,start,Copos,0.0,,,,
Cliente_71,Beber,980.4840996382169,complete,Copos,0.0,,,,
Cliente_71,Decide2_Beber_mais,980.4840996382169,complete,,,,Beber_mais,980.4840996382169,
Cliente_71,Servir,1233.1333694750801,start,"Garcons, Copos",0.0,0.0,,,
Cliente_71,Servir,1238.7072537310762,complete,"Garcons, Copos",0.0,0.0,,,
Cliente_71,Decide1_Cliente,1238.7072537310762,complete,,,,Cliente,1238.7072537310762,
Cliente_71,Beber,1238.7072537310762,start,Copos,0.0,,,,
Cliente_71,Beber,1244.0993478752157,complete,Copos,0.0,,,,
Cliente_71,Decide2_Beber_mais,1244.0993478752157,complete,,,,Beber_mais,1244.0993478752157,
Cliente_72,Arrival,791.5962284702917,complete,,0.0,,,,
Cliente_72,Servir,973.0593501491225,start,"Garcons, Copos",0.0,0.0,,,
Cliente_72,Servir,979.1287203626977,complete,"Garcons, Copos",0.0,0.0,,,
Cliente_72,Decide1_Cliente,979.1287203626977,complete,,,,Cliente,979.1287203626977,
Cliente_72,Beber,979.1287203626977,start,Copos,0.0,,,,
Cliente_72,Beber,984.647875962085,complete,Copos,0.0,,,,
Cliente_72,Decide2_Beber_mais,984.647875962085,complete,,,,Beber_mais,984.647875962085,
Cliente_72,Servir,1238.7072537310762,start,"Garcons, Copos",0.0,0.0,,,
Cliente_72,Servir,1243.2793007105272,complete,"Garcons, Copos",0.0,0.0,,,
Cliente_72,Decide1_Cliente,1243.2793007105272,complete,,,,Cliente,1243.2793007105272,
Cliente_72,Beber,1243.2793007105272,start,Copos,0.0,,,,
Cliente_72,Beber,1250.578252847917,complete,Copos,0.0,,,,
Cliente_72,Decide2_Satisfeito,1250.578252847917,complete,,,,Satisfeito,1250.578252847917,
Cliente_72,Discharge,1250.578252847917,complete,,,,,,458.9820243776252
Cliente_73,Arrival,814.9736233331707,complete,,0.0,,,,
Cliente_73,Servir,998.1740769943755,start,"Garcons, Copos",0.0,0.0,,,
Cliente_73,Servir,1002.9296943776154,complete,"Garcons, Copos",0.0,0.0,,,
Cliente_73,Decide1_Cliente,1002.9296943776154,complete,,,,Cliente,1002.9296943776154,
Cliente_73,Beber,1002.9296943776154,start,Copos,0.0,,,,
Cliente_73,Beber,1008.3053027519238,complete,Copos,0.0,,,,
Cliente_73,Decide2_Beber_mais,1008.3053027519238,complete,,,,Beber_mais,1008.3053027519238,
Cliente_73,Servir,1268.5011614459436,start,"Garcons, Copos",0.0,0.0,,,
Cliente_73,Servir,1273.1762824701966,complete,"Garcons, Copos",0.0,0.0,,,
Cliente_73,Decide1_Cliente,1273.1762824701966,complete,,,,Cliente,1273.1762824701966,
Cliente_73,Beber,1273.1762824701966,start,Copos,0.0,,,,
Cliente_73,Beber,1278.3280360679369,complete,Copos,0.0,,,,
Cliente_73,Decide2_Beber_mais,1278.3280360679369,complete,,,,Beber_mais,1278.3280360679369,
Cliente_74,Arrival,821.0257548842266,complete,,0.0,,,,
Cliente_74,Servir,1002.9296943776154,start,"Garcons, Copos",0.0,0.0,,,
Cliente_74,Servir,1008.5008778863163,complete,"Garcons, Copos",0.0,0.0,,,
Cliente_74,Decide1_Cliente,1008.5008778863163,complete,,,,Cliente,1008.5008778863163,
Cliente_74,Beber,1008.5008778863163,start,Copos,0.0,,,,
Cliente_74,Beber,1015.3073683214233,complete,Copos,0.0,,,,
Cliente_74,Decide2_Beber_mais,1015.3073683214233,complete,,,,Beber_mais,1015.3073683214233,
Cliente_74,Servir,1276.3233730573604,start,"Garcons, Copos",0.0,0.0,,,
Cliente_74,Servir,1282.6732721877986,complete,"Garcons, Copos",0.0,0.0,,,
Cliente_74,Decide1_Cliente,1282.6732721877986,complete,,,,Cliente,1282.6732721877986,
Cliente_74,Beber,1282.6732721877986,start,Copos,0.0,,,,
Cliente_74,Beber,1289.7867919721336,complete,Copos,0.0,,,,
Cliente_74,Decide2_Satisfeito,1289.7867919721336,complete,,,,Satisfeito,1289.7867919721336,
Cliente_74,Discharge,1289.7867919721336,complete,,,,,,468.7610370879071
Cliente_75,Arrival,822.9304647193338,complete,,0.0,,,,
Cliente_75,Servir,1008.5008778863163,start,"Garcons, Copos",0.0,0.0,,,
Cliente_75,Servir,1015.523405503064,complete,"Garcons, Copos",0.0,0.0,,,
Cliente_75,Decide1_Cliente,1015.523405503064,complete,,,,Cliente,1015.523405503064,
Cliente_75,Beber,1015.523405503064,start,Copos,0.0,,,,
Cliente_75,Beber,1022.9061851750456,complete,Copos,0.0,,,,
Cliente_75,Decide2_Beber_mais,1022.9061851750456,complete,,,,Beber_mais,1022.9061851750456,
Cliente_75,Servir,1286.701189480002,start,"Garcons, Copos",0.0,0.0,,,
Cliente_75,Servir,1293.3590155962959,complete,"Garcons, Copos",0.0,0.0,,,
Cliente_75,Decide1_Cliente,1293.3590155962959,complete,,,,Cliente,1293.3590155962959,
Cliente_75,Beber,1293.3590155962959,start,Copos,0.0,,,,
Cliente_75,Beber,1300.7308837031796,complete,Copos,0.0,,,,
Cliente_75,Decide2_Satisfeito,1300.7308837031796,complete,,,,Satisfeito,1300.7308837031796,
Cliente_75,Discharge,1300.7308837031796,complete,,,,,,477.8004189838458
Cliente_76,Arrival,831.714365432706,complete,,0.0,,,,
Cliente_76,Servir,1015.523405503064,start,"Garcons, Copos",0.0,0.0,,,
Cliente_76,Servir,1021.671410045333,complete,"Garcons, Copos",0.0,0.0,,,
Cliente_76,Decide1_Cliente,1021.671410045333,complete,,,,Cliente,1021.671410045333,
Cliente_76,Beber,1021.671410045333,start,Copos,0.0,,,,
Cliente_76,Beber,1028.5081677805888,complete,Copos,0.0,,,,
Cliente_76,Decide2_Satisfeito,1028.5081677805888,complete,,,,Satisfeito,1028.5081677805888,
Cliente_76,Discharge,1028.5081677805888,complete,,,,,,196.79380234788277
Cliente_77,Arrival,836.224718650769,complete,,0.0,,,,
Cliente_77,Servir,1026.8310539625063,start,"Garcons, Copos",0.0,0.0,,,
Cliente_77,Servir,1032.7335485189308,complete,"Garcons, Copos",0.0,0.0,,,
Cliente_77,Decide1_Cliente,1032.7335485189308,complete,,,,Cliente,1032.7335485189308,
Cliente_77,Beber,1032.7335485189308,start,Copos,0.0,,,,
Cliente_77,Beber,1039.1631939472586,complete,Copos,0.0,,,,
Cliente_77,Decide2_Satisfeito,1039.1631939472586,complete,,,,Satisfeito,1039.1631939472586,
Cliente_77,Discharge,1039.1631939472586,complete,,,,,,202.93847529648963
Cliente_78,Arrival,848.3567858610144,complete,,0.0,,,,
Cliente_78,Servir,1045.337520978247,start,"Garcons, Copos",0.0,0.0,,,
Cliente_78,Servir,1052.3257317167643,complete,"Garcons, Copos",0.0,0.0,,,
Cliente_78,Decide1_Cliente,1052.3257317167643,complete,,,,Cliente,1052.3257317167643,
Cliente_78,Beber,1052.3257317167643,start,Copos,0.0,,,,
Cliente_78,Beber,1059.5329596915224,complete,Copos,0.0,,,,
Cliente_78,Decide2_Satisfeito,1059.5329596915224,complete,,,,Satisfeito,1059.5329596915224,
Cliente_78,Discharge,1059.5329596915224,complete,,,,,,211.176173830508
Cliente_79,Arrival,856.1313410543914,complete,,0.0,,,,
Cliente_79,Servir,1057.9565020623945,start,"Garcons, Copos",0.0,0.0,,,
Cliente_79,Servir,1064.7247069778884,complete,"Garcons, Copos",0.0,0.0,,,
Cliente_79,Decide1_Cliente,1064.7247069778884,complete,,,,Cliente,1064.7247069778884,
Cliente_79,Beber,1064.7247069778884,start,Copos,0.0,,,,
Cliente_79,Beber,1072.2194157102172,complete,Copos,0.0,,,,
Cliente_79,Decide2_Beber_mais,1072.2194157102172,complete,,,,Beber_mais,1072.2194157102172,
Cliente_79,Servir,1330.506655820271,start,"Garcons, Copos",0.0,0.0,,,
Cliente_79,Servir,1336.4333904395348,complete,"Garcons, Copos",0.0,0.0,,,
Cliente_79,Decide1_Cliente,1336.4333904395348,complete,,,,Cliente,1336.4333904395348,
Cliente_79,Beber,1336.4333904395348,start,Copos,0.0,,,,
Cliente_79,Beber,1341.5937096161174,complete,Copos,0.0,,,,
Cliente_79,Decide2_Satisfeito,1341.5937096161174,complete,,,,Satisfeito,1341.5937096161174,
Cliente_79,Discharge,1341.5937096161174,complete,,,,,,485.46236856172595
Cliente_8,Arrival,79.58559698738726,complete,,0.0,,,,
Cliente_8,Servir,113.61292755224754,start,"Garcons, Copos",0.0,0.0,,,
Cliente_8,Servir,117.78436396330169,complete,"Garcons, Copos",0.0,0.0,,,
Cliente_8,Decide1_Cliente,117.78436396330169,complete,,,,Cliente,117.78436396330169,
Cliente_8,Beber,117.78436396330169,start,Copos,0.0,,,,
Cliente_8,Beber,125.16573037543152,complete,Copos,0.0,,,,
Cliente_8,Decide2_Beber_mais,125.16573037543152,complete,,,,Beber_mais,125.16573037543152,
Cliente_8,Servir,154.8387485945615,start,"Garcons, Copos",0.0,0.0,,,
Cliente_8,Servir,158.36729232874632,complete,"Garcons, Copos",0.0,0.0,,,
Cliente_8,Decide1_Cliente,158.36729232874632,complete,,,,Cliente,158.36729232874632,
Cliente_8,Beber,158.36729232874632,start,Copos,0.0,,,,
Cliente_8,Beber,164.1273781786221,complete,Copos,0.0,,,,
Cliente_8,Decide2_Satisfeito,164.1273781786221,complete,,,,Satisfeito,164.1273781786221,
Cliente_8,Discharge,164.1273781786221,complete,,,,,,84.54178119123485
Cliente_80,Arrival,864.3026792285523,complete,,0.0,,,,
Cliente_80,Servir,1064.7247069778884,start,"Garcons, Copos",0.0,0.0,,,
Cliente_80,Servir,1070.7040797804814,complete,"Garcons, Copos",0.0,0.0,,,
Cliente_80,Decide1_Cliente,1070.7040797804814,complete,,,,Cliente,1070.7040797804814,
Cliente_80,Beber,1070.7040797804814,start,Copos,0.0,,,,
Cliente_80,Beber,1076.5217864733543,complete,Copos,0.0,,,,
Cliente_80,Decide2_Satisfeito,1076.5217864733543,complete,,,,Satisfeito,1076.5217864733543,
Cliente_80,Discharge,1076.5217864733543,complete,,,,,,212.219107244802
Cliente_81,Arrival,866.5010983096464,complete,,0.0,,,,
Cliente_81,Servir,1073.6500901335191,start,"Garcons, Copos",0.0,0.0,,,
Cliente_81,Servir,1079.014568761989,complete,"Garcons, Copos",0.0,0.0,,,
Cliente_81,Decide1_Cliente,1079.014568761989,complete,,,,Cliente,1079.014568761989,
Cliente_81,Beber,1079.014568761989,start,Copos,0.0,,,,
Cliente_81,Beber,1084.9990452628163,complete,Copos,0.0,,,,
Cliente_81,Decide2_Beber_mais,1084.9990452628163,complete,,,,Beber_mais,1084.9990452628163,
Cliente_81,Servir,1342.973172928183,start,"Garcons, Copos",0.0,0.0,,,
Cliente_81,Servir,1347.7966981330187,complete,"Garcons, Copos",0.0,0.0,,,
Cliente_81,Decide1_Cliente,1347.7966981330187,complete,,,,Cliente,1347.7966981330187,
Cliente_81,Beber,1347.7966981330187,start,Copos,0.0,,,,
Cliente_81,Beber,1355.2175788599143,complete,Copos,0.0,,,,
Cliente_81,Decide2_Beber_mais,1355.2175788599143,complete,,,,Beber_mais,1355.2175788599143,
Cliente_82,Arrival,878.3417987145737,complete,,0.0,,,,
Cliente_82,Servir,1084.5902934435264,start,"Garcons, Copos",0.0,0.0,,,
Cliente_82,Servir,1091.3742897738546,complete,"Garcons, Copos",0.0,0.0,,,
Cliente_82,Decide1_Cliente,1091.3742897738546,complete,,,,Cliente,1091.3742897738546,
Cliente_82,Beber,1091.3742897738546,start,Copos,0.0,,,,
Cliente_82,Beber,1098.1251520310757,complete,Copos,0.0,,,,
Cliente_82,Decide2_Beber_mais,1098.1251520310757,complete,,,,Beber_mais,1098.1251520310757,
Cliente_82,Servir,1365.845400059607,start,"Garcons, Copos",0.0,0.0,,,
Cliente_82,Servir,1372.1163791378167,complete,"Garcons, Copos",0.0,0.0,,,
Cliente_82,Decide1_Cliente,1372.1163791378167,complete,,,,Cliente,1372.1163791378167,
Cliente_82,Beber,1372.1163791378167,start,Copos,0.0,,,,
Cliente_82,Beber,1377.3054996605326,complete,Copos,0.0,,,,
Cliente_82,Decide2_Beber_mais,1377.3054996605326,complete,,,,Beber_mais,1377.3054996605326,
Cliente_83,Arrival,898.2100613758853,complete,,0.0,,,,
Cliente_83,Servir,1116.3998384562274,start,"Garcons, Copos",0.0,0.0,,,
Cliente_83,Servir,1122.5037172797863,complete,"Garcons, Copos",0.0,0.0,,,
Cliente_83,Decide1_Cliente,1122.5037172797863,complete,,,,Cliente,1122.5037172797863,
Cliente_83,Beber,1122.5037172797863,start,Copos,0.0,,,,
Cliente_83,Beber,1128.2867893424507,complete,Copos,0.0,,,,
Cliente_83,Decide2_Beber_mais,1128.2867893424507,complete,,,,Beber_mais,1128.2867893424507,
Cliente_83,Servir,1385.4711468249495,start,"Garcons, Copos",0.0,0.0,,,
Cliente_83,Servir,1391.2179907156592,complete,"Garcons, Copos",0.0,0.0,,,
Cliente_83,Decide1_Cliente,1391.2179907156592,complete,,,,Cliente,1391.2179907156592,
Cliente_83,Beber,1391.2179907156592,start,Copos,0.0,,,,
Cliente_83,Beber,1396.7211804474073,complete,Copos,0.0,,,,
Cliente_83,Decide2_Satisfeito,1396.7211804474073,complete,,,,Satisfeito,1396.7211804474073,
Cliente_83,Discharge,1396.7211804474073,complete,,,,,,498.511119071522
Cliente_84,Arrival,905.4490790396965,complete,,0.0,,,,
Cliente_84,Servir,1130.774863886433,start,"Garcons, Copos",0.0,0.0,,,
Cliente_84,Servir,1136.6820768286884,complete,"Garcons, Copos",0.0,0.0,,,
Cliente_84,Decide1_Cliente,1136.6820768286884,complete,,,,Cliente,1136.6820768286884,
Cliente_84,Beber,1136.6820768286884,start,Copos,0.0,,,,
Cliente_84,Beber,1143.004384413303,complete,Copos,0.0,,,,
Cliente_84,Decide2_Beber_mais,1143.004384413303,complete,,,,Beber_mais,1143.004384413303,
Cliente_84,Servir,1397.688822203589,start,"Garcons, Copos",0.0,0.0,,,
Cliente_84,Servir,1403.1847595654665,complete,"Garcons, Copos",0.0,0.0,,,
Cliente_84,Decide1_Cliente,1403.1847595654665,complete,,,,Cliente,1403.1847595654665,
Cliente_84,Beber,1403.1847595654665,start,Copos,0.0,,,,
Cliente_84,Beber,1408.6326920864228,complete,Copos,0.0,,,,
Cliente_84,Decide2_Satisfeito,1408.6326920864228,complete,,,,Satisfeito,1408.6326920864228,
Cliente_84,Discharge,1408.6326920864228,complete,,,,,,503.18361304672635
Cliente_85,Arrival,920.5192707478841,complete,,0.0,,,,
Cliente_85,Servir,1150.2643082387372,start,"Garcons, Copos",0.0,0.0,,,
Cliente_85,Servir,1156.3210051301849,complete,"Garcons, Copos",0.0,0.0,,,
Cliente_85,Decide1_Cliente,1156.3210051301849,complete,,,,Cliente,1156.3210051301849,
Cliente_85,Beber,1156.3210051301849,start,Copos,0.0,,,,
Cliente_85,Beber,1163.8050895782685,complete,Copos,0.0,,,,
Cliente_85,Decide2_Satisfeito,1163.8050895782685,complete,,,,Satisfeito,1163.8050895782685,
Cliente_85,Discharge,1163.8050895782685,complete,,,,,,243.28581883038441
Cliente_86,Arrival,921.0559183474563,complete,,0.0,,,,
Cliente_86,Servir,1156.3210051301849,start,"Garcons, Copos",0.0,0.0,,,
Cliente_86,Servir,1161.4361863527415,complete,"Garcons, Copos",0.0,0.0,,,
Cliente_86,Decide1_Cliente,1161.4361863527415,complete,,,,Cliente,1161.4361863527415,
Cliente_86,Beber,1161.4361863527415,start,Copos,0.0,,,,
Cliente_86,Beber,1166.9906137185574,complete,Copos,0.0,,,,
Cliente_86,Decide2_Beber_mais,1166.9906137185574,complete,,,,Beber_mais,1166.9906137185574,
Cliente_86,Servir,1428.3499863915247,start,"Garcons, Copos",0.0,0.0,,,
Cliente_86,Servir,1434.0153572881316,complete,"Garcons, Copos",0.0,0.0,,,
Cliente_86,Decide1_Cliente,1434.0153572881316,complete,,,,Cliente,1434.0153572881316,
Cliente_86,Beber,1434.0153572881316,start,Copos,0.0,,,,
Cliente_87,Arrival,921.2366338872483,complete,,0.0,,,,
Cliente_87,Servir,1161.4361863527415,start,"Garcons, Copos",0.0,0.0,,,
Cliente_87,Servir,1166.779789196499,complete,"Garcons, Copos",0.0,0.0,,,
Cliente_87,Decide1_Cliente,1166.779789196499,complete,,,,Cliente,1166.779789196499,
Cliente_87,Beber,1166.779789196499,start,Copos,0.0,,,,
Cliente_87,Beber,1172.5176433743839,complete,Copos,0.0,,,,
Cliente_87,Decide2_Satisfeito,1172.5176433743839,complete,,,,Satisfeito,1172.5176433743839,
Cliente_87,Discharge,1172.5176433743839,complete,,,,,,251.28100948713552
Cliente_88,Arrival,942.6902203450942,complete,,0.0,,,,
Cliente_88,Servir,1178.3019359494635,start,"Garcons, Copos",0.0,0.0,,,
Cliente_88,Servir,1184.524525720692,complete,"Garcons, Copos",0.0,0.0,,,
Cliente_88,Decide1_Cliente,1184.524525720692,complete,,,,Cliente,1184.524525720692,
Cliente_88,Beber,1184.524525720692,start,Copos,0.0,,,,
Cliente_88,Beber,1190.2149510249394,complete,Copos,0.0,,,,
Cliente_88,Decide2_Satisfeito,1190.2149510249394,complete,,,,Satisfeito,1190.2149510249394,
Cliente_88,Discharge,1190.2149510249394,complete,,,,,,247.52473067984522
Cliente_89,Arrival,950.7739257650336,complete,,0.0,,,,
Cliente_89,Servir,1192.244403016303,start,"Garcons, Copos",0.0,0.0,,,
Cliente_89,Servir,1197.8582816292308,complete,"Garcons, Copos",0.0,0.0,,,
Cliente_89,Decide1_Cliente,1197.8582816292308,complete,,,,Cliente,1197.8582816292308,
Cliente_89,Beber,1197.8582816292308,start,Copos,0.0,,,,
Cliente_89,Beber,1204.7007638614198,complete,Copos,0.0,,,,
Cliente_89,Decide2_Beber_mais,1204.7007638614198,complete,,,,Beber_mais,1204.7007638614198,
Cliente_9,Arrival,95.79446123621034,complete,,0.0,,,,
Cliente_9,Servir,130.56825689105963,start,"Garcons, Copos",0.0,0.0,,,
Cliente_9,Servir,134.68774089991356,complete,"Garcons, Copos",0.0,0.0,,,
Cliente_9,Decide1_Cliente,134.68774089991356,complete,,,,Cliente,134.68774089991356,
Cliente_9,Beber,134.68774089991356,start,Copos,0.0,,,,
Cliente_9,Beber,142.45278943275488,complete,Copos,0.0,,,,
Cliente_9,Decide2_Beber_mais,142.45278943275488,complete,,,,Beber_mais,142.45278943275488,
Cliente_9,Servir,180.80525944380216,start,"Garcons, Copos",0.0,0.0,,,
Cliente_9,Servir,188.33354555061786,complete,"Garcons, Copos",0.0,0.0,,,
Cliente_9,Decide1_Cliente,188.33354555061786,complete,,,,Cliente,188.33354555061786,
Cliente_9,Beber,188.33354555061786,start,Copos,0.0,,,,
Cliente_9,Beber,195.97093914111798,complete,Copos,0.0,,,,
Cliente_9,Decide2_Beber_mais,195.97093914111798,complete,,,,Beber_mais,195.97093914111798,
Cliente_9,Servir,242.81749882953648,start,"Garcons, Copos",0.0,0.0,,,
Cliente_9,Servir,248.94719010656843,complete,"Garcons, Copos",0.0,0.0,,,
Cliente_9,Decide1_Cliente,248.94719010656843,complete,,,,Cliente,248.94719010656843,
Cliente_9,Beber,248.94719010656843,start,Copos,0.0,,,,
Cliente_9,Beber,255.08275733326786,complete,Copos,0.0,,,,
Cliente_9,Decide2_Satisfeito,255.08275733326786,complete,,,,Satisfeito,255.08275733326786,
Cliente_9,Discharge,255.08275733326786,complete,,,,,,159.28829609705753
Cliente_90,Arrival,959.3290695745625,complete,,0.0,,,,
Cliente_90,Servir,1203.8452854974587,start,"Garcons, Copos",0.0,0.0,,,
Cliente_90,Servir,1208.5037444228517,complete,"Garcons, Copos",0.0,0.0,,,
Cliente_90,Decide1_Cliente,1208.5037444228517,complete,,,,Cliente,1208.5037444228517,
Cliente_90,Beber,1208.5037444228517,start,Copos,0.0,,,,
Cliente_90,Beber,1215.1866572574634,complete,Copos,0.0,,,,
Cliente_90,Decide2_Beber_mais,1215.1866572574634,complete,,,,Beber_mais,1215.1866572574634,
Cliente_91,Arrival,959.8059626467534,complete,,0.0,,,,
Cliente_91,Servir,1208.5037444228517,start,"Garcons, Copos",0.0,0.0,,,
Cliente_91,Servir,1216.1795532921224,complete,"Garcons, Copos",0.0,0.0,,,
Cliente_91,Decide1_Cliente,1216.1795532921224,complete,,,,Cliente,1216.1795532921224,
Cliente_91,Beber,1216.1795532921224,start,Copos,0.0,,,,
Cliente_91,Beber,1223.589128069314,complete,Copos,0.0,,,,
Cliente_91,Decide2_Beber_mais,1223.589128069314,complete,,,,Beber_mais,1223.589128069314,
Cliente_92,Arrival,969.8858076911273,complete,,0.0,,,,
Cliente_92,Servir,1216.1795532921224,start,"Garcons, Copos",0.0,0.0,,,
Cliente_92,Servir,1222.890596302503,complete,"Garcons, Copos",0.0,0.0,,,
Cliente_92,Decide1_Cliente,1222.890596302503,complete,,,,Cliente,1222.890596302503,
Cliente_92,Beber,1222.890596302503,start,Copos,0.0,,,,
Cliente_92,Beber,1227.9321351758115,complete,Copos,0.0,,,,
Cliente_92,Decide2_Beber_mais,1227.9321351758115,complete,,,,Beber_mais,1227.9321351758115,
Cliente_93,Arrival,973.0596394110005,complete,,0.0,,,,
Cliente_93,Servir,1222.890596302503,start,"Garcons, Copos",0.0,0.0,,,
Cliente_93,Servir,1229.0201428671235,complete,"Garcons, Copos",0.0,0.0,,,
Cliente_93,Decide1_Cliente,1229.0201428671235,complete,,,,Cliente,1229.0201428671235,
Cliente_93,Beber,1229.0201428671235,start,Copos,0.0,,,,
Cliente_93,Beber,1235.221129943934,complete,Copos,0.0,,,,
Cliente_93,Decide2_Satisfeito,1235.221129943934,complete,,,,Satisfeito,1235.221129943934,
Cliente_93,Discharge,1235.221129943934,complete,,,,,,262.1614905329336
Cliente_94,Arrival,996.9380815166212,complete,,0.0,,,,
Cliente_94,Servir,1243.2793007105272,start,"Garcons, Copos",0.0,0.0,,,
Cliente_94,Servir,1250.5447687445705,complete,"Garcons, Copos",0.0,0.0,,,
Cliente_94,Decide1_Cliente,1250.5447687445705,complete,,,,Cliente,1250.5447687445705,
Cliente_94,Beber,1250.5447687445705,start,Copos,0.0,,,,
Cliente_94,Beber,1256.8324859852607,complete,Copos,0.0,,,,
Cliente_94,Decide2_Beber_mais,1256.8324859852607,complete,,,,Beber_mais,1256.8324859852607,
Cliente_95,Arrival,1000.6380573225856,complete,,0.0,,,,
Cliente_95,Servir,1256.4056848781959,start,"Garcons, Copos",0.0,0.0,,,
Cliente_95,Servir,1261.659167169954,complete,"Garcons, Copos",0.0,0.0,,,
Cliente_95,Decide1_Cliente,1261.659167169954,complete,,,,Cliente,1261.659167169954,
Cliente_95,Beber,1261.659167169954,start,Copos,0.0,,,,
Cliente_95,Beber,1267.2359179294256,complete,Copos,0.0,,,,
Cliente_95,Decide2_Beber_mais,1267.2359179294256,complete,,,,Beber_mais,1267.2359179294256,
Cliente_96,Arrival,1001.179748574505,complete,,0.0,,,,
Cliente_96,Servir,1261.659167169954,start,"Garcons, Copos",0.0,0.0,,,
Cliente_96,Servir,1268.5011614459436,complete,"Garcons, Copos",0.0,0.0,,,
Cliente_96,Decide1_Cliente,1268.5011614459436,complete,,,,Cliente,1268.5011614459436,
Cliente_96,Beber,1268.5011614459436,start,Copos,0.0,,,,
Cliente_96,Beber,1275.2540784747976,complete,Copos,0.0,,,,
Cliente_96,Decide2_Beber_mais,1275.2540784747976,complete,,,,Beber_mais,1275.2540784747976,
Cliente_97,Arrival,1012.4490717139647,complete,,0.0,,,,
Cliente_97,Servir,1273.1762824701966,start,"Garcons, Copos",0.0,0.0,,,
Cliente_97,Servir,1276.3233730573604,complete,"Garcons, Copos",0.0,0.0,,,
Cliente_97,Decide1_Cliente,1276.3233730573604,complete,,,,Cliente,1276.3233730573604,
Cliente_97,Beber,1276.3233730573604,start,Copos,0.0,,,,
Cliente_97,Beber,1283.594127032922,complete,Copos,0.0,,,,
Cliente_97,Decide2_Beber_mais,1283.594127032922,complete,,,,Beber_mais,1283.594127032922,
Cliente_98,Arrival,1021.930170490215,complete,,0.0,,,,
Cliente_98,Servir,1282.6732721877986,start,"Garcons, Copos",0.0,0.0,,,
Cliente_98,Servir,1286.701189480002,complete,"Garcons, Copos",0.0,0.0,,,
Cliente_98,Decide1_Cliente,1286.701189480002,complete,,,,Cliente,1286.701189480002,
Cliente_98,Beber,1286.701189480002,start,Copos,0.0,,,,
Cliente_98,Beber,1294.3619724333669,complete,Copos,0.0,,,,
Cliente_98,Decide2_Beber_mais,1294.3619724333669,complete,,,,Beber_mais,1294.3619724333669,
Cliente_99,Arrival,1030.2055105130075,complete,,0.0,,,,
Cliente_99,Servir,1293.3590155962959,start,"Garcons, Copos",0.0,0.0,,,
Cliente_99,Servir,1300.1614451177968,complete,"Garcons, Copos",0.0,0.0,,,
Cliente_99,Decide1_Cliente,1300.1614451177968,complete,,,,Cliente,1300.1614451177968,
Cliente_99,Beber,1300.1614451177968,start,Copos,0.0,,,,
Cliente_99,Beber,1305.2294347597376,complete,Copos,0.0,,,,
Cliente_99,Decide2_Beber_mais,1305.2294347597376,complete,,,,Beber_mais,1305.2294347597376,
Garcom_0,Arrival,0.0,complete,,0.0,,,,
Garcom_0,Servir,5.823678896428724,start,"Garcons, Copos",0.0,0.0,,,
Garcom_0,Servir,11.150967975972527,complete,"Garcons, Copos",0.0,0.0,,,
Garcom_0,Decide1_Garcom,11.150967975972527,complete,,,,Garcom,11.150967975972527,
Garcom_0,Lavar,17.84270572647131,start,"Garcons, Copos",0.0,1.0,,,
Garcom_0,Lavar,18.34270572647131,complete,"Garcons, Copos",0.0,1.0,,,
Garcom_0,DisposeDecision_Dispose_No,18.34270572647131,complete,,,,Dispose_No,18.34270572647131,
Garcom_0,Servir,29.37717819296352,start,"Garcons, Copos",0.0,0.0,,,
Garcom_0,Servir,34.40409308126611,complete,"Garcons, Copos",0.0,0.0,,,
Garcom_0,Decide1_Garcom,34.40409308126611,complete,,,,Garcom,34.40409308126611,
Garcom_0,Lavar,62.62300565589812,start,"Garcons, Copos",0.0,1.0,,,
Garcom_0,Lavar,63.12300565589812,complete,"Garcons, Copos",0.0,1.0,,,
Garcom_0,DisposeDecision_Dispose_No,63.12300565589812,complete,,,,Dispose_No,63.12300565589812,
Garcom_0,Servir,91.46710124207797,start,"Garcons, Copos",0.0,0.0,,,
Garcom_0,Servir,96.92578645744818,complete,"Garcons, Copos",0.0,0.0,,,
Garcom_0,Decide1_Garcom,96.92578645744818,complete,,,,Garcom,96.92578645744818,
Garcom_0,Lavar,134.68774089991356,start,"Garcons, Copos",0.0,1.0,,,
Garcom_0,Lavar,135.18774089991356,complete,"Garcons, Copos",0.0,1.0,,,
Garcom_0,DisposeDecision_Dispose_No,135.18774089991356,complete,,,,Dispose_No,135.18774089991356,
Garcom_0,Servir,169.65715170240597,start,"Garcons, Copos",0.0,0.0,,,
Garcom_0,Servir,174.4826825062645,complete,"Garcons, Copos",0.0,0.0,,,
Garcom_0,Decide1_Garcom,174.4826825062645,complete,,,,Garcom,174.4826825062645,
Garcom_0,Lavar,222.9595103497299,start,"Garcons, Copos",0.0,1.0,,,
Garcom_0,Lavar,223.4595103497299,complete,"Garcons, Copos",0.0,1.0,,,
Garcom_0,DisposeDecision_Dispose_No,223.4595103497299,complete,,,,Dispose_No,223.4595103497299,
Garcom_0,Servir,282.57267584273376,start,"Garcons, Copos",0.0,0.0,,,
Garcom_0,Servir,288.1276215267261,complete,"Garcons, Copos",0.0,0.0,,,
Garcom_0,Decide1_Garcom,288.1276215267261,complete,,,,Garcom,288.1276215267261,
Garcom_0,Lavar,351.8579150684767,start,"Garcons, Copos",0.0,1.0,,,
Garcom_0,Lavar,352.3579150684767,complete,"Garcons, Copos",0.0,1.0,,,
Garcom_0,DisposeDecision_Dispose_No,352.3579150684767,complete,,,,Dispose_No,352.3579150684767,
Garcom_0,Servir,380.8013860576722,start,"Garcons, Copos",0.0,0.0,,,
Garcom_0,Servir,386.72506494145244,complete,"Garcons, Copos",0.0,0.0,,,
Garcom_0,Decide1_Garcom,386.72506494145244,complete,,,,Garcom,386.72506494145244,
Garcom_0,Lavar,436.58211187109987,start,"Garcons, Copos",0.0,1.0,,,
Garcom_0,Lavar,437.08211187109987,complete,"Garcons, Copos",0.0,1.0,,,
Garcom_0,DisposeDecision_Dispose_No,437.08211187109987,complete,,,,Dispose_No,437.08211187109987,
Garcom_0,Servir,514.2275633178909,start,"Garcons, Copos",0.0,0.0,,,
Garcom_0,Servir,519.4993894720694,complete,"Garcons, Copos",0.0,0.0,,,
Garcom_0,Decide1_Garcom,519.4993894720694,complete,,,,Garcom,519.4993894720694,
Garcom_0,Lavar,602.7406467865624,start,"Garcons, Copos",0.0,1.0,,,
Garcom_0,Lavar,603.2406467865624,complete,"Garcons, Copos",0.0,1.0,,,
Garcom_0,DisposeDecision_Dispose_No,603.2406467865624,complete,,,,Dispose_No,603.2406467865624,
Garcom_0,Servir,711.6875357264194,start,"Garcons, Copos",0.0,0.0,,,
Garcom_0,Servir,716.5127438057174,complete,"Garcons, Copos",0.0,0.0,,,
Garcom_0,Decide1_Garcom,716.5127438057174,complete,,,,Garcom,716.5127438057174,
Garcom_0,Lavar,889.9978650242267,start,"Garcons, Copos",0.0,1.0,,,
Garcom_0,Lavar,890.4978650242267,complete,"Garcons, Copos",0.0,1.0,,,
Garcom_0,DisposeDecision_Dispose_No,890.4978650242267,complete,,,,Dispose_No,890.4978650242267,
Garcom_0,Servir,1099.4510124962526,start,"Garcons, Copos",0.0,0.0,,,
Garcom_0,Servir,1103.4416544634607,complete,"Garcons, Copos",0.0,0.0,,,
Garcom_0,Decide1_Garcom,1103.4416544634607,complete,,,,Garcom,1103.4416544634607,
Garcom_0,Lavar,1372.1163791378167,start,"Garcons, Copos",0.0,1.0,,,
Garcom_0,Lavar,1372.6163791378167,complete,"Garcons, Copos",0.0,1.0,,,
Garcom_0,DisposeDecision_Dispose_No,1372.6163791378167,complete,,,,Dispose_No,1372.6163791378167,
